Aspect of Care	Recommendation	Sources	AUA2020	DGU2020	EAU-ASCO2025	ESMO2024	NCCN2025
**Diagnosis & Staging**	**Definitive diagnosis must be achieved through tissue sampling/excision.** A pre-treatment biopsy of the primary lesion is required, especially when malignancy is not clinically obvious or when non-surgical treatment (e.g., topical agents, laser, radiotherapy) is planned.	AUA2020; DGU2020; EAU-ASCO2025	"**R (Recommended)**

**Justification:**
The guideline directly supports the recommendation for definitive diagnosis via tissue sampling. Under the ""DIAGNOSIS"" section, the guideline explicitly states, ""Definitive diagnosis is achieved through tissue sampling/excision..."" Furthermore, it reinforces the importance of this step before non-surgical treatment, noting in its conclusion that an ""Accurate pathological diagnosis is necessary before initiating therapy"" with topical agents, laser, or surgery."	"**Stance:** R (Recommended)

**Justification:** The guideline aligns with the treatment recommendation by stating that a histological diagnosis is essential (""unabdinglich"") and that a simple visual diagnosis is insufficient (p. 38). Recommendation 6.1 states that for unclear penile lesions, an early histological diagnosis should be obtained (p. 37). Furthermore, section 4.4.5 emphasizes that a biopsy with a sufficient amount of tissue is required for a reliable diagnosis before initiating definitive therapy (p. 32)."	"**R (Recommended)**

**Justification:**
The guideline strongly supports the treatment recommendation. Section 5.3 explicitly states with a ""Strong"" rating to ""Obtain a pre-treatment biopsy of the primary lesion when malignancy is not clinically obvious, or when non-surgical treatment of the primary lesion is planned (e.g., topical agents, laser, radiotherapy)."" This directly aligns with the recommendation's requirement for a pre-treatment biopsy under the same conditions. Furthermore, Section 5.1.3 reinforces this by stating histological confirmation is necessary to guide management when non-surgical treatments are planned."	"R (Recommended)
The guideline supports the recommendation for tissue biopsy to confirm a diagnosis. In the ""Diagnosis"" section, it explicitly states, ""Incisional or excisional biopsies of suspected penile cancer should be carried out to confirm a histological diagnosis"" (p. 1). This statement directly aligns with the recommendation that a definitive diagnosis must be achieved through tissue sampling or excision prior to treatment."	"**R (Recommended)**

**Justification:**
The NCCN guideline aligns with the recommendation by emphasizing the necessity of a histologic diagnosis. On page PN-1, under ""PRIMARY EVALUATION"" for a suspicious penile lesion, the guideline explicitly lists ""Histologic diagnosis"" to be achieved via ""Punch, excisional, or incisional biopsy."" The discussion section (page MS-5) further reinforces this, stating that a histologic diagnosis via biopsy is ""paramount in determining the treatment algorithm,"" which directly supports the recommendation's stance on mandatory pre-treatment tissue sampling."
**Diagnosis & Staging**	**A thorough physical examination of the primary lesion is required** to assess and record its size, location, morphology, and involvement of adjacent structures like the corporal body or urethra.	AUA2020; ESMO2024	"**R (Recommended)**

**Justification:**
The AUA guideline explicitly supports the recommendation. In the ""DIAGNOSIS"" section, it states, ""Diagnosis begins with a thorough physical examination. The lesion is assessed for size, location and involvement of the corporal body or urethra."" This statement directly aligns with the recommendation's call for a thorough physical examination to assess the lesion's characteristics and involvement of adjacent structures."	"R (Recommended)
The guideline aligns with the treatment recommendation. Specifically, in consensus-based recommendation 6.2 on page 37, the guideline states that the ""Location, size, growth pattern and mobility of the primary tumor should be examined and documented."" This directly corresponds to the recommendation's call to assess and record the lesion's size, location, morphology, and involvement of adjacent structures."	"**R (Recommended)**

**Justification:**
The EAU-ASCO guideline strongly supports the recommendation for a thorough physical examination of the primary lesion. Section 5.1.1 on page 15 explicitly states that ""Physical examination should include inspection and palpation of the entire penis... The dimensions, anatomic location, and extent of local invasion should be noted."" This is further reinforced in the summary recommendations on page 18, which gives a ""Strong"" rating to performing a ""detailed physical examination... recording morphology, size and location of the penile lesion, including extent and invasion of penile (adjacent) structures."""	"R (Recommended)
The guideline strongly supports the treatment recommendation. Under the section ""Assessment of the primary tumour,"" it explicitly states, ""Clinical assessment of the primary tumour should record the size, morphology and relationship to adjacent structures..."" This statement is repeated verbatim in the ""Recommendations"" section, directly aligning with the proposed physical examination to assess and record the lesion's characteristics."	"**Stance:** R (Recommended)

**Justification:** The guideline aligns with the recommendation by emphasizing the importance of a physical examination as part of the initial workup. On page PN-1, under ""PRIMARY EVALUATION,"" the guideline specifies assessing ""Lesion characteristics,"" including ""Diameter, location, number of lesions, morphology... relationship to other structures (submucosal, corpora spongiosa, cavernosa, and/or urethra)."" This is further reinforced in the discussion on page MS-4, which states that a ""good physical examination of the penile lesion(s)"" is ""vital to the initial management"" and lists the same characteristics to be evaluated."
**Diagnosis & Staging**	**A physical examination of both groins must be performed to palpate for lymphadenopathy.** The number, laterality, and characteristics (e.g., mobile, fixed) of any palpable or suspicious inguinal nodes should be recorded.	AUA2020; EAU-ASCO2025	"**R (Recommended)**

**Justification:**
The guideline directly supports the recommendation as a fundamental part of the diagnostic process. In the ""DIAGNOSIS"" section, the guideline explicitly states that ""Inguinal lymph nodes must be palpated for lymphadenopathy."" This aligns perfectly with the recommendation to perform a physical examination of the groins to palpate for and characterize any suspicious nodes."	"R (Recommended)
The guideline aligns with the treatment recommendation. Guideline recommendation 6.4 states that the inguinal lymph node status must be determined and documented through clinical examination. The background information further clarifies that this examination must include a thorough palpation of the groins. It also specifies that for any palpable lymph node swellings, the number, size, and mobility must be recorded for each side, which directly corresponds to the recommendation's call to record the number, laterality, and characteristics of palpable nodes."	"**R (Recommended)**

**Justification:**
The guideline strongly supports the treatment recommendation. Section 5.2.1, ""Physical examination,"" explicitly states, ""Careful palpation of both groins for enlarged/pathologic inguinal LNs must be part of the initial physical examination..."" It further advises that ""...the number, location, size and whether the node is fixed or mobile, should be noted."" This is reiterated in the summary of recommendations on page 18, which gives a ""Strong"" rating to performing a physical examination of both groins and recording the number, laterality, and characteristics of any palpable nodes."	"**Stance:** R (Recommended)

**Justification:** The guideline's entire algorithm for managing inguinal lymph nodes (LNs) is predicated on a clinical assessment to determine if the LNs are palpable. The guideline states that management ""depends on the clinical stage, which is still classified according to whether they are palpable or not"" and subsequently outlines different pathways for impalpable (cN0) versus palpable (cN1-2, cN3) nodes. This aligns directly with the recommendation to perform a physical examination of the groins to palpate for lymphadenopathy and record its characteristics."	"**R (Recommended)**

**Justification:**
The NCCN guideline strongly supports the recommendation. The ""Management of Regional Lymph Nodes"" discussion (MS-9) explicitly states that evaluation of the groin is an ""essential component of the metastatic workup."" It further details that the clinical examination should assess for the exact characteristics mentioned in the recommendation, including ""palpability, number of inguinal masses, unilateral or bilateral localization, dimensions, [and] mobility or fixation of nodes."" This direct alignment confirms that a thorough physical examination of the inguinal nodes is a standard and recommended practice."
**Diagnosis & Staging**	**Perform magnetic resonance imaging (MRI) or penile ultrasound (US) of the primary tumor** when there is uncertainty regarding corporal invasion (T3) and/or the feasibility of organ-sparing surgery.	AUA2020; EAU-ASCO2025; ESMO2024	"**R (Recommended)**

**Justification:**
The guideline supports this recommendation. In the ""DIAGNOSIS"" section, the document states that imaging is often required to determine the extent of tumor invasion. It specifically mentions that Doppler ultrasound is recommended ""to determine whether organ sparing techniques can be performed in potential candidates."" Furthermore, it adds that ""Magnetic resonance imaging...is also used for local staging in cases of organ preserving surgery,"" directly aligning with the recommendation to use these imaging modalities for assessing corporal invasion and the feasibility of organ-sparing approaches."	"R (Recommended)
The guideline supports using imaging to assess tumor infiltration. Section 6.1 (p. 38) states that ultrasound (""Sonographie"") can be useful for evaluating the depth of infiltration. It also identifies MRI (""Magnetresonanztherapie"") as an alternative for this purpose, although it notes that this procedure is often painful and therefore not generally recommended. Furthermore, Recommendation 6.3 (p. 37) aligns by suggesting the use of cross-sectional imaging for T3/T4 tumors, which is consistent with evaluating for corporal invasion."	"R (Recommended)
The guideline directly supports this recommendation. Section 5.3 includes a specific recommendation to ""Perform magnetic resonance imaging (MRI) of the penis/primary tumour... when there is uncertainty regarding corporal invasion and/or the feasibility of (organ-sparing) surgery. If MRI is not available, offer ultrasound (US) as alternative option."" This aligns perfectly with the proposed treatment. The rationale is further detailed in Section 5.1.2, which states that while physical examination is reliable, MRI is helpful for assessing corporal invasion (cT3) and planning organ-sparing surgery."	"R (Recommended)
The guideline supports this recommendation. In the section ""Assessment of the primary tumour,"" it states that when assessing for invasion into the corpus cavernosum, ""Where there is uncertainty, magnetic resonance imaging (MRI) or penile ultrasound (US) combined with an intracavernosal injection of prostaglandin E1... can be helpful to stage the primary lesion."" This is reiterated in the summary recommendations and in the diagnostic algorithm in Figure 1."	"**R (Recommended)**

The NCCN guideline supports the use of magnetic resonance imaging (MRI) or ultrasound for assessing the primary penile tumor. The ""Management of Primary Lesions"" discussion section explicitly states, ""MRI or ultrasound can be used to evaluate the depth of tumor invasion"" (MS-4). This statement directly aligns with the recommendation's purpose of using these imaging modalities to determine the extent of corporal invasion and inform decisions about organ-sparing surgery."
**Diagnosis & Staging**	**Computerized tomography (CT) of the chest, abdomen, and pelvis is performed to evaluate for distant metastatic spread.** For high-risk or node-positive disease, ¹⁸F-FDG-PET/CT can also be used.	AUA2020; EAU-ASCO2025; ESMO2024	"**R (Recommended)**

**Justification:** The guideline supports the recommendation. Under the ""DIAGNOSIS"" section, the guideline states, ""Computerized tomography of the chest, abdomen and pelvis is typically performed to evaluate the spread of cancer to the lymph nodes and more distant locations."" This aligns directly with the recommendation to use CT scans to evaluate for distant metastatic spread."	"R (Recommended)
The guideline recommends using cross-sectional imaging (`Schnittbildverfahren`), which includes CT, to diagnose distant metastases (Section 6.3). It specifies that these methods should only be used for patients with advanced T3/T4 tumors or a positive lymph node status (Recommendation 6.3). This aligns with the treatment recommendation to perform CT of the chest, abdomen, and pelvis and to use ¹⁸F-FDG-PET/CT for high-risk or node-positive disease."	"R (Recommended)
The guideline aligns with the treatment recommendation. In the recommendations table for clinically node-positive (cN+) patients on page 18, it strongly recommends to ""stage the pelvis and exclude distant metastases with ¹⁸F-fluoro-2-deoxy-D-glucose positron emission tomography (¹⁸FDG-PET) computed tomography (CT) or CT of the chest and abdomen before initiating treatment."" This directly supports performing CT or PET/CT to evaluate for distant metastases in node-positive patients, as stated in the recommendation. Section 5.2.3 further elaborates that while such imaging is not for cN0 patients, it is valuable in cN+ patients to exclude distant metastases."	"R (Recommended)
The guideline aligns with the treatment recommendation. Under the section ""Assessment of distant metastases,"" the guideline states that for routine staging and follow-up, ""CT of the chest, abdomen and pelvis is sufficient."" It further specifies that ""MRI or CT fusion PET...can be used in high-risk cases,"" which is consistent with the recommendation's suggestion to use ¹⁸F-FDG-PET/CT for high-risk disease."	"R (Recommended)
The guideline aligns with the recommendation by advising cross-sectional imaging of the chest, abdomen, and pelvis for the initial workup and staging of penile cancer, listing CT as a primary modality (PN-E). Furthermore, it specifically recommends considering FDG-PET/CT for staging in patients with suspected inguinal lymph node-positive disease (PN-E). The discussion section also confirms that PET/CT is best used as a diagnostic modality in patients with clinically node-positive (cN+) penile cancer (MS-9)."
**Diagnosis & Staging**	Cross-sectional imaging (CT, PET/CT) for primary staging should generally be reserved for T3/T4 tumors or in cases of positive lymph node status.	DGU2020	"NA (Not Addressed)

The guideline mentions that computerized tomography is ""typically performed to evaluate the spread of cancer to the lymph nodes and more distant locations."" However, it does not specify the clinical scenarios or tumor stages for which this imaging is indicated. The recommendation provides specific criteria (T3/T4 tumors or positive lymph nodes), which are not discussed in the guideline text."	"R (Recommended)
The guideline aligns with the treatment recommendation. Specifically, consensus-based recommendation 6.3 on page 37 states that for primary staging of penile cancer, cross-sectional imaging and hybrid imaging methods should only be used for T3/T4 tumors or in cases of a positive lymph node status (""nur bei T3/T4 Tumoren oder positivem Lymphknotenstatus eingesetzt werden""). This directly mirrors the proposed recommendation to reserve CT and PET/CT for these specific clinical scenarios."	"**Stance:** R (Recommended)

**Justification:** The EAU-ASCO guideline aligns with the recommendation to reserve cross-sectional imaging for advanced disease. For clinically node-negative (cN0) patients, the guideline states that imaging modalities like CT and PET/CT are of ""limited value and are not recommended for routine use"" (p. 16). In contrast, for clinically node-positive (cN+) patients, it is strongly recommended to ""stage the pelvis and exclude distant metastases with... PET computed tomography (CT) or CT of the chest and abdomen"" (p. 18)."	"DR (Different Recommendation)

The guideline advises that CT of the chest, abdomen, and pelvis is recommended ""in all cases for the assessment of distant metastases [III, A]."" This contrasts with the treatment recommendation, which suggests that such imaging should be reserved for higher-risk patients (T3/T4 tumors or positive lymph node status). Although the guideline does note that MRI or CT fusion PET can be used for high-risk disease, its recommendation for routine CT staging is broader and applies to all patients, not just a select high-risk group."	"**Stance:** DR (Different Recommendation)

**Justification:** The NCCN guideline recommends cross-sectional imaging for a broader range of primary tumors than the recommendation suggests. Specifically, the guideline indicates imaging for patients with intermediate/high-risk lesions, defined as T1b and any T2 or greater tumors (PN-3), whereas the recommendation reserves it for T3/T4 tumors. However, both the guideline and the recommendation align on the use of imaging, including considering PET/CT, for patients with palpable or suspected positive lymph nodes (PN-4, PN-E)."
**Diagnosis & Staging**	For superficial, non-invasive penile carcinomas (Carcinoma in situ), a fluorescence-diagnostic technique can be used to better determine the extent of the lesion.	DGU2020	"DR (Different Recommendation)

The guideline mentions ""fluorescence guidance"" as a technique that ""some have argued for"" to improve laser surgery outcomes but immediately qualifies this by stating, ""more data are required to clearly elucidate the role."" The primary section on diagnosis recommends established methods such as physical examination, Doppler ultrasound, MRI, and CT scans. By presenting fluorescence guidance as an investigational approach lacking sufficient data while detailing other standard diagnostic modalities, the guideline effectively recommends a different, more established approach."	"R (Recommended)
The guideline directly supports the recommendation. Recommendation 7.5 on page 46 explicitly states that for superficial, non-invasive penile carcinomas, a fluorescence-diagnostic technique can be used to better determine the extent of the carcinoma in situ. The background information further details this, mentioning photodynamic diagnostics (PDD) with 5-aminolevulinic acid as an example of such a technique. The guideline assigns an open recommendation grade (""kann"" / ""can""), confirming it is an acceptable option."	"NA (Not Addressed)

**Justification:**
The EAU-ASCO guideline provides recommendations for the treatment of superficial non-invasive disease (PeIN, Ta), including topical therapies, laser ablation, photodynamic therapy, and surgery (Section 6.1.1). For diagnostic evaluation of the primary lesion, it discusses physical examination, MRI, and ultrasound (Section 5.1). However, the guideline does not mention or address the use of a fluorescence-diagnostic technique to better determine the extent of these superficial lesions."	"NA (Not Addressed)

The guideline provides a detailed algorithm for the diagnostic work-up of penile cancer, including clinical assessment, MRI, and ultrasound for staging the primary tumor. For premalignant disease (PeIN or Carcinoma in situ), it discusses management options like circumcision and topical treatments. However, the guideline does not mention or address the use of a fluorescence-diagnostic technique to determine the extent of these lesions."	"**Stance:** NA (Not Addressed)

**Justification:** The NCCN guideline does not mention the use of fluorescence-diagnostic techniques to determine the extent of superficial, non-invasive penile carcinomas (PeIN or CIS). The guideline's recommended methods for initial evaluation include a history and physical exam, lesion characterization, and histologic diagnosis via biopsy (PN-1). For the specific purpose of delineating lesions before laser therapy, the guideline mentions the perioperative application of 3%-5% acetic acid to identify acetowhite areas (PN-A), but this is a different technique. Since the specific modality of fluorescence diagnostics is not discussed, the recommendation is not addressed."
**Diagnosis & Staging**	**For clinically node-negative (cN0) low-risk tumors (PeIN, pTa, pT1a G1), surveillance of the inguinal lymph nodes is recommended** instead of operative staging.	DGU2020; ESMO2024; NCCN2025	"R (Recommended)
The guideline supports the recommendation. It explicitly states that patients with moderately or poorly differentiated tumors (grades 2 and 3) require inguinal node dissection. This implies that low-risk tumors, such as the Grade 1 tumors specified in the recommendation, do not require routine operative staging. This selective approach aligns with the recommendation for surveillance of the inguinal lymph nodes in clinically node-negative, low-risk cases."	"**R (Recommended)**

**Justification:**
The guideline explicitly supports the recommendation for surveillance in low-risk, clinically node-negative patients. Recommendation 7.29 on page 62 states with a strong recommendation grade (A) that clinical surveillance (""Eine klinische Überwachung"") should be performed only for patients with tumor stages pTa and pT1aG1. Additionally, Recommendation 6.6 on page 40 states that operative staging can be omitted in favor of regular clinical follow-up for patients up to category pT1a. This directly matches the proposed treatment recommendation."	"R (Recommended)
The guideline supports the recommendation. On page 17, section 5.2.2.2, it defines low-risk tumors as ""Well-differentiated (G1), pTa, pTis and pT1 tumours without lymphovascular/perineural invasion (pT1a)."" For these patients, the guideline states that ""the risk of metastases is too low to justify surgical staging."" This directly aligns with the recommendation to avoid operative staging and instead perform surveillance for clinically node-negative, low-risk tumors."	"R (Recommended)
The guideline fully supports the treatment recommendation. In the section ""Management of cN0 disease,"" it explicitly states that ""patients with cN0 low-risk disease should be managed with clinical surveillance."" It further reinforces this in the final ""Recommendations"" section, specifying that ""Clinical surveillance of the inguinal nodes is recommended in patients presenting with cN0 tumours with low-risk features (pTa/pTis and pT1G1)."""	"R (Recommended)
The guideline supports the recommendation. The ""Management of Non-Palpable Inguinal Lymph Nodes"" algorithm (PN-3) stratifies patients by risk based on the primary lesion. For the ""Low risk (PeIN, Ta, T1a)"" group, the guideline explicitly recommends ""Surveillance"". The discussion section (MS-15) further clarifies that patients with low-risk disease are followed with a surveillance protocol and that observation alone is sufficient."
**Diagnosis & Staging**	For clinically node-negative (cN0) intermediate-risk tumors (T1a G2), surveillance may be discussed as an alternative to surgical staging with patients who are willing to comply with strict follow-up.	EAU-ASCO2025	"**Stance:** DR (Different Recommendation)

**Justification:**
The treatment recommendation suggests that for intermediate-risk tumors (T1a G2), surveillance may be an alternative to surgical staging of the lymph nodes. However, the AUA guideline document explicitly states a different course of action for this patient group. On page 76, under the ""SURGERY"" section, the guideline specifies that ""close follow-up is critical for patients with moderately or poorly differentiated tumors (grades 2 and 3), as these will require inguinal node dissection."" This indicates a requirement for surgical intervention, directly contradicting the option of surveillance for Grade 2 tumors proposed in the recommendation."	"DR (Different Recommendation)

The guideline explicitly recommends a different management strategy. Guideline recommendation 7.29 states that clinical surveillance for clinically node-negative (cN0) patients should *only* be performed for tumor stages pTa and pT1aG1. The background information on page 63 further clarifies that surveillance for patients with a tumor stage of ≥ pT1G2 (which includes the T1a G2 mentioned in the treatment recommendation) ""soll nicht durchgeführt werden"" (should not be performed). This directly contradicts the proposal to consider surveillance for T1a G2 tumors."	"**R (Recommended)**

**Justification:**
The guideline directly supports the treatment recommendation. In the recommendations table on page 18, under the ""Clinically node-negative (cN0)"" section, it explicitly states: ""In case of T1a G2 disease, also discuss surveillance as an alternative to surgical staging with patients willing to comply with strict follow-up."" The guideline text on page 17 further contextualizes this by identifying pT1a G2 tumors as ""intermediate-risk"" and advising that the decision for surgical staging should balance the risk of metastasis against surgical morbidity on a case-by-case basis."	"DR (Different Recommendation)

The guideline explicitly recommends active treatment for patients with cN0 intermediate-risk disease, stating it is the recommended approach. Specifically, for patients with intermediate-risk disease (defined as pT1G2), the guideline recommends dynamic sentinel lymph node biopsy (DSLNB). In contrast, the treatment recommendation suggests that surveillance may be discussed as an alternative for this same patient group, which differs from the guideline's clear preference for active management."	"**Stance:** R (Recommended)

**Justification:** The NCCN guideline stratifies clinically node-negative patients based on the primary lesion (PN-3). It categorizes T1a tumors as ""low risk"" and explicitly recommends ""Surveillance"" as the appropriate management for this group. Although the treatment recommendation uses the term ""intermediate-risk"" for T1a G2 tumors, the patient population and the recommended approach of surveillance are fully consistent with the NCCN guidelines."
**Diagnosis & Staging**	**For clinically node-negative (cN0) intermediate/high-risk tumors (≥pT1b, or high grade), invasive surgical lymph node staging is recommended.**	DGU2020; EAU-ASCO2025; ESMO2024; NCCN2025	"**R (Recommended)**

The AUA Update Series guideline aligns with the recommendation for invasive surgical lymph node staging in patients with high-risk penile cancer. The guideline specifically states on page 76 that for patients with ""moderately or poorly differentiated tumors (grades 2 and 3),"" which are considered high-risk, they ""will require inguinal node dissection."" This directly supports the recommendation to perform invasive surgical staging for high-grade tumors, even when they are clinically node-negative (cN0)."	"**Stance:** R (Recommended)

**Justification:** The guideline aligns with the treatment recommendation by stating that for clinically node-negative patients with tumors from category pT1b onwards, inguinal lymph nodes ""should be investigated invasively"" (""sollen ... invasiv untersucht werden"") (Recommendation 6.5, page 40). This is a strong recommendation (Grade A) for the same intermediate/high-risk group (≥pT1b) identified in the treatment proposal. The guideline further specifies that invasive staging is recommended for high-grade tumors and stages T1b and higher due to the increased risk of micrometastases, thus fully supporting the proposed approach."	"**Stance:** R (Recommended)

**Justification:**
The guideline strongly supports the recommendation for invasive surgical lymph node staging in patients with clinically node-negative (cN0) high-risk penile cancer. Section 5.2.2.2 explicitly states, ""surgical staging is recommended in all high-risk tumours (T1 with presence of lympho-vascular invasion, peri-neural invasion or poorly differentiated, and T2–T4 with any grade)."" This is further reinforced in the summary recommendations (Section 5.3), which advise to ""offer surgical LN staging to all patients at high risk of having micro-metastatic disease (T1b or higher)."" The guideline's definition of high-risk tumors (T1b or higher) directly aligns with the criteria presented in the treatment recommendation."	"R (Recommended)
The guideline aligns with the recommendation by stratifying clinically node-negative (cN0) patients into low-, intermediate-, and high-risk groups. It states that while low-risk cN0 patients should be managed with surveillance, ""active treatment is recommended for patients with intermediate- and high-risk disease."" The guideline specifically recommends invasive surgical staging via dynamic sentinel lymph node biopsy (DSLNB) for these intermediate- and high-risk cN0 patients."	"R (Recommended)
The guideline supports the recommendation. On page PN-3, under ""MANAGEMENT OF NON-PALPABLE INGUINAL LYMPH NODES,"" patients with non-palpable nodes and intermediate/high-risk primary lesions (defined as T1b or any T2 or greater) are recommended for treatment with either bilateral inguinal lymph node dissection (ILND) or bilateral dynamic sentinel node biopsy (DSNB). Both ILND and DSNB are forms of invasive surgical lymph node staging, which aligns directly with the proposed treatment recommendation. The discussion section (MS-15) further reinforces this, stating that for these patients, a ""modified or radical bilateral inguinal lymphadenectomy is strongly recommended."""
**Diagnosis & Staging**	**The preferred method for surgical staging in cN0 patients is dynamic sentinel node biopsy (DSNB).** If DSNB is unavailable or not feasible, modified inguinal lymph node dissection (ILND) is an alternative. If DSNB is positive, a completion ILND is recommended.	DGU2020; EAU-ASCO2025; ESMO2024; NCCN2025	"NA (Not Addressed)

The AUA Update Series guideline does not address the recommendation regarding surgical staging of lymph nodes. The document's scope is the treatment of the primary, early-stage penile tumor, detailing options such as topical therapy, laser ablation, and organ-sparing surgery. While it emphasizes the need to evaluate inguinal lymph nodes, it provides no specific guidance on surgical staging methods like dynamic sentinel node biopsy (DSNB) or modified inguinal lymph node dissection for clinically node-negative patients."	"**R (Recommended)**

The guideline recommends invasive staging for clinically node-negative (cN0) patients with penile carcinoma from stage pT1b onwards. It explicitly lists both modified inguinal lymphadenectomy and dynamic sentinel node biopsy (DSNB) as valid procedures for this purpose (Recommendation 6.5, p. 40). This aligns with the treatment recommendation, as the guideline presents both DSNB and modified lymphadenectomy as appropriate options for surgical staging in this patient group."	"**R (Recommended)**

**Justification:**
The guideline strongly aligns with the treatment recommendation. In the recommendations table on page 18, under ""Clinically node-negative (cN0),"" it states with a ""Strong"" rating to ""offer dynamic sentinel node biopsy (DSNB)"" when surgical staging is indicated. The guideline further specifies that if DSNB is unavailable or not feasible, ""offer inguinal lymph node dissection (ILND)."" Additionally, Section 5.2.2.3 on page 17 explicitly states that if histopathology identifies sentinel node metastasis, ""ipsilateral completion ILND is indicated,"" fully corroborating all aspects of the proposed recommendation."	"R (Recommended)
The guideline aligns with the recommendation, stating that for intermediate- and high-risk cN0 patients, dynamic sentinel lymph node biopsy (DSLNB) is the recommended staging procedure. The guideline specifies that if metastatic nodes are found, this should be followed by a radical inguinal lymphadenectomy. It also concurs that when DSLNB is not available, a modified inguinal lymph node dissection (ILND) is a suitable alternative."	"**Stance:** DR (Different Recommendation)

**Justification:**
The guideline does not establish dynamic sentinel node biopsy (DSNB) as the single preferred method for staging cN0 patients. Instead, for intermediate- and high-risk patients with non-palpable inguinal lymph nodes, the guideline presents bilateral inguinal lymph node dissection (ILND) and bilateral DSNB as equivalent alternatives, connected by an ""or"" (PN-3). The guideline further qualifies the use of DSNB, recommending it only when the physician has substantial experience and noting its limited practice (PN-3, MS-15). While the guideline does agree that a positive DSNB necessitates a completion ILND, it differs from the recommendation by not prioritizing DSNB over ILND as the primary choice."
**Diagnosis & Staging**	If DSNB is planned, perform inguinal ultrasound (US) first, with fine needle aspiration cytology (FNAC) of any sonographically abnormal lymph nodes.	EAU-ASCO2025	"NA
The guideline does not address the specific recommendation to perform an inguinal ultrasound with fine needle aspiration cytology (FNAC) prior to a planned Dynamic Sentinel Node Biopsy (DSNB). The document's scope is limited to the treatment of the primary early-stage tumor, covering topical therapies, laser ablation, and various surgical excisions. While it broadly states that ""inguinal lymph nodes must be evaluated for lymphadenopathy,"" it provides no details on the specific diagnostic pathway or staging procedures like DSNB or the use of ultrasound/FNAC for this purpose."	"**Stance:** R (Recommended)

**Justification:** The guideline explicitly supports the combination of dynamic sentinel lymph node biopsy (DSNB) with ultrasound and fine needle biopsy (FNB). On page 41, it states that FNB of sonographically suspicious lymph nodes can improve the sensitivity of DSNB, citing a study where the combination increased sensitivity to 94%. Similarly, on page 64, it mentions that a possible improvement (""mögliche Verbesserung"") of DSNB can be achieved with an additional ultrasound examination and targeted puncture of suspicious lymph nodes, directly aligning with the proposed recommendation."	"**Stance:** R (Recommended)

**Justification:** The guideline explicitly supports the treatment recommendation. In the recommendations table for ""Clinically node-negative (cN0)"" patients on page 18, it states with a ""Strong"" rating: ""If DSNB is planned, perform inguinal US first, with fine needle aspiration cytology (FNAC) of sonographically abnormal LNs."" Section 5.2.2.1 further elaborates that while a negative ultrasound is unreliable for excluding metastasis, a positive US + FNAC can confirm it, reducing the need for DSNB and allowing for earlier therapeutic lymph node dissection."	"**Stance:** R (Recommended)

**Justification:** The guideline aligns with the recommendation. In the section on ""Management of cN0 disease,"" it describes a ""proven protocol"" for patients undergoing Dynamic Sentinel Node Biopsy (DSLNB). This protocol explicitly includes ""preoperative US combined with FNAC for morphologically abnormal LNs,"" which is the exact procedure outlined in the treatment recommendation."	"**R (Recommended)**

**Justification:**
The NCCN guideline recommends the use of preoperative ultrasonography with fine-needle aspiration (FNA) cytology as a refinement to the dynamic sentinel node biopsy (DSNB) technique. In the ""Dynamic Sentinel Node Biopsy"" discussion on page MS-10, the guideline states that including ""preoperative ultrasonography with and without fine-needle aspiration (FNA) cytology"" is part of the refined technique that decreased the false-negative rate. This directly supports the treatment recommendation to perform an inguinal ultrasound with FNAC of abnormal nodes prior to a planned DSNB."
**Diagnosis & Staging**	In cN0 patients undergoing staging, frozen section analysis should not be performed on tissue from a modified inguinal lymphadenectomy or DSNB.	DGU2020	"NA (Not Addressed)

The guideline focuses on the treatment of early-stage primary penile tumors, covering topical therapies, laser ablation, and surgical excisions like glansectomy and Mohs surgery. Although it mentions the need to evaluate and potentially dissect inguinal lymph nodes, it does not provide details on the specific intraoperative techniques for these staging procedures. The document makes no mention of dynamic sentinel node biopsy (DSNB) or the use of frozen section analysis for lymph node tissue."	"**R (Recommended)**

**Justification:**
The guideline directly supports the recommendation. Recommendation 7.33 on page 65 explicitly states that no frozen section analysis should be performed on resected tissue from a modified inguinal lymphadenectomy or a dynamic sentinel lymph node biopsy. The background text on page 66 further explains that this is because frozen section analysis in clinically unremarkable lymph nodes increases the risk of overlooking micrometastases in the definitive histology. This aligns perfectly with the proposed treatment recommendation."	"**Stance:** NA (Not Addressed)

**Justification:** The guideline discusses the use of intra-operative frozen section analysis in Section 6.1.2.2, but only in the context of assessing resection margins of the primary tumor during organ-sparing surgery. It concludes that routine use is not recommended for that specific purpose. The guideline does not mention or provide any recommendation regarding the use of frozen section analysis on lymph node tissue from a dynamic sentinel node biopsy (DSNB) or a modified inguinal lymphadenectomy during staging for cN0 patients."	"DR (Different Recommendation)
The recommendation advises against performing frozen section analysis on tissue from a modified inguinal lymphadenectomy (ILND) or dynamic sentinel node biopsy (DSNB) in cN0 patients. However, the ESMO guideline recommends a different approach. For intermediate- and high-risk cN0 patients where DSNB is unavailable, the guideline suggests a ""superficial modified inguinal lymphadenectomy with frozen section"" and states that this procedure ""requires intraoperative frozen section analysis."" This is a direct contradiction to the provided recommendation."	"**Stance:** DR (Different Recommendation)

**Justification:** The treatment recommendation advises against performing frozen section analysis during staging procedures like modified inguinal lymphadenectomy (ILND) or DSNB in cN0 patients. The NCCN guideline directly contradicts this by stating, ""A modified/superficial inguinal dissection with intraoperative frozen section is an acceptable alternative to stage the inguinal lymph nodes"" (PN-3, footnote h). The guideline further reinforces this by recommending that if nodes are positive on frozen section, the surgery should be converted to a more extensive dissection, indicating frozen section is an integral part of its decision-making algorithm (MS-15)."
**Diagnosis & Staging**	**For clinically node-positive (cN+) disease, an (image-guided) biopsy of the suspicious node is required to confirm metastasis before initiating treatment.**	EAU-ASCO2025; NCCN2025	"NA (Not Addressed)

The AUA Update Series guideline focuses exclusively on the ""Treatment of Early Stage Squamous Cell Carcinoma of the Penis,"" covering non-invasive and early-stage malignancies (Tis, Ta, T1). The recommendation, however, pertains to the management of clinically node-positive (cN+) disease, which represents a more advanced stage of cancer. Because the management of node-positive disease is outside the stated scope of this educational document, the guideline does not address the specific procedure of performing a biopsy to confirm metastasis in suspicious nodes before initiating treatment."	"R (Recommended)
The guideline aligns with the treatment recommendation. In the background information for recommendation 7.35 (page 67), it is stated that for patients with palpable inguinal lymph nodes (cN+), histological or cytological confirmation is required first (""erfolgt zunächst eine histologische oder zytologische Sicherung""). The guideline specifies this can be achieved through an ultrasound-guided biopsy (""Sonographie-gestützte Biopsie"") or an excisional biopsy, which supports the recommendation to confirm metastasis with a biopsy before initiating definitive treatment like radical lymphadenectomy."	"**R (Recommended)**

**Justification:**
The guideline explicitly supports the recommendation. In the recommendations table under ""Clinically node-positive (cN+)"" on page 18, it states with a ""Strong"" rating: ""If there is a palpable/suspicious node at physical examination (cN+), obtain (image-guided) biopsy to confirm nodal metastasis before initiating treatment."" This is further supported by the text in Section 5.2.3 (page 17), which notes that in patients with palpable nodes, ""Lymph node metastasis should preferably be histopathologically confirmed by image-guided biopsy (e.g., US or CT)."""	"**Stance:** R (Recommended)

**Justification:** The guideline aligns with the recommendation by stating that for palpable inguinal nodes (clinically node-positive), metastasis ""can be confirmed by carrying out percutaneous FNAC or a biopsy of the LN."" The recommendations section and the diagnostic algorithm both specify that clinicians should perform a percutaneous FNAC or biopsy on palpable nodes to confirm the presence of cancer. This confirmatory step is advised before proceeding with definitive treatments like radical lymphadenectomy."	"**Stance:** R (Recommended)

**Justification:**
The NCCN guideline recommends a percutaneous (ultrasound- or CT-guided) biopsy as the initial step for patients with palpable inguinal lymph nodes, which corresponds to clinically node-positive (cN+) disease. The algorithms for ""Management of Palpable Non-Bulky Inguinal Lymph Nodes"" (PN-4) and ""Management of Palpable Bulky Inguinal Lymph Nodes"" (PN-5) both begin with a ""Percutaneous lymph node biopsy."" The discussion text further supports this, stating that percutaneous biopsy is the ""favored approach"" for palpable nodes to differentiate metastatic disease from inflammatory swelling before proceeding to definitive treatment (MS-11)."
**Primary Treatment (General Principles)**	**Patients with early-stage, low-grade, and non-invasive tumors should be offered organ- and function-preserving therapy,** depending on the tumor stage and differentiation grade.	AUA2020; DGU2020; EAU-ASCO2025	"R (Recommended)
The guideline strongly supports the recommendation for organ- and function-preserving therapy in early-stage, low-grade penile cancer. The document explicitly states there has been a ""shift towards organ preserving techniques for patients with low volume disease of favorable histopathology (stages Tis, Ta, T1 and grades 1, 2)."" The conclusion reinforces this, stating that ""Organ preserving approaches are safe and feasible for early stage, low grade squamous cell carcinoma of the penis."" Various organ-sparing options, including topical therapies, laser treatment, and specific surgical excisions, are presented as primary treatments for this patient population."	"R (Recommended)
The guideline recommends organ- and function-preserving therapy for patients with penile cancer, with a specific focus on early-stage, non-invasive tumors. Recommendation 7.1 (page 43) states that patients should receive organ-preserving therapy depending on the stage and differentiation grade. More specifically, Recommendation 7.3 (page 45) states that for superficial, non-invasive penile carcinomas, an organ- and function-preserving curative treatment should be pursued. This directly aligns with the proposed treatment recommendation."	"R (Recommended)
The guideline strongly supports the recommendation. Section 6.1.2 states, ""When feasible, small and localised invasive lesions should receive organ-sparing treatment."" Furthermore, the recommendations table on page 25 explicitly offers a ""Strong"" recommendation to ""Offer organ-sparing surgery and reconstructive techniques to patients with lesions confined to the glans and prepuce (PeIN, Ta, T1–T2)"". The guideline details multiple organ-preserving options, including topical therapies, laser ablation, surgery, and radiotherapy for non-invasive (PeIN, Ta) and early-stage (T1/T2) tumors, which aligns directly with the proposed recommendation."	"R (Recommended)
The guideline strongly recommends the use of organ- and function-preserving therapies for early-stage penile cancer. It explicitly states, ""The primary aim of surgical intervention is to remove the tumour using penile-preserving techniques. Preservation of the aesthetic, sexual and urinary function is an important outcome"" (p. 3). The document then details multiple organ-sparing options for premalignant (PeIN), Ta-1, and T2 disease, including wide local excision, glans resurfacing, and glansectomy, which aligns directly with the treatment recommendation."	"**R (Recommended)**

**Justification:**
The NCCN guideline aligns with the recommendation by explicitly stating that organ-sparing approaches are suitable for early-stage penile cancer. For non-invasive tumors (PeIN, Ta) and low-grade invasive tumors (pT1a), the guideline recommends multiple penis-preserving techniques as primary treatment. These options include topical therapy, wide local excision, laser therapy, glansectomy, and Mohs surgery, all of which aim to preserve organ function."
**Primary Treatment (General Principles)**	**The goal of surgical treatment is complete excision with negative margins (R0).** A margin of 5 mm for G1/G2 tumors and 10 mm for G3 tumors is suggested. In case of a positive surgical margin, a re-excision should be performed.	AUA2020; DGU2020	"R (Recommended)

The guideline strongly supports the treatment recommendation. It explicitly states that ""Most experts consider R0 surgical excision of the penile tumor to be the gold standard of treatment."" The document directly aligns with the proposed margins by citing a histological analysis which found the maximum proximal extent of tumor spread was ""5 mm for grade 1 and 2 tumors and 10 mm for grade 3 tumors."" The guideline emphasizes the importance of negative margins, noting that ""positive margins were associated with a higher rate of recurrence."""	"**R (Recommended)**

The guideline aligns with the treatment recommendation. Both state that the goal of surgical therapy is complete tumor removal with negative margins (p. 33), and both recommend a secondary operation (re-excision) if surgical margins are positive (Empfehlung 7.18, p. 54). While the guideline is less prescriptive about the exact margin width, suggesting ""at least one to a few millimeters"" (Empfehlung 7.17, p. 54), it acknowledges that the margin depends on the differentiation grade. The recommendation's specific 5 mm and 10 mm margins based on grade are a consistent application of the principles and evidence discussed in the guideline."	"**DR (Different Recommendation)**

**Justification:**
While both the guideline and the recommendation agree on the fundamental goal of complete tumor removal with negative margins, they differ on the specific margin width. The recommendation suggests a strict rule of 5 mm for G1/G2 tumors and 10 mm for G3 tumors. In contrast, the guideline (Section 6.1.2.1) states there is ""no clear evidence as to what constitutes an oncologically safe width of macroscopic negative surgical margins."" The guideline suggests a more nuanced approach, noting that for lower-risk tumors, ""macroscopic margins can indeed be minimal"" as long as they are >1mm, while for higher-grade lesions, a ""wider margin...may be prudent,"" rather than prescribing a specific distance."	"DR (Different Recommendation)

The guideline suggests a different approach to surgical margins compared to the treatment recommendation. While both agree on the importance of achieving clear margins, the guideline states that for T2 disease, ""Surgical margins of >1 mm are now accepted, with the risk of local recurrence being low."" This directly contrasts with the recommendation's proposal of a graded 5 mm margin for G1/G2 tumors and a 10 mm margin for G3 tumors."	"**R (Recommended)**

**Justification:**
The NCCN guideline strongly supports the core principles of the treatment recommendation. For various surgical approaches, including wide local excision and penectomy, the guideline repeatedly emphasizes the importance of achieving negative margins (PN-A, PN-B). It also explicitly states that if surgical margins are positive, ""re-resection may be considered"" (PN-A). While the guideline does not specify different margin sizes based on tumor grade, the discussion section (MS-7) notes that studies have shown surgical margins of 5 to 10 mm provide adequate tumor control, aligning with the range suggested in the recommendation."
**Primary Treatment (General Principles)**	**Offer patients a balanced and individualized discussion on the benefits and harms of possible treatment options.** Inform them of the higher risk of local recurrence when using organ-sparing treatments compared to amputative surgery.	EAU-ASCO2025	"**Stance:** R (Recommended)

**Justification:** The guideline aligns with the recommendation by explicitly endorsing a shared decision-making model for treatment selection. It states, ""The choice of therapy should involve a shared decision making process between the patient and the surgeon highlighting the risks and benefits of each approach."" Furthermore, the guideline supports informing patients about the risk of recurrence with organ-sparing treatments, noting that the ""high rate of local recurrence after laser therapy... remains a primary limitation of its use."""	"R (Recommended)
The guideline strongly recommends an individualized, evidence-based consultation for patients, covering all stage-appropriate therapy options, including their impact on tumor control, organ preservation, and quality of life (Recommendation 7.2, p. 43). It emphasizes that treatment decisions should be a compromise weighed between tumor control, organ preservation, and patient satisfaction, requiring thorough patient information (p. 43). Specifically aligning with the recommendation, the guideline states that a slightly higher rate of local recurrence is accepted with organ-sparing treatments compared to amputation, as these recurrences can often be treated effectively later (p. 43)."	"R (Recommended)
The guideline strongly recommends the proposed treatment approach. In the recommendations table in section 6.1.5, the guideline explicitly states to ""Offer a balanced and individualised discussion on benefits and harms of possible treatment options with the goal of shared decision making."" It also specifically advises to ""Inform patients of the higher risk of local recurrence when using organ-sparing treatments compared to amputative surgery."" Both statements are rated as ""Strong"" recommendations, directly aligning with the provided text."	"R (Recommended)
The guideline supports an individualized approach to treatment, stating that surgical options should be ""tailored according to the disease stage, patient willingness for reconstruction and clear surgical margins."" This aligns with offering patients a balanced discussion of their options. The guideline also confirms the higher risk of local recurrence with organ-sparing treatments, noting that as ""penile-preserving techniques have now become standard of care... recurrence rates are 20%-50%,"" necessitating close clinical follow-up."	"**R (Recommended)**

**Justification:**
The NCCN guideline strongly supports the recommendation for a balanced, individualized discussion with patients. The guideline explicitly states on page MS-8 that ""A clear and frank discussion should be had with the patient"" regarding treatment options and their risks. Furthermore, it directly corroborates the information about recurrence, noting on page MS-5 that a systematic review found ""a higher risk of local recurrence with penile-sparing approaches"" compared to amputative surgery. The Surveillance section on page MS-16 reinforces this, stating that ""penile-sparing therapies carry a significantly higher risk of local recurrence (28%) than partial or total penectomy (5%)."""
**Primary Treatment (Topical Therapy)**	**Topical therapy with 5-fluorouracil (5-FU) or imiquimod can be offered to patients with biopsy-confirmed superficial disease (PeIN/Tis, Ta).** Patients should be informed about limited efficacy and potential off-label use.	AUA2020; DGU2020; EAU-ASCO2025; ESMO2024; NCCN2025	"R (Recommended)
The AUA guideline recommends topical therapy for early-stage penile cancer, aligning with the treatment recommendation. The guideline states, ""Topical treatments... are often used as first line treatment options for non-invasive and early stage penile malignancies (carcinoma in situ, Ta and T1)."" It explicitly names fluorouracil (5-FU) and imiquimod as the most common topical agents for these indications. Furthermore, the treatment algorithm in Figure 4 lists ""Topical treatment"" as a primary option for early/low-stage disease."	"R (Recommended)
The guideline aligns with the treatment recommendation. Recommendation 7.6 on page 47 explicitly states that topical therapy with 5-fluorouracil or imiquimod can be used for the treatment of penile intraepithelial neoplasia (PeIN) or precancerous lesions. Furthermore, recommendation 7.7 mirrors the proposed recommendation's caveat, emphasizing that patients should be informed about the limited efficacy and the ""off-label"" use of these therapies."	"R (Recommended)
The guideline supports the use of topical therapy for superficial, non-invasive penile cancer. Section 6.1.1.1 describes topical therapy with imiquimod (IQ) or 5-fluorouracil (5-FU) as ""effective non-invasive first-line treatment options"" for PeIN and Ta disease. Furthermore, the recommendations table on page 24 explicitly states to ""Offer topical therapy with 5-fluorouracil or imiquimod to patients with biopsy-confirmed penile intra-epithelial neoplasia (PeIN),"" directly aligning with the proposed treatment."	"R (Recommended)
The guideline supports the recommendation, stating that for biopsy-proven premalignant disease (PeIN), ""any residual PeIN can be treated using topical agents, such as 5-fluorouracil (5-FU) or imiquimod"" after an initial circumcision. The management algorithm for Tis or Ta disease also includes ""Topical ChT or immunotherapy"" as a valid treatment option. This aligns directly with offering topical 5-FU or imiquimod for superficial penile cancer."	"R (Recommended)
The NCCN guideline aligns with the treatment recommendation. The primary treatment algorithm (PN-1) lists ""Topical therapy"" as a first-line option for patients with Penile intraepithelial neoplasia (PeIN) or Ta disease. Furthermore, the ""Principles of Penile Organ-Sparing Approaches"" section (PN-A) and the discussion section (MS-8) specify that for patients with PeIN or Ta disease, treatment can include ""Imiquimod 5%"" or ""5-FU cream 5%,"" directly matching the drugs and indications in the recommendation."
**Primary Treatment (Topical Therapy)**	**If topical treatment fails, it should not be repeated.**	DGU2020; EAU-ASCO2025	"**Stance:** DR (Different Recommendation)

**Justification:** The guideline presents a different approach than the recommendation. While the recommendation states that topical treatment should not be repeated if it fails, the guideline discusses a study by Alnajjar et al. where the first-line therapy was 5-fluorouracil (5-FU) and the ""second line topical agent was IQ"" (imiquimod). This indicates that using a different topical agent after the failure of the first is a viable strategy, which directly contradicts the recommendation's absolute stance against repeating topical treatment."	"R (Recommended)
The guideline aligns with the treatment recommendation. On page 48, in the background information for topical chemotherapy, the guideline states, ""Bei Tumorpersistenz oder Rezidiv nach topischer Anwendung ist eine Wiederholung mit diesen Verfahren nicht angeraten."" This translates to, ""In case of tumor persistence or recurrence after topical application, a repetition with these methods is not advisable."" This directly supports the recommendation that failed topical treatment should not be repeated."	"**R (Recommended)**

**Justification:**
The guideline directly supports the recommendation. In Section 6.1.1.1, ""Topical therapies,"" the guideline discusses the use of agents like imiquimod and 5-fluorouracil. It explicitly states, ""Insufficient responses and recurrences may signify underlying invasive disease; hence, if topical treatment fails, it should not be repeated."" This statement is also formalized in a recommendations table on page 25, confirming the guideline's alignment with the provided treatment recommendation."	"R (Recommended)

The guideline supports the recommendation. For premalignant disease (PeIN), it states that after initial treatment with topical agents, the response should be assessed. The guideline then explicitly states, ""If topical treatment fails, wide local excision or glans resurfacing... should be considered."" This aligns with the recommendation, as it advises escalating to a different, surgical treatment modality rather than repeating the failed topical therapy."	"DR (Different Recommendation)
The recommendation states that if topical treatment fails, it should not be repeated. The NCCN guidelines suggest a different approach. The algorithm for managing recurrent disease (PN-9) directs clinicians to treat according to the recurrence stage, which refers back to the initial treatment options on PN-1. For a recurrent PeIN or Ta lesion, topical therapy is again listed as a valid option. The discussion (MS-5) also mentions a study where imiquimod was used as a ""second-line topical agent"" after 5-fluorouracil, indicating that repeating treatment with a different topical agent is a considered strategy."
**Primary Treatment (Topical Therapy)**	Example regimens for topical therapy include: <br> • **Imiquimod 5% cream:** Apply at night three times per week for 4–16 weeks. <br> • **5-FU cream 5%:** Apply twice daily for 2–6 weeks.	NCCN2025	"**Stance:** R (Recommended)

**Justification:** The guideline strongly supports the use of topical therapy for early-stage penile cancer. It explicitly identifies 5-fluorouracil (5-FU) and imiquimod as the ""most common chemotherapeutic compounds"" for this purpose. The document discusses the efficacy of both agents for carcinoma in situ and mentions the use of 5% imiquimod, aligning directly with the agents and concentrations in the recommendation."	"**Stance:** R (Recommended)

**Justification:** The guideline explicitly supports the use of topical therapy with 5-Fluorouracil or Imiquimod for penile intraepithelial neoplasia or precancerous lesions (Recommendation 7.6). The background text on pages 47-48 discusses various application regimens from the literature for both 5% Imiquimod cream and 5-FU. Although the guideline notes that no definitive standards for application exist, the example regimens in the treatment recommendation are consistent with the schedules described in the cited literature."	"**R (Recommended)**

The guideline recommends topical therapy with imiquimod or 5-fluorouracil (5-FU) as effective first-line treatment options for superficial non-invasive disease (PeIN). Section 6.1.1.1, ""Topical therapies,"" specifically discusses both agents. The guideline's description of a common imiquimod regimen (""three times per week for twelve weeks"") aligns with the recommended range of 4–16 weeks. While it describes a different 5-FU schedule than the one recommended, it explicitly states that ""no standard protocol exists"" and ""There is no consensus or comparative data on the optimal treatment schedules for these therapies,"" indicating that various regimens are in use."	"*   **Stance:** R (Recommended)
*   **Justification:** The guideline recommends the use of topical agents for treating residual premalignant disease (PeIN) following circumcision. It specifically names the two agents from the treatment recommendation, stating that ""any residual PeIN can be treated using topical agents, such as 5-fluorouracil (5-FU) or imiquimod."" This directly aligns with and supports the proposed treatment approach."	"R (Recommended)
The guideline recommends the exact topical therapy regimens mentioned in the treatment recommendation. On page PN-A, under ""Principles of Penile Organ-Sparing Approaches,"" the guideline states, ""For patients with PeIN or Ta disease: ► Imiquimod 5%: apply at night three times per week for 4–16 weeks. ► 5-FU cream 5%: apply twice daily for 2–6 weeks."" This aligns perfectly with the proposed treatment, confirming its recommended status."
**Primary Treatment (Topical Therapy)**	Topical therapy is ineffective for more advanced stages of penile cancer.	AUA2020	"R (Recommended)
The guideline directly supports the recommendation. It explicitly states that ""topical treatment is ineffective for more advanced stages of penile cancer"" and should be reserved for early-stage disease. The text further reinforces this by identifying topical treatments as first-line options for ""non-invasive and early stage penile malignancies (carcinoma in situ, Ta and T1)."""	"R (Recommended)
The guideline supports the recommendation by limiting the use of topical therapy to early-stage disease. Section 7.1.1.1 specifies that topical chemotherapy can be applied for superficial, non-invasive tumors and precancerous lesions (PeIN, CIS). In contrast, for advanced stages such as T3 (Section 7.1.4) and T4 (Section 7.1.5), the guideline recommends more aggressive treatments like partial or radical penectomy and radiotherapy, omitting topical therapy as a viable option."	"**Stance:** R (Recommended)

**Justification:** The guideline supports the recommendation by exclusively positioning topical therapies, such as imiquimod (IQ) or 5-fluorouracil (5-FU), as treatment options for ""superficial non-invasive disease (PeIN, Ta)"" (page 19, section 6.1.1.1). For more advanced stages, including invasive disease confined to the glans (cT1/T2) and locally advanced disease (T3–T4), the guideline recommends surgical, radiotherapeutic, and chemotherapeutic approaches, making no mention of topical agents (pages 20, 23). This omission for advanced stages implicitly confirms that topical therapy is not considered an effective treatment in those settings."	"R (Recommended)
The guideline aligns with the recommendation by limiting the use of topical therapy to the earliest stages of penile cancer. It explicitly recommends topical agents such as 5-fluorouracil (5-FU) and imiquimod for premalignant disease (PeIN) and Tis/Ta lesions. For more advanced stages (T1b-T4 and node-positive disease), the guideline recommends surgery, radiotherapy, and systemic chemotherapy, implicitly agreeing that topical therapy is not an effective option for advanced disease."	"R (Recommended)
The guideline recommends topical therapy as a primary treatment option for early, non-invasive stages of penile cancer, specifically Penile Intraepithelial Neoplasia (PeIN) and Ta disease (PN-1). For more advanced stages (T1, T2, and greater), the guideline does not list topical therapy as a viable treatment, instead recommending more invasive approaches such as wide local excision, penectomy, or radiation therapy (PN-2). This approach directly supports the recommendation that topical therapy is not effective for more advanced stages of penile cancer."
**Primary Treatment (Laser Therapy)**	**Laser ablation (e.g., CO₂ or Nd:YAG laser) can be used for biopsy-confirmed superficial or early-stage tumors (PeIN/Tis, Ta, T1).**	AUA2020; DGU2020; EAU-ASCO2025; ESMO2024; NCCN2025	"**R (Recommended)**

The guideline recommends laser ablation for early-stage penile cancer, aligning with the treatment recommendation. On page 74, under ""TOPICAL THERAPIES,"" the guideline states that ""laser and photodynamic therapy are often used as first line treatment options for non-invasive and early stage penile malignancies (carcinoma in situ, Ta and T1)."" The ""LASER THERAPY"" section on page 75 specifically discusses the use of CO₂ and YAG lasers for these conditions, which are the same laser types mentioned in the recommendation."	"R (Recommended)
The guideline recommends laser therapy for early-stage penile cancer, aligning with the treatment recommendation. Specifically, Recommendation 7.8 in section 7.1.1.2 states that laser systems can be used for the ablation of superficial penile carcinomas. It further specifies that the CO₂ laser is suitable for penile intraepithelial neoplasia (PeIN) and precancerous lesions, while the Nd:YAG laser can be used for Ta/T1 tumors, which directly corresponds to the methods and indications mentioned in the treatment recommendation."	"**R (Recommended)**

The guideline supports the use of laser ablation for superficial and early-stage penile cancer. On page 25, in the recommendations table under ""Laser ablation,"" the guideline explicitly states: ""Offer laser ablation using CO₂ or Nd:YAG laser to patients with biopsy-confirmed PeIN, Ta or T1 lesions."" This aligns directly with the treatment, laser types, and tumor stages mentioned in the recommendation. While the guideline assigns a ""Weak"" strength rating to this recommendation and discusses high recurrence rates (page 21), it is still presented as a valid treatment option to be offered to patients."	"R (Recommended)
The guideline recommends the use of laser ablation for treating premalignant and early-stage penile cancer, aligning with the proposed treatment. Specifically, for premalignant disease (PeIN), the guideline states that “carbon dioxide (CO₂) laser ablation…can be used.” Furthermore, the guideline’s treatment algorithm (Figure 2) explicitly lists “Laser therapy” as a management option for tumors staged as Tis, Ta, and T1."	"**R (Recommended)**

**Justification:** The NCCN guideline supports the use of laser therapy for early-stage penile cancer. In the treatment algorithm for ""Penile intraepithelial neoplasia (PeIN) or Ta"" (PN-1) and for ""pT1a"" tumors (PN-2), ""Laser therapy (category 2B)"" is listed as a primary treatment option. Furthermore, the ""Principles of Penile Organ-Sparing Approaches"" section (PN-A) explicitly states that therapeutic lasers, including CO₂ and Nd:YAG, can be used to treat selected cases of PeIN, Ta, and T1 tumors."
**Primary Treatment (Laser Therapy)**	A surgical margin of 5 mm is considered oncologically safe for laser therapy.	AUA2020	"**R (Recommended)**

**Justification:**
The guideline directly supports the recommendation for a 5 mm margin with laser therapy. The ""LASER THERAPY"" section states, ""According to current guidelines a margin of 5 mm is considered oncologically safe."" The appendix on laser modalities further details the CO2 laser technique, specifying an ""Incision depth shall be... 5 mm from visible tumor border."""	"R (Recommended)
The guideline recommends a surgical margin of ""at least one to a few millimeters"" for organ-preserving operative therapies (Recommendation 7.17). The background text further elaborates that a margin of a few millimeters is considered oncologically safe, moving away from older recommendations of 2 cm. Crucially, it cites a systematic review by Kamel et al. [174] which concluded that a 5 mm resection margin is sufficient for organ-preserving surgery, directly aligning with the proposed recommendation."	"**Stance:** DR (Different Recommendation)

**Justification:** The guideline does not explicitly state that a 5 mm surgical margin is oncologically safe for laser therapy. In Section 6.1.2.3, it vaguely mentions resecting the tumor with ""ample millimetres of margin"" but offers no specific measurement. Furthermore, this section cautions that laser therapy may result in higher local recurrence rates when compared to surgical excision. While the guideline does mention that a 5-10 mm margin for surgical excision results in low recurrence rates (Section 6.1.2.1), it does not apply this standard to laser therapy and emphasizes the overall lack of clear evidence for what constitutes an oncologically safe margin."	"NA
The guideline recommends carbon dioxide (CO2) laser ablation as a treatment option for premalignant disease (PeIN) and Tis/Ta tumors. However, it does not specify what constitutes a safe surgical margin for this procedure. While surgical margins are discussed for other techniques like glansectomy, there is no mention of a 5 mm margin or any other specific margin size in the context of laser therapy."	"NA (Not Addressed)

The NCCN guideline discusses laser therapy as an organ-sparing approach for early-stage penile cancer and mentions the importance of achieving ""adequate lateral margins"" to prevent recurrence. However, it does not specify a particular margin size, such as 5 mm, that is considered oncologically safe for laser therapy. While the guideline does provide margin size recommendations (5 to 10 mm) for wide local excision, it does not address a specific numerical margin for laser therapy itself."
**Primary Treatment (Post-Therapy Biopsy)**	**After topical or laser therapy, a control biopsy should be performed to verify local tumor control,** especially in cases of clinical doubt.	DGU2020; EAU-ASCO2025; ESMO2024	"NA (Not Addressed)
The guideline extensively discusses the need for close monitoring and follow-up after topical and laser therapies due to the high risk of local recurrence. For instance, it states that after laser therapy, ""close follow-up especially during the first 6 months is recommended."" However, the document does not specify the methods for this surveillance and never mentions or discusses the use of a ""control biopsy"" to verify tumor control after these treatments."	"**R (Recommended)**

The guideline directly aligns with the treatment recommendation. Recommendation 7.9 on page 49 explicitly states, ""Nach topischer medikamentöser Therapie oder Lasertherapie soll postinterventionell eine Kontrollbiopsie zur Verifikation der lokalen Tumorkontrolle und eine regelmäßige langfristige Nachsorge erfolgen"" (After topical medicinal therapy or laser therapy, a control biopsy should be performed to verify local tumor control and regular long-term follow-up should be carried out). This recommendation, which has 100% consensus, mirrors the proposed treatment approach for the same purpose of verifying local tumor control. The background information on page 46 further supports this, noting that therapies preserving the epithelium require a control biopsy to confirm tumor control."	"**R (Recommended)**

**Justification:**
The guideline aligns with the recommendation. In the section on topical therapies for superficial non-invasive disease (PeIN), it states, ""It is advised that treatment effects must be clinically assessed and in cases of doubt evaluated by biopsy"" (page 19). This is reinforced in the recommendations table on page 25. Furthermore, the follow-up regimen table suggests an optional ""Repeat biopsy after topical or laser treatment for PeIN"" (page 38), which supports the recommendation's call for a control biopsy, especially in cases of clinical doubt."	"R (Recommended)
The guideline supports the recommendation. In the section on ""Premalignant disease (PeIN),"" it states that ""Following topical treatment, the response should be assessed clinically or with a repeat biopsy of any new lesions which may indicate progression to invasive disease."" This aligns with the recommendation to perform a control biopsy to verify tumor control, particularly when there is clinical uncertainty."	"DR (Different Recommendation)
The NCCN guideline outlines a specific surveillance schedule after topical or local therapy which consists of regular clinical examinations of the penis and inguinal region (PN-8). While it suggests imaging for abnormal clinical findings, it does not mention or recommend performing a control biopsy to verify local tumor control. The guideline's specified follow-up protocol (clinical examination) differs from the recommendation's proposed method (control biopsy)."
**Primary Treatment (Surgical)**	**Organ-sparing surgery options (circumcision, wide local excision, glansectomy, Mohs) are offered for lesions confined to the glans and prepuce (PeIN, Ta, T1-T2)** in patients willing to comply with strict follow-up.	EAU-ASCO2025; NCCN2025	"R (Recommended)
The guideline strongly recommends organ-preserving surgical techniques for early-stage penile cancer, which aligns with the treatment recommendation. The ""SURGERY"" section states there has been ""a shift towards organ preserving techniques for patients with low volume disease of favorable histopathology (stages Tis, Ta, T1 and grades 1, 2)."" It explicitly lists the same four common approaches: circumcision, tumor-only excision, Mohs surgery, and glansectomy. The guideline also reinforces the need for strict patient monitoring, stating, ""Close follow-up for at least 5 years is required to detect and re-treat any potential recurrences."""	"**Stance:** R (Recommended)

**Justification:** The guideline strongly supports an organ-preserving approach for early-stage penile cancer, which aligns with the treatment recommendation. Specifically, it recommends organ- and function-preserving treatment for superficial, non-invasive tumors (PeIN, Ta) in Section 7.1.1. For tumors confined to the foreskin, circumcision is recommended (Section 7.1.2, Recommendation 7.11). Furthermore, for invasive tumors limited to the glans (T1/T2), the guideline explicitly suggests local excision and glansectomy as treatment options (Section 7.1.3)."	"**Stance:** R (Recommended)

**Justification:** The guideline strongly supports the recommendation to use organ-sparing surgery for early-stage penile cancer. In its recommendations table on page 25, it gives a ""Strong"" rating to offering ""organ-sparing surgery and reconstructive techniques to patients with lesions confined to the glans and prepuce (PeIN, Ta, T1–T2) and who are willing to comply with strict follow-up."" The guideline specifically discusses circumcision, wide local excision, and glansectomy as options for these stages. While it notes that Mohs surgery is ""not routinely recommended"" due to very limited data (p. 21), the overall principle and the other listed surgical options align directly with the treatment recommendation."	"**Stance:** R (Recommended)

**Justification:** The guideline aligns with the recommendation by advocating for organ-sparing and penile-preserving surgery for localized disease. It specifically recommends circumcision for premalignant disease (PeIN), wide local excision for Ta-T1 disease, and glansectomy for T2 tumors on the glans penis. Additionally, it mentions Mohs micrographic surgery as a potential option for low-grade T1 lesions, covering all procedures and stages mentioned in the recommendation."	"DR (Different Recommendation)
The NCCN guideline recommends organ-sparing surgery options, including wide local excision, glansectomy, and Mohs surgery, for early-stage penile cancer, specifically PeIN, Ta, and T1a disease (PN-A, PN-2). However, the guideline differs from the recommendation for T2 disease. For T2 or greater lesions, the guideline's primary treatment pathway indicates more extensive surgery, such as partial or total penectomy, is typically required (PN-2, MS-8). Since the recommendation includes T2 lesions as being eligible for these organ-sparing approaches, it proposes a less aggressive treatment for this stage than the guideline advises."
**Primary Treatment (Surgical)**	**Intra-operative frozen section analysis of resection margins should be performed** to confirm negative margins, especially in cases of doubt.	EAU-ASCO2025; NCCN2025	"R (Recommended)
The guideline supports the use of intraoperative frozen section analysis to ensure negative margins during surgical excision. It explicitly states that ""In experienced hands tumor excision with negative intraoperative frozen section margins can be performed safely in well selected patients."" The document also compares Mohs surgery to negative intraoperative frozen section margins, treating it as a standard technique for achieving oncologic control."	"R (Recommended)
The guideline supports the use of intraoperative frozen section analysis to ensure negative resection margins. Section 4.4.6 explicitly states that the goal of surgery is complete tumor removal with negative margins and that these margins ""can be secured intraoperatively by pathohistological frozen section analysis [101]."" This directly aligns with the treatment recommendation to perform intra-operative frozen section analysis to confirm negative margins."	"R (Recommended)
The guideline recommends performing intra-operative frozen section analysis in cases of doubt, which aligns with the treatment recommendation. Specifically, in the recommendations table on page 25, the guideline states to ""Perform intra-operative frozen section analysis of resection margins in cases of doubt on the completeness of resection."" Section 6.1.2.2 further clarifies that while routine use is not recommended due to conflicting evidence, the Panel's opinion is that it is a ""helpful tool to achieve definitive tumour-free margins."""	"NA (Not Addressed)

The guideline recommends the use of intra-operative frozen section analysis, but only in the context of inguinal lymph node management. Specifically, it mentions using frozen section analysis during a superficial modified inguinal lymphadenectomy to decide whether to proceed to a radical dissection. The recommendation, however, suggests using frozen sections to confirm negative resection margins of the primary tumor, a topic which is not addressed in the guideline."	"**Stance:** R (Recommended)

**Justification:** The NCCN guideline explicitly supports the use of intra-operative frozen sections to ensure negative surgical margins. Under the ""Principles of Surgery"" for penectomy, the guideline states, ""Intraoperative frozen sections are recommended to determine negative margins"" (PN-B). Similarly, for glansectomy, it specifies that ""Negative surgical margins should be determined from frozen sections of the cavernosal bed and urethral stump"" (PN-A, 2 of 2), directly aligning with the proposed recommendation."
**Primary Treatment (Surgical)**	**Circumcision can be a curative treatment for tumors confined to the prepuce (PeIN/Tis, Ta).**	AUA2020; DGU2020; ESMO2024; NCCN2025	"**R (Recommended)**

**Justification:**
The guideline explicitly supports the recommendation. In the ""SURGERY"" section, it states that ""Foreskin circumcision... can be curative for low grade and low stage disease."" The treatment algorithm in Figure 4 also lists circumcision as a primary treatment option for de novo, uncircumcised lesions located on the foreskin (distal prepuce). This directly aligns with the recommendation for using circumcision as a curative treatment for tumors confined to the prepuce."	"**R (Recommended)**

**Justification:** The guideline directly supports the recommendation. Section 7.1.2, Recommendation 7.11, explicitly states that tumors confined to the foreskin should be treated by circumcision. The background information for this recommendation further confirms that circumcision is considered a curative (""kurativ"") treatment for these tumors, provided tumor-free margins are achieved."	"**R (Recommended)**

The guideline recommends circumcision as a primary treatment option for superficial non-invasive disease (PeIN, Ta) located on the prepuce. Section 6.1.1 states, ""Most PeIN lesions are located on the mucosal surfaces of the glans or prepuce... Thus, circumcision should be the primary surgical option."" Section 6.1.2.5 further supports this, noting that for small, distal preputial penile cancer, ""circumcision alone usually presents adequate treatment."" This aligns directly with the provided treatment recommendation."	"R (Recommended)
The guideline supports the recommendation. Under the ""Ta-1 disease"" section, it explicitly states, ""Patients with tumour localised to the foreskin can undergo a circumcision, which is often therapeutic."" Additionally, for premalignant disease (PeIN) located on the prepuce, the guideline notes that ""circumcision is mandatory as the initial management."" This directly aligns with the recommendation that circumcision can be a curative treatment for these early-stage tumors confined to the prepuce."	"R (Recommended)
The guideline supports the treatment recommendation. In the ""Principles of Penile Organ-Sparing Approaches"" section (PN-A, 2 of 2), under ""Wide Local Excision,"" the guideline explicitly states, ""Circumcision alone may be reasonable for tumors of the distal prepuce."" This aligns directly with the recommendation for using circumcision as a treatment for early-stage tumors (PeIN, Ta) confined to the prepuce. The NCCN Recommendations section (MS-8) further lists ""circumcision and wide local excision"" among the penis-preserving techniques for PeIN or Ta disease."
**Primary Treatment (Surgical)**	When using radiotherapy or topical therapy for a preputial lesion, a circumcision should be performed first.	DGU2020; NCCN2025	"NA (Not Addressed)

The guideline identifies foreskin circumcision as a primary and often curative treatment for preputial disease in uncircumcised men. The treatment algorithm for a lesion on the foreskin lists circumcision and topical therapy as alternative options. However, the guideline does not explicitly address the recommendation to perform a circumcision as a mandatory preparatory step *before* initiating topical or radiation therapy for a preputial lesion."	"**Stance:** R (Recommended)

**Justification:**
The guideline directly supports the treatment recommendation. In section 7.1.3, recommendation 7.13 explicitly states, ""Bei Behandlung mittels Strahlentherapie oder topischer Therapie sollte eine Zirkumzision durchgeführt werden"" (When treating with radiotherapy or topical therapy, a circumcision should be performed). The background information on page 52 further clarifies that the non-diseased foreskin should be removed as it facilitates the healing process. This aligns perfectly with the proposed recommendation."	"**Stance:** R (Recommended)

**Justification:** The guideline aligns with the treatment recommendation. It states that for superficial non-invasive disease (PeIN) on the prepuce, ""circumcision should be the primary surgical option"" (p. 19). Furthermore, it explicitly notes that ""circumcision combined with topical treatment, laser therapy or brachytherapy, facilitates follow-up examinations"" (p. 22), reinforcing the role of circumcision in this context. A systematic review cited by the panel also found that patients undergoing brachytherapy had it performed ""after circumcision"" (p. 23)."	"**R (Recommended)**

The guideline aligns with the recommendation. For premalignant disease (PeIN) on the prepuce, the guideline states that ""circumcision is mandatory as the initial management"" before subsequent treatment with topical agents. Similarly, when discussing radiotherapy, it specifies that ""In all cases, a circumcision should be carried out before brachytherapy."""	"**Stance:** DR (Different Recommendation)

**Justification:** The guideline recommends that circumcision should be performed before radiotherapy to prevent radiation-related complications. However, the guideline does not state that circumcision is a prerequisite for topical therapy. By specifying this requirement for only one of the two modalities, the guideline presents a different, more nuanced recommendation than the one provided, which applies the prerequisite to both treatments."
**Primary Treatment (Surgical)**	**Wide local excision (WLE) is an option for early-stage tumors (PeIN, Ta, T1).** Complete excision with wide negative margins is required.	DGU2020; ESMO2024; NCCN2025	"**Stance:** R (Recommended)

**Justification:** The guideline strongly supports this recommendation, stating that ""R0 surgical excision of the penile tumor"" is considered the ""gold standard of treatment"" for early-stage disease (Tis, Ta, T1). The document explicitly lists ""tumor-only excision"" as one of the four commonly used surgical approaches for these patients. The guideline also reinforces the importance of achieving negative margins to ensure complete removal of the tumor."	"**R (Recommended)**

**Justification:** The guideline recommends local excision (""Lokalexzision"") as a treatment option for early-stage penile cancer. Specifically, recommendation 7.14 on page 52 states that for smaller, invasive tumors of the glans (T1/T2), a local excision should be performed. The accompanying background text emphasizes that this is a reasonable organ-preserving approach and that negative surgical margins (""Negative Schnittränder"") are required, which directly aligns with the proposed treatment recommendation."	"**R (Recommended)**

**Justification:**
The guideline explicitly supports the use of wide local excision (WLE) for early-stage penile cancer. Section 6.1.2 identifies WLE as a surgical option for invasive disease confined to the glans (cT1/T2). Furthermore, the recommendations table on page 25 gives a ""Strong"" rating for offering organ-sparing surgery, including wide local excision, for patients with PeIN, Ta, and T1–T2 lesions. The guideline also aligns with the need for complete removal, stating in section 6.1.2.5 that WLE should include a ""margin of clinically normal-appearing skin around the tumour."""	"R (Recommended)
The guideline supports the use of wide local excision (WLE) for early-stage penile cancer, aligning with the recommendation. For premalignant disease (PeIN), the guideline suggests WLE if topical treatments fail (p. 4). For Ta-1 disease, it is explicitly listed as a recommended treatment option (p. 9). The management algorithm in Figure 2 further illustrates WLE as a viable surgical approach for Tis, Ta, and T1 tumors (p. 4)."	"**R (Recommended)**

**Justification:**
The NCCN guidelines recommend wide local excision as a primary treatment option for patients with Penile Intraepithelial Neoplasia (PeIN) or Ta disease (PN-1). The guidelines also list wide local excision as a treatment for pathologic stage pT1a and pT1b tumors (PN-2). Furthermore, the ""Principles of Penile Organ-Sparing Approaches"" section explicitly states this procedure is designated for early-stage penile cancer (PeIN, Ta, T1) and requires complete excision with a wide negative margin (PN-A)."
**Primary Treatment (Surgical)**	**Mohs micrographic surgery can be considered as an alternative to WLE for select, low-grade, superficial lesions,** particularly on the glans or distal penis, if the appropriate expertise is available.	AUA2020; ESMO2024; NCCN2025	"R (Recommended)
The guideline supports the recommendation by listing Mohs surgery as one of the four commonly used surgical approaches for early-stage penile cancer. It explicitly states that ""Mohs surgery can be considered for disease of favorable histopathology and when the affected area is within the distal penis or glans penis,"" which directly corresponds to the recommendation for its use in select, low-grade, superficial lesions in those specific locations. The treatment algorithm (Figure 4) further includes Mohs surgery as an option for de novo and recurrent lesions."	"NA (Not Addressed)

**Justification:**
The guideline provides a comprehensive overview of surgical treatments for primary penile cancer, including local excision, laser therapy, glansectomy, and partial amputation (p. 51). However, it does not mention or discuss Mohs micrographic surgery as a specific therapeutic option. Although ""Mohs-Chirurgie"" is mentioned once in the document, it is only in the context of summarizing the scope of a cited systematic review (p. 55), not as part of a formal recommendation or discussion. Therefore, the guideline does not address the recommendation to use Mohs surgery for select lesions."	"DR (Different Recommendation)
The guideline explicitly states that Mohs micrographic surgery is not routinely recommended due to very limited data. This differs from the treatment recommendation, which suggests it ""can be considered as an alternative"" for select lesions. While both mention the importance of appropriate expertise, the guideline's explicit statement against routine use (Section 6.1.2.4) represents a more cautious and disapproving stance compared to the recommendation's conditional consideration."	"R (Recommended)
The guideline supports the use of Mohs micrographic surgery for low-grade penile lesions (T1), which aligns with the recommendation for select, low-grade, superficial lesions. The guideline echoes the recommendation's condition regarding expertise, stating it should only be performed if ""the right clinical set-up, including a pathologist, is available."" While the guideline notes a high recurrence rate (32%), it is still presented as a valid therapeutic option for Ta-1 disease."	"**R (Recommended)**

**Justification:** The NCCN guideline aligns with the recommendation by listing Mohs surgery as a primary treatment option for early-stage penile cancer (PeIN, Ta, and pT1a) in its treatment algorithms (PN-1, PN-2). Under the ""Principles of Penile Organ-Sparing Approaches"" (PN-A, 2 of 2), it explicitly states that ""Mohs surgery is an alternative to wide local excision in select cases."" The guideline further specifies that it may be preferable for ""a small superficial lesion,"" which is consistent with the recommendation's conditions."
**Primary Treatment (Surgical)**	**Glansectomy (partial or total) or glans resurfacing are options for tumors located on the glans penis (PeIN, Ta, T1-T2).** Reconstruction may be performed with a split-thickness skin graft.	AUA2020; DGU2020; ESMO2024; NCCN2025	"**R (Recommended)**

The guideline supports the recommendation, explicitly listing glansectomy and glans resurfacing as primary surgical options for early-stage penile cancer located on the glans. The ""SURGERY"" section identifies glansectomy as one of the four common surgical approaches, and the treatment algorithm (Figure 4) clearly indicates that glansectomy and glans resurfacing are appropriate for glans lesions. Furthermore, the guideline includes figures and discussion related to reconstruction with partial thickness skin grafting after these procedures."	"**R (Recommended)**

**Justification:**
The guideline supports the recommendation by presenting glans resurfacing (""glans resurfacing"") as a therapeutic option for carcinoma in situ (CIS/PeIN) (Recommendation 7.10) and strongly recommending glansectomy (""Glansektomie"") for T1/T2 tumors (Recommendation 7.15). The guideline further aligns with the recommendation by describing the use of skin grafts, including split-thickness grafts, for reconstruction following these procedures (p. 50, 53). Both treatments are listed as organ-preserving options for tumors located on the glans."	"**R (Recommended)**

The guideline supports the recommendation by identifying glansectomy and glans resurfacing as primary surgical options for tumors confined to the glans. Section 6.1.2.7 states that patients with tumors confined to the glans (T1-T2) are ""good candidates for glansectomy,"" and Section 6.1.2.6 discusses glans resurfacing for T1/T2 lesions. Furthermore, the guideline strongly recommends offering organ-sparing surgery, explicitly including glansectomy and glans resurfacing, for lesions confined to the glans and prepuce staged as PeIN, Ta, and T1-T2 (page 25). The guideline also corroborates the use of a split-thickness skin graft for reconstruction after these procedures."	"R (Recommended)
The guideline supports the use of glansectomy and glans resurfacing for tumors on the glans penis, aligning with the recommendation. For premalignant disease (PeIN) and Ta-1 lesions, the guideline recommends glans resurfacing with a split-thickness skin graft (SSG). For T2 disease, it states that glansectomy with SSG reconstruction is the surgical treatment of choice. These recommendations are also outlined in the provided treatment algorithm (Figure 2)."	"**R (Recommended)**

**Justification:**
The NCCN guideline recommends glansectomy as a treatment option for distal tumors, specifically for clinical stages PeIN, Ta, and T1, which aligns with the recommendation. The guideline further states that for PeIN or Ta disease, complete glansectomy is a category 2B recommendation, and for pT1a disease, glansectomy is an option in select cases. Additionally, the guideline mentions that glans resurfacing can be considered in select patients and that reconstruction with a split-thickness skin graft (STSG) may follow the procedure."
**Primary Treatment (Surgical)**	**Partial or total penectomy is recommended for patients with higher stage tumors (T2, T3, T4), particularly with invasion of the corpora cavernosa,** unfavorable histopathology, or for those not suitable for organ-sparing approaches.	AUA2020; DGU2020; EAU-ASCO2025; ESMO2024; NCCN2025	"R (Recommended)
The guideline supports the recommendation, stating that for ""higher stage/grade tumors this would mean partial or total penectomy."" It further specifies that more aggressive surgical approaches like partial and total penectomy are ""acceptable options for patients with unfavorable histopathology or recurrent disease."" This aligns perfectly with the recommendation to use these procedures for higher-stage tumors (T2-T4) and unfavorable histopathology."	"**R (Recommended)**

The guideline supports the recommendation for partial or total penectomy in higher-stage tumors. For T3 tumors, defined by invasion of the corpora cavernosa, Recommendation 7.22 (p. 59) advises a partial penectomy (`Penisteilamputation`), with radical penectomy as an option for extensive disease. For advanced T4 tumors, Recommendation 7.24 (p. 60) suggests extensive operative resection, which includes radical penectomy. The guideline also recommends partial penectomy for T1/T2 tumors when more conservative options are not feasible (Recommendation 7.16, p. 53), aligning with the proposed approach."	"**R (Recommended)**

**Justification:**
The guideline aligns with the recommendation to use partial or total penectomy for higher-stage tumors. Specifically, section 6.1.3.1 states that for cT3 patients with ""obvious involvement of the corpora cavernosa, partial amputation is standard,"" and that total penectomy is the standard treatment for more extensive cases. Furthermore, the recommendations table on page 25 gives a ""Strong"" rating to offering partial penectomy for patients with invasion of the corpora cavernosa (T3) and total penectomy for large invasive tumors not amenable to partial amputation (e.g., T4)."	"R (Recommended)
The guideline aligns with the treatment recommendation. For T3 and T4 disease, it explicitly states that partial or total penectomy is the recommended treatment, particularly when the cancer infiltrates the corpus cavernosum. While the guideline notes that glansectomy is the treatment of choice for T2 tumors on the glans, it also qualifies that partial or total penectomy remain ""valid alternatives whenever adequate surgical margins cannot be guaranteed or when the patient is unfit for reconstruction,"" which is consistent with the recommendation's condition for patients not suitable for organ-sparing approaches."	"**R (Recommended)**

**Justification:**
The NCCN guideline aligns with the treatment recommendation. In the treatment algorithm on page PN-2, both ""Partial penectomy"" and ""Total penectomy"" are listed as primary treatment options for patients with tumors staged ""T2 or greater."" Furthermore, the ""Principles of Surgery"" section (page PN-B) explicitly states that ""Partial or total penectomy is necessary when there is invasion into the corpora cavernosum."" This directly supports performing a penectomy for higher-stage tumors, particularly when there is invasion of the corpora cavernosa."
**Primary Treatment (Radiotherapy)**	**Radiotherapy (often brachytherapy) can be an alternative to surgery for selected patients with T1-T2 tumors (<4 cm),** particularly those who are unfit for surgery. Patients should be informed of a potentially lower local control rate compared to surgery.	AUA2020; DGU2020; EAU-ASCO2025; ESMO2024; NCCN2025	"**R (Recommended)**

**Justification:**
The guideline supports the recommendation. It states that radiation therapy, including brachytherapy, has been used for early-stage penile cancers (T1 and T2). The guideline specifically mentions, ""Urologists may consider radiation for patients who are unfit for surgery,"" which directly aligns with the patient population in the recommendation. Furthermore, it acknowledges that radiotherapy has ""lower control rates"" and that surgery is the ""preferred approach,"" which is consistent with the recommendation's framing of radiation as an alternative with potential drawbacks."	"**Stance:** R (Recommended)

**Justification:** The guideline recommends local radiotherapy as an organ-preserving therapy for T1 and T2 tumors (Recommendation 7.19). It specifically presents brachytherapy as an alternative to surgery, stating it is equivalent regarding overall prognosis (Statement 7.20). Crucially, the guideline aligns with the recommendation's caveat by advising that patients be informed about the potentially lower local control rates of radiotherapy compared to surgery (Recommendation 7.21), with background text noting tumor size >4cm is a risk factor for recurrence."	"**R (Recommended)**

**Justification:**
The guideline strongly supports the use of radiotherapy as a treatment option for T1-T2 penile cancer. Section 6.1.2.9 specifically describes radiotherapy as an ""organ-preserving approach with good results in selected patients with T1–2 lesions."" The guideline aligns with the recommendation's details, noting that brachytherapy should be limited to tumors <4 cm and that local control rates may be slightly lower compared to surgery. This is further reinforced by a ""Strong"" recommendation on page 25 to ""Offer radiotherapy to selected patients with biopsy-confirmed T1 or T2 lesions."""	"R (Recommended)
The guideline supports the recommendation, stating that for localized penile cancer (including T1 and T2 stages), treatment can include radiotherapy (RT), such as brachytherapy, in selected cases. The guideline specifies that optimal candidates for brachytherapy are those with tumors <4 cm, aligning with the recommendation's criteria. It further recommends brachytherapy as an alternative to surgery for pT1 disease and as an option for selected patients with low-volume T1-T2 disease, particularly if surgery is not an option."	"**R (Recommended)**

The NCCN guideline recommends radiotherapy (RT) as a primary treatment option for T1-T2 tumors, aligning with the recommendation. On page PN-C, under ""Primary Radiation/Chemoradiation Therapy,"" it specifies options for T1-2 tumors <4 cm, including brachytherapy (category 2B) and EBRT (category 2B). The guideline also supports the recommendation's caveat, with the discussion on page MS-9 noting that while survival rates are similar, penectomy offers higher local control rates compared to brachytherapy. Furthermore, the guideline mentions considering RT for patients who are not surgical candidates, reinforcing its role as an alternative to surgery."
**Primary Treatment (Radiotherapy)**	For T3–4 or N+ surgically unresectable disease, consider EBRT with concurrent chemotherapy to the penis and regional lymph nodes.	NCCN2025	"NA (Not Addressed)

The AUA Update Series guideline focuses explicitly on the ""Treatment of Early Stage Squamous Cell Carcinoma of the Penis,"" covering topics like topical therapies, laser ablation, and organ-preserving surgery for Tis, Ta, and T1 disease. The recommendation addresses a different patient population: those with advanced (T3–4 or N+) and surgically unresectable disease. Since the guideline's scope is limited to early-stage cancer, it does not address the management of this advanced clinical scenario."	"**Stance:** R (Recommended)

**Justification:** The guideline aligns with the recommendation for treating advanced, unresectable penile cancer. Specifically, Recommendation 7.46 (page 73) states that for T4 tumors, ""neoadjuvant chemotherapy or radio-chemotherapy should be considered"" (""Eine neoadjuvante Chemotherapie oder eine Radio-Chemotherapie sollte erwogen werden""). This supports the proposed approach of using concurrent chemoradiotherapy for surgically unresectable disease. The guideline further reinforces the use of multimodal therapy for patients with fixed (unresectable) lymph node metastases (N+) in section 7.2.3."	"**Stance:** R (Recommended)

**Justification:** The EAU-ASCO guideline supports the recommendation to consider chemoradiotherapy for surgically unresectable disease. Section 6.1.3.2 states that for non-resectable disease that does not sufficiently respond to induction chemotherapy, ""palliative chemo-radiotherapy is an option."" Furthermore, the recommendation table in Section 6.1.5 explicitly advises to ""Offer... chemo-radiotherapy to patients with non-resectable advanced primary lesions."" This aligns directly with the proposed treatment for the specified patient population (T3-T4 or N+ unresectable)."	"R (Recommended)
The guideline supports the use of radiotherapy (RT) with concurrent chemotherapy for surgically unresectable disease. The management algorithm for inguinal lymph nodes recommends ""RT with concurrent ChT"" for patients with fixed (cN3) disease (Figure 3). Furthermore, in the context of advanced and metastatic disease, the guideline states that ""Palliative RT or RT with concurrent ChT for sites requiring local control should be considered [V, C]."" This aligns with the recommendation to use this combination therapy for unresectable T3-4 or N+ disease."	"R (Recommended)
The guideline recommends this treatment approach for the specified patient population. On page PN-C, under ""Principles of Radiotherapy,"" for ""T3–4 or N+ (surgically unresectable)"" disease, the guideline explicitly states to perform circumcision followed by ""EBRT with concurrent chemotherapy... to whole penile shaft, pelvic lymph nodes, and bilateral inguinal lymph nodes."" This directly aligns with the recommendation to use concurrent EBRT and chemotherapy for the penis and regional lymph nodes in this setting."
**Primary Treatment (Radiotherapy)**	Specific radiotherapy doses may include: <br> • **EBRT:** 66-74 Gy in 2 Gy fractions. <br> • **Brachytherapy (HDR):** 42-45 Gy in 12-14 fractions. <br> • **Brachytherapy (LDR/PDR):** 60-65 Gy delivered continuously over ~5 days.	ESMO2024	"NA (Not Addressed)

The AUA Update Series guideline discusses radiation therapy, including external beam radiation and brachytherapy, as a treatment option for early-stage penile cancer, particularly for patients who are not surgical candidates. However, the guideline does not provide any specific details or recommendations regarding dosage, fractionation, or duration for these radiotherapeutic approaches. Since the treatment recommendation focuses entirely on specific dose regimens, which are absent from the guideline, the recommendation is not addressed."	"**Stance:** NA (Not Addressed)

**Justification:**
The guideline discusses local radiotherapy, including brachytherapy (LDR, PDR, HDR) and external radiation, as organ-preserving treatment options for T1, T2, and T3 tumors. It compares their efficacy to surgery and mentions their use in palliative settings. However, the guideline does not specify any exact dose ranges or fractionation schedules for curative-intent radiotherapy. The only dose mentioned (12 x 3 Gy) is an example for palliative hypofractionated radiotherapy, which is a different context than the curative doses proposed in the recommendation."	"**Stance:** NA (Not Addressed)

**Justification:**
The guideline recommends radiotherapy as an organ-preserving approach for selected patients with T1-T2 lesions. It mentions external beam radiotherapy (EBRT) and brachytherapy as valid options. However, the guideline does not specify the detailed dosing schedules for these modalities as proposed in the treatment recommendation. It only provides a ""minimum dose of 60 Gy EQD2"" for EBRT (Section 6.1.2.9) and offers no specific dose recommendations for any form of brachytherapy, making the specific regimens in the recommendation unaddressed."	"R (Recommended)
The guideline fully supports the specific radiotherapy doses mentioned in the treatment recommendation. Under the ""RT for primary disease"" section, the guideline explicitly states that a typical EBRT course is 66-74 Gy in 2 Gy fractions. It also recommends a usual dose of 60-65 Gy delivered over 5 days for LDR/PDR brachytherapy and a frequently proposed schedule of 42-45 Gy in 12-14 fractions for HDR brachytherapy, directly aligning with the provided recommendation."	"**Stance:** DR (Different Recommendation)

**Justification:** The NCCN guideline recommends a different dose for External Beam Radiation Therapy (EBRT) and is less specific than the treatment recommendation. For primary tumors (T1-2, <4 cm), the guideline suggests a total EBRT dose of 65–70 Gy (PN-C, p. 19), which differs from the recommended range of 66-74 Gy. Furthermore, while the guideline lists brachytherapy as a treatment option, it does not specify any doses or fractionation schedules for either HDR or LDR/PDR modalities, unlike the very specific doses provided in the recommendation."
**Primary Treatment (Multimodal)**	For non-resectable, locally advanced primary tumors (T4), consider induction/neoadjuvant chemotherapy followed by surgery for responders, or chemo-radiotherapy.	DGU2020; EAU-ASCO2025	"NA (Not Addressed)

The guideline explicitly states that its focus is on the ""Treatment of Early Stage Squamous Cell Carcinoma of the Penis,"" covering stages such as carcinoma in situ, Ta, and T1. The treatment recommendation, however, is for non-resectable, locally advanced primary tumors (T4), which represents a much more advanced stage of the disease. As the provided guideline's scope is limited to early-stage cancer, it does not discuss or provide recommendations for the management of T4 tumors."	"R (Recommended)
The guideline aligns with the treatment recommendation. Recommendation 7.46 states that for T4 tumors, neoadjuvant chemotherapy or radio-chemotherapy should be considered (""sollte erwogen werden""). The background information on page 73 further clarifies that for a non-resectable primary tumor, neoadjuvant chemotherapy is indicated (""angezeigt"") to potentially improve local resectability. This directly supports the proposed approach of using induction chemotherapy followed by surgery, or chemo-radiotherapy, for non-resectable T4 tumors."	"**R (Recommended)**

**Justification:**
The guideline directly aligns with the treatment recommendation. Section 6.1.3.2, ""Non-resectable disease,"" states that induction chemotherapy is used to downstage the disease and enable surgical resection in responders. The recommendation table on page 25 further confirms this by advising to ""Offer induction chemotherapy followed by surgery to responders, or chemo-radiotherapy to patients with non-resectable advanced primary lesions,"" which mirrors the proposed treatment approach."	"R (Recommended)
The guideline supports the recommendation to consider neoadjuvant chemotherapy for T4 tumors. The text explicitly states that ""neoadjuvant ChT with up to four cycles of a triplet regimen... in all eligible patients with locally advanced (T4), inoperable, primary penile... SCC... should be discussed"" (p. 8). While the recommendation also suggests chemo-radiotherapy as an option, the guideline primarily discusses this modality in the context of adjuvant treatment for nodal disease rather than as a primary treatment for non-resectable T4 tumors. However, the core recommendation for using neoadjuvant chemotherapy in this setting is clearly aligned."	"R (Recommended)
The NCCN guideline supports the recommendation for treating non-resectable T4 primary tumors. On page PN-D, under ""Principles of Systemic Therapy,"" it states that ""Patients with initially unresectable (T4) primary tumors may be downstaged by response to chemotherapy,"" aligning with the use of induction chemotherapy followed by surgery for responders. Additionally, on page PN-C, under ""Principles of Radiotherapy,"" for ""T3–4... (surgically unresectable)"" tumors, the guideline recommends EBRT with concurrent chemotherapy, which is consistent with the chemo-radiotherapy option in the recommendation."
**Recurrent Disease**	**Local recurrence after organ-sparing surgery should be treated according to the principles of primary tumor management.** Small, non-invasive recurrences can be treated with salvage organ-sparing options.	DGU2020; EAU-ASCO2025; ESMO2024; NCCN2025	"**Stance:** R (Recommended)

**Justification:** The guideline supports treating local recurrence similarly to primary tumors. The treatment algorithm in Figure 4 explicitly outlines management for ""Recurrent lesion at a different site"" and ""Recurrent lesion at the same site,"" listing many of the same organ-sparing options (laser, surgical excision, Mohs surgery, glans resurfacing) as it does for ""De novo lesion."" The text also states that more aggressive surgery like penectomy is an acceptable option for recurrent disease, and provides an example where recurrence after Mohs surgery was successfully managed with a repeat organ-sparing procedure."	"**Stance:** R (Recommended)

**Justification:** The guideline aligns directly with the treatment recommendation. Specifically, recommendation 7.25 (page 61) states that ""Local recurrences after organ-preserving operative therapy should be treated according to the same principles as primary tumors."" The accompanying background information reinforces this by explaining that renewed therapy is sensible and that organ-preserving strategies are equally applicable for recurrences, which supports the recommendation to use salvage organ-sparing options."	"**R (Recommended)**

**Justification:**
The guideline explicitly supports the recommendation. Section 6.1.4, ""Local recurrence after organ-sparing surgery,"" states that ""A second organ-sparing procedure can be performed if there is no corpus cavernosum invasion"" (page 24). This is reinforced by a specific recommendation in the table on page 25 to ""Offer salvage organ-sparing surgery to patients with small recurrences not involving the corpora cavernosa."" The guideline further differentiates treatment for larger recurrences, recommending partial or total amputation, which aligns with the principle of managing the recurrence based on its characteristics, similar to a primary tumor."	"R (Recommended)

The guideline supports the recommendation for managing local recurrence. Under the ""Recurrent disease"" section, it states that ""Recurrent disease on the glans without corpus cavernosum invasion can be managed with wide local excision, distal corporectomy, or in selected cases, brachytherapy may be an option."" This directly aligns with the proposed approach. Furthermore, the guideline's specific recommendations include considering ""salvage penile-sparing options"" for recurrences without invasion of the corpora cavernosa, which is consistent with treating these recurrences according to the principles of primary tumor management."	"**R (Recommended)**

The NCCN guideline aligns with the recommendation to treat local recurrence after organ-sparing surgery according to the principles of primary tumor management. The ""Management of Recurrent Disease"" algorithm (PN-9) explicitly states that for a ""Recurrence of penile lesion after initial penile sparing treatment,"" clinicians should ""Treat according to recurrence stage (PN-1 and PN-2)."" Pages PN-1 and PN-2 detail the primary evaluation and treatment pathways, which include the very organ-sparing options mentioned in the recommendation for early-stage disease."
**Recurrent Disease**	For large local recurrences or those with invasion of the corpora cavernosa, partial or total penectomy is warranted.	AUA2020; EAU-ASCO2025; ESMO2024	"**R (Recommended)**

**Justification:**
The guideline supports the recommendation for using partial or total penectomy for recurrent and advanced disease. The ""Surgery"" section explicitly states, ""More aggressive surgical approaches such as partial and total penectomy are acceptable options for patients with unfavorable histopathology or recurrent disease."" Furthermore, the treatment algorithm in Figure 4 lists ""Partial penectomy"" and ""Radical penectomy"" as treatments for a ""Recurrent lesion at the same site."""	"**Stance:** R (Recommended)

**Justification:** The guideline states that local recurrences after organ-preserving therapy should be treated according to the same principles as primary tumors (Section 7.1.6, Recommendation 7.25). For primary tumors with invasion of the corpora cavernosa (T3 tumors), the guideline recommends a partial penectomy, or a radical (total) penectomy in cases of extensive tumor involvement (Section 7.1.4, Recommendation 7.22). This approach directly aligns with the treatment recommendation to perform a partial or total penectomy for large local recurrences or those with invasion of the corpora cavernosa."	"**R (Recommended)**

**Justification:**
The guideline aligns with the treatment recommendation. Section 6.1.4, ""Local recurrence after organ-sparing surgery,"" explicitly states, ""For large or high-stage recurrence, partial or total amputation is required."" Furthermore, the recommendations table on page 25 includes a specific guideline to ""Offer amputative surgery to patients with large local recurrences or corpora cavernosa involvement,"" directly supporting the proposed treatment."	"R (Recommended)
The guideline aligns with the treatment recommendation. In the ""Recurrent disease"" section, the guideline states that ""More extensive disease involving the corpus cavernosum may require a partial or total penectomy."" This is further reinforced in the formal recommendations section, which specifies that ""Invasion of the corpora cavernosa warrants partial or total penectomy [IV, B],"" directly supporting the proposed treatment."	"**Stance:** R (Recommended)

**Justification:** The guideline recommends that recurrence of a penile lesion after initial treatment should be managed according to the recurrence stage (PN-9). According to the AJCC staging table, invasion of the corpora cavernosa is classified as T3 disease (ST-1). For T2 or greater disease, the guideline lists partial penectomy and total penectomy as primary treatment options (PN-2). Furthermore, under the Principles of Surgery, it explicitly states that ""Partial or total penectomy is necessary when there is invasion into the corpora cavernosum"" (PN-B), directly aligning with the recommendation."
**Recurrent Disease**	After radiotherapy, local recurrence should be treated with surgical salvage therapy.	DGU2020	"**Stance:** R (Recommended)

**Justification:**
The guideline supports this recommendation. It establishes surgery as the ""preferred approach"" for penile cancer due to higher success rates and lower complication rates compared to radiotherapy. The document explicitly states that ""more aggressive surgical approaches such as partial and total penectomy are acceptable options for patients with...recurrent disease."" This general principle for managing recurrence, combined with the stated preference for surgery over radiation, aligns with using surgical salvage for a recurrence after radiotherapy."	"R (Recommended)
The guideline fully supports the treatment recommendation. In Chapter 7.1.6, ""Behandlung von Lokalrezidiven"" (Treatment of Local Recurrences), consensus-based recommendation 7.26 explicitly states, ""Lokalrezidive nach Strahlentherapie sollen mit operativer Salvage-Therapie behandelt werden"" (Local recurrences after radiotherapy should be treated with operative salvage therapy) (p. 61). This statement is a direct match to the proposed recommendation."	"R (Recommended)
The guideline supports the recommendation to use surgical salvage therapy for local recurrence after radiotherapy. Section 6.1.2.9 on page 23 explicitly states, ""Local recurrence after radiotherapy can be salvaged by surgery [170]."" This directly aligns with the proposed treatment recommendation."	"R (Recommended)

The guideline supports the recommendation. In a discussion on brachytherapy, it cites a study where salvage therapy for local recurrence resulted in a 100% local disease control rate. Additionally, the section on managing recurrent disease explicitly states that when feasible, ""further surgery can help palliate these patients,"" detailing options like wide local excision or penectomy for recurrence at the primary tumor site."	"R (Recommended)
The NCCN guideline recommends managing recurrent disease based on its location and prior treatment. The ""Management of Recurrent Disease"" algorithm (PN-9) specifically addresses local recurrence in the inguinal region. For patients who have had prior radiotherapy (RT), the guideline recommends subsequent therapies including inguinal lymph node dissection (ILND), which is a form of surgical salvage."
**Recurrent Disease**	After topical or laser therapy, local recurrence should be treated with a different treatment modality.	DGU2020	"**DR (Different Recommendation)**

**Justification:**
The guideline suggests a different approach than the recommendation. The recommendation mandates using a different treatment modality for local recurrence after topical or laser therapy. However, the guideline provides examples where recurrence was successfully treated with the same modality; for instance, it cites a study where recurrences after Tm:YAG laser were ""re-treated with Tm:YAG laser."" Furthermore, the treatment algorithm for a ""Recurrent lesion at the same site"" lists laser therapy as a viable option, without restricting its use based on the initial treatment modality."	"**R (Recommended)**

**Justification:**
The guideline explicitly supports the treatment recommendation. In section 7.1.6, ""Behandlung von Lokalrezidiven"" (Treatment of Local Recurrences), recommendation 7.27 states that local recurrences after topical medicinal therapy or laser therapies should be treated with a different therapy modality (""Lokalrezidive nach topischer medikamentöser Therapie oder nach Lasertherapien sollen jeweils mit einer anderen Therapiemodalität behandelt werden""). This directly aligns with the proposed treatment approach."	"**Stance:** DR (Different Recommendation)

**Justification:**
The guideline's stance on this recommendation is nuanced and differs depending on the initial treatment. For topical therapy, the guideline aligns with the recommendation, stating that if it fails, ""it should not be repeated"" (page 19). However, for recurrence after laser therapy, the guideline presents a different option, noting that ""Repeat laser treatment for recurrence has been described in some series"" (page 20). Because the guideline allows for the possibility of repeating laser therapy, it does not fully support the recommendation's absolute statement that a different modality *should* always be used for local recurrence."	"R (Recommended)
The guideline aligns with the recommendation by stating that if topical treatment for premalignant disease (PeIN) fails, different modalities such as wide local excision or glans resurfacing (surgical options) should be considered. The guideline also notes the high (~50%) local recurrence rate after laser therapy, further underscoring the need for alternative treatment strategies upon failure or recurrence. This directly supports switching to a different treatment modality when initial therapies are unsuccessful."	"**Stance:** DR (Different Recommendation)

**Justification:** The guideline recommends that treatment for a recurrent penile lesion should be based on the stage of the recurrence, not necessarily by switching to a different modality. The algorithm for ""Recurrence of penile lesion after initial penile sparing treatment"" (PN-9) directs clinicians to ""Treat according to recurrence stage (PN-1 and PN-2)."" This approach means that if the recurrence is of a stage where topical or laser therapy is still an appropriate option (e.g., PeIN, Ta, or select T1a), the guideline does not forbid using that modality again, which contradicts the recommendation to always use a different treatment modality."
**Recurrent Disease**	Regional lymph node recurrence after initial surveillance should be managed according to the same principles as primary lymph node metastases (i.e., with ILND +/- systemic therapy).	DGU2020; ESMO2024; NCCN2025	"NA (Not Addressed)

The guideline focuses on the treatment of ""early stage"" squamous cell carcinoma of the penis, detailing primary local therapies such as topical agents, laser ablation, and various organ-sparing surgical techniques. The recommendation, in contrast, addresses the management of regional lymph node recurrence after a period of surveillance, which is a more advanced stage of disease. While the guideline acknowledges the importance of evaluating inguinal lymph nodes at initial diagnosis, it does not provide any guidance on managing nodal recurrence found during follow-up."	"R (Recommended)
The guideline aligns with the treatment recommendation. In section 7.2.4, consensus-based statement 7.49 explicitly states that regional lymph node recurrence after active surveillance should be treated according to the same principles as primary lymph node metastases. The background information further clarifies that the appearance of lymph node metastases during surveillance is therapeutically equivalent to primary metastatic penile cancer and should be treated accordingly."	"R (Recommended)
The guideline aligns with the treatment recommendation. Section 7.2.3, ""Regional recurrence,"" states that the highest rate of regional recurrence occurs in patients managed by surveillance. It explicitly recommends that ""Regional recurrence requires timely treatment by rILND with (neo)adjuvant chemotherapy/chemo-radiotherapy,"" which directly supports the recommendation to manage this condition with ILND and systemic therapy."	"R (Recommended)

The guideline supports the recommendation. It explicitly addresses the management of recurrent inguinal disease under the ""Salvage ILND"" section. The guideline recommends ""salvage inguinal lymphadenectomy with myocutaneous flap reconstruction in recurrent inguinal disease"" and states it should be part of a ""multimodal treatment which should also include neoadjuvant or adjuvant ChT."" This combination of surgery (ILND) and systemic therapy (ChT) aligns with the recommendation to manage recurrence using the same principles as for primary lymph node metastases."	"R (Recommended)
The guideline recommends managing regional lymph node recurrence in a previously untreated inguinal region using the same principles as for primary nodal disease. The algorithm on page PN-9, ""MANAGEMENT OF RECURRENT DISEASE,"" shows that for local recurrence in the inguinal region with ""No prior inguinal lymphadenectomy or RT,"" treatment involves biopsy and, if positive, proceeds to inguinal lymph node dissection (ILND) and further management based on nodal stage, mirroring the primary treatment pathways. The discussion on page MS-17 further supports this, stating, ""If no prior inguinal lymphadenectomy or RT was given, primary treatment for the management of ILNs can be followed."""
**Recurrent Disease**	Regional lymph node recurrence after a prior radical lymphadenectomy should be managed with a multimodal approach, including neoadjuvant chemotherapy, surgery, and/or radiotherapy.	DGU2020; ESMO2024	"**Stance:** NA (Not Addressed)

**Justification:** The treatment recommendation pertains to the management of regional lymph node recurrence after a radical lymphadenectomy, which represents an advanced or recurrent disease state. The provided AUA guideline is explicitly focused on the ""Treatment of Early Stage Squamous Cell Carcinoma of the Penis,"" as stated in its title and learning objectives. The document details various treatments for primary tumors (Tis, Ta, T1) but does not address the specific clinical scenario of managing nodal recurrence after a prior definitive lymph node dissection."	"**Stance:** R (Recommended)

**Justification:** The guideline directly addresses the management of regional lymph node recurrence after a prior radical lymphadenectomy in section 7.2.4. Recommendation 7.50 explicitly states that this condition should be treated with neoadjuvant chemotherapy and operative therapy. The supporting text on page 76 further clarifies that lymph node recurrences can be influenced by a multimodal therapy consisting of neoadjuvant chemotherapy and salvage lymphadenectomy. This aligns with the treatment recommendation for a multimodal approach."	"**R (Recommended)**

The guideline supports the recommendation for a multimodal approach to regional lymph node recurrence. Section 7.2.3, ""Regional recurrence,"" explicitly states that ""Regional recurrence requires timely treatment by rILND with (neo)adjuvant chemotherapy/chemo-radiotherapy"" (page 38). This statement directly aligns with the recommendation's call for a multimodal approach involving radical inguinal lymph node dissection (surgery), neoadjuvant chemotherapy, and/or radiotherapy."	"**Stance:** R (Recommended)

**Justification:** The guideline directly supports the recommendation for a multimodal approach to regional lymph node recurrence. In the ""Salvage ILND"" section, it states that salvage inguinal lymphadenectomy should be part of a ""multimodal treatment which should also include neoadjuvant or adjuvant ChT"" (page 9). Furthermore, under the ""Recurrent disease"" recommendations, it advises clinicians to ""consider systemic ChT, EBRT, surgery or a combination"" for regional recurrences in the inguinal and pelvic lymph nodes (page 11)."	"**Stance:** R (Recommended)

**Justification:** The guideline aligns with the recommendation for managing regional lymph node recurrence after a prior lymphadenectomy. In the ""Management of Recurrent Disease"" algorithm (PN-9), for patients with local recurrence in the inguinal region who have had a ""Prior inguinal lymphadenectomy or RT,"" the guideline recommends a multimodal approach. The options listed are ""Chemotherapy followed by ILND,"" ""ILND,"" or ""Chemo/RT,"" which directly correspond to the neoadjuvant chemotherapy, surgery, and radiotherapy components mentioned in the recommendation."
**Lymph Node Management**	Following circumcision for a primary tumor, patients with moderately or poorly differentiated tumors (grades 2 and 3) will require inguinal node dissection.	AUA2020	"R (Recommended)
The guideline directly supports the treatment recommendation. In the ""SURGERY"" section, the document states, ""close follow-up is critical for patients with moderately or poorly differentiated tumors (grades 2 and 3), as these will require inguinal node dissection."" This statement is nearly identical to the proposed recommendation, confirming that this course of action is advised for this specific patient population."	"**Stance:** R (Recommended)

**Justification:** The guideline aligns with the recommendation for inguinal node dissection in patients with moderately or poorly differentiated tumors. It explicitly states that clinical surveillance is not sufficient for tumors of grade 2 (G2) or higher (p. 63). Furthermore, Recommendation 6.5 (p. 40) advises invasive investigation of the inguinal lymph nodes—either through modified inguinal lymphadenectomy or sentinel lymph node biopsy—for tumors from category pT1b onwards, a category that includes poorly differentiated tumors (p. 35). Therefore, the guideline supports invasive staging for G2 and G3 tumors."	"DR (Different Recommendation)
The guideline recommends a more nuanced, risk-stratified approach than the treatment recommendation. While it supports surgical staging for poorly differentiated (Grade 3) tumors, which are considered high-risk, it does not universally recommend it for all moderately differentiated (Grade 2) tumors. According to the guideline (page 17), moderately differentiated (G2) pT1a tumors are considered intermediate-risk, and the decision for surgical staging should be made on a case-by-case basis, balancing risk against morbidity. The recommendation's blanket statement for all G2 tumors is therefore not fully aligned with the guideline's detailed criteria."	"DR (Different Recommendation)

The recommendation suggests that all patients with grade 2 or 3 tumors require an inguinal node dissection. The guideline, however, proposes a more nuanced, risk-stratified approach for patients with clinically negative nodes (cN0). For intermediate-risk (pT1G2) and high-risk (pT1-4G3/G4) disease, the guideline first recommends a dynamic sentinel lymph node biopsy (DSLNB) or modified inguinal lymph node dissection. A radical dissection is only recommended if metastasis is confirmed by these initial, less invasive staging procedures, thereby avoiding unnecessary morbidity in node-negative patients."	"**Stance:** DR (Different Recommendation)

**Justification:** The NCCN guideline uses a risk-stratified approach for the management of non-palpable inguinal lymph nodes, which does not fully align with the provided recommendation. While the guideline does recommend inguinal lymph node dissection (ILND) or dynamic sentinel node biopsy (DSNB) for high-risk patients—including those with high-grade (Grade 3) tumors (pT1b) or any T2 or greater tumor—it recommends surveillance for low-risk patients (PN-3). A moderately differentiated (Grade 2) T1 tumor without other high-risk features would be classified as T1a and fall into the low-risk category, for which surveillance, not immediate dissection, is the recommended management. Therefore, the guideline differs by not universally recommending inguinal node dissection for all Grade 2 tumors."
**Lymph Node Management**	For palpable, mobile inguinal nodes (cN1-cN2), inguinal lymph node dissection (ILND) is recommended. The dissection may be fascial-sparing or radical, with preservation of the saphenous vein where possible.	DGU2020; EAU-ASCO2025; ESMO2024; NCCN2025	"NA (Not Addressed)

The guideline focuses on the management of ""early stage"" penile cancer, specifically addressing treatments for the primary tumor (Tis, Ta, T1) such as topical therapies, laser ablation, and organ-preserving surgery. While the document mentions that inguinal lymph nodes must be evaluated for lymphadenopathy, it does not provide any specific treatment recommendations for patients who present with clinically palpable, positive nodes (cN1-cN2). The recommendation to perform inguinal lymph node dissection (ILND) for palpable nodes is not discussed in this guideline."	"DR (Different Recommendation)
The guideline recommends a more aggressive approach than the treatment recommendation. For patients with palpable inguinal nodes (cN1/cN2) and confirmed metastases, the guideline explicitly recommends a radical inguinal lymphadenectomy (RIL) (Recommendation 7.35, Page 67). The description of the RIL procedure in the guideline includes the ligation of the great saphenous vein (""die V. saphena magna am Übergang zur V. femoralis ligiert"") (Section 7.2.2.1, page 67). This directly contradicts the treatment recommendation's suggestion to preserve the saphenous vein where possible and its allowance for a less aggressive, fascial-sparing dissection."	"**R (Recommended)**

**Justification:**
The guideline strongly supports the recommendation. Section 6.2.2.1 states that radical inguinal lymph node dissection (ILND) is the standard of care for patients with cN1-2 disease. Furthermore, the recommendations table on page 28 explicitly advises offering either fascial-sparing ILND or open radical ILND (sparing the saphenous vein, if possible) for cN1 disease, and open radical ILND (sparing the saphenous vein, if possible) for cN2 disease, which directly aligns with the proposed treatment."	"R (Recommended)
The guideline supports the recommendation. Under the section ""Management of cN1-2 disease,"" the guideline states that patients with clinically doubtful inguinal lymph node disease should undergo radical inguinal lymphadenectomy if metastatic disease is confirmed. It further specifies that ""Radical inguinal lymphadenectomy removes the superficial and deep inguinal LNs with preservation of the long saphenous vein and fascia lata where possible,"" which directly aligns with the recommendation. The formal recommendations section on page 9 reiterates this for cN1-2 disease."	"DR (Different Recommendation)

The NCCN guideline recommends a different initial management approach for palpable, mobile inguinal nodes compared to the treatment recommendation. The guideline (page PN-4) advocates for a percutaneous lymph node biopsy first to confirm malignancy in patients with unilateral, mobile nodes <4 cm. Inguinal lymph node dissection (ILND) is only recommended as a subsequent step if the biopsy is positive. This differs from the treatment recommendation, which suggests proceeding directly to ILND for all patients with cN1-cN2 disease."
**Lymph Node Management**	If intraoperatively suspicious nodes are removed during surgery for cN+ disease, frozen section analysis should be performed. If positive, an ipsilateral radical lymphadenectomy should be completed in the same session.	DGU2020	"**Stance:** NA (Not Addressed)

**Justification:** The guideline focuses exclusively on the treatment of ""early stage"" penile cancer, detailing various organ-preserving approaches for the primary tumor such as topical therapies, laser treatment, and conservative surgery (e.g., circumcision, glansectomy). The recommendation, however, describes a specific intraoperative management strategy for clinically positive lymph nodes (cN+ disease), which represents a more advanced stage of cancer. The provided guideline does not discuss the surgical management of lymph nodes in detail, nor does it mention the use of intraoperative frozen section analysis to guide immediate radical lymphadenectomy."	"**Stance:** R (Recommended)

**Justification:** The guideline fully supports the treatment recommendation. Recommendation 7.34 states that for intraoperatively suspicious inguinal lymph nodes, a frozen section analysis should be performed, and if the result is positive, an ipsilateral radical lymphadenectomy should be carried out. The background information on page 67 further specifies that this radical lymphadenectomy should be performed in the same session, mirroring the proposed recommendation exactly."	"NA (Not Addressed)

**Justification:**
The guideline does not address the specific recommendation of using intraoperative frozen section analysis on suspicious lymph nodes in clinically node-positive (cN+) patients to decide on completing a radical lymphadenectomy in the same session. For cN+ patients, the guideline instead recommends pre-operative confirmation of metastasis via image-guided biopsy before initiating treatment (Section 5.2.3). The guideline discusses the use of frozen section analysis, but only in the context of assessing the resection margins of the primary tumor during organ-sparing surgery (Section 6.1.2.2)."	"DR (Different Recommendation)

The guideline proposes a different management strategy for clinically node-positive (cN+) disease compared to the recommendation. For palpable inguinal nodes (cN1-2), the guideline's algorithm (Figure 3) and text recommend confirming metastases pre-operatively with a fine-needle aspiration or biopsy, which is then followed by a radical inguinal lymphadenectomy. The guideline does mention using intraoperative frozen section analysis to guide a radical lymphadenectomy, but this is specifically recommended for high-risk, clinically node-negative (cN0) patients undergoing a modified dissection when a sentinel node biopsy is unavailable."	"**Stance:** DR (Different Recommendation)

**Justification:** The NCCN guideline recommends a different diagnostic and therapeutic pathway for clinically node-positive (cN+) disease. For palpable, non-bulky nodes, the guideline recommends a pre-operative percutaneous biopsy to confirm metastasis (PN-4). If the biopsy is positive, the guideline then recommends a bilateral inguinal lymph node dissection (ILND), not an ipsilateral one as suggested in the recommendation. The rationale provided in the discussion section is that in patients with a unilateral palpable node, approximately 30% will have positive contralateral nodes that are not palpable, thus warranting a bilateral procedure (MS-12)."
**Lymph Node Management**	**For bulky, fixed, or extensive inguinal nodes (cN3), neoadjuvant chemotherapy (NAC) with a cisplatin- and taxane-based regimen is preferred over up-front surgery.**	DGU2020; EAU-ASCO2025; ESMO2024; NCCN2025	"NA (Not Addressed)

The treatment recommendation specifies management for bulky, fixed, or extensive inguinal nodes (cN3), which represents advanced nodal disease. The provided AUA guideline, as indicated by its title ""Treatment of Early Stage Squamous Cell Carcinoma of the Penis"" and its learning objective, explicitly focuses on early-stage cancer. The document details treatments for localized tumors (Tis, Ta, T1) but does not address the management of advanced cN3 nodal disease or the use of neoadjuvant chemotherapy in this specific context."	"**R (Recommended)**

The guideline aligns with the treatment recommendation. Recommendation 7.44 states that patients with fixed inguinal lymph nodes (equivalent to cN3) should receive neoadjuvant chemotherapy. The background information on page 73 further explains that neoadjuvant chemotherapy is indicated for patients with large and fixed lymph node metastases because primary surgery is often not curative. Finally, Recommendation 7.47 specifies that the neoadjuvant chemotherapy should be a polychemotherapy regimen including paclitaxel (a taxane) and cisplatin, which matches the regimen mentioned in the recommendation."	"**R (Recommended)**

The guideline explicitly supports the treatment recommendation. In the recommendations table for the management of cN3 disease, it states, ""Offer neoadjuvant chemotherapy (NAC) using a cisplatin- and taxane-based combination to chemotherapy-fit patients with... extensive inguinal involvement (cN3), in preference to up-front surgery"" (p. 31, 33). The text further elaborates that NAC is a ""reasonable strategy"" for cN3 patients, while upfront surgery is ""discouraged in routine management"" due to high complication rates (p. 30, Section 6.3.2)."	"R (Recommended)
The ESMO guideline supports the recommendation for neoadjuvant chemotherapy (NAC) in patients with bulky, ulcerated, or fixed inguinal nodes (cN3). The guideline specifically recommends that patients with cN3 disease should be considered for NAC with triplet regimens. The suggested regimens, such as TIP (cisplatin-paclitaxel-ifosfamide) and TPF (docetaxel-cisplatin-fluorouracil), are consistent with the cisplatin- and taxane-based approach mentioned in the recommendation. This NAC approach is advised prior to surgical consolidation, aligning with the recommendation that it is preferred over up-front surgery."	"**Stance:** R (Recommended)

**Justification:** The NCCN guideline aligns with the recommendation for treating bulky, fixed, or extensive inguinal nodes (cN3). The algorithms on pages PN-5 and PN-6 show that for patients with unilateral fixed nodes or bilateral nodes, a positive biopsy leads to ""Neoadjuvant TIP chemotherapy"" followed by surgery (ILND/PLND). The ""Principles of Systemic Therapy"" section (PN-D, 1 of 5) explicitly states that the preferred neoadjuvant regimen is ""TIP (paclitaxel, ifosfamide, and cisplatin),"" which is a taxane- and cisplatin-based regimen, and it is preferred prior to surgery for these patients."
**Lymph Node Management**	Minimally-invasive ILND for cN1–2 disease should only be offered as part of a clinical trial. It is contraindicated for cN3 disease.	EAU-ASCO2025	"NA (Not Addressed)

The treatment recommendation provides specific guidance on the use of minimally-invasive inguinal lymph node dissection (ILND) for patients with cN1–3 disease. The provided guideline, ""Treatment of Early Stage Squamous Cell Carcinoma of the Penis,"" focuses exclusively on managing the primary tumor in early stages (Tis, Ta, T1) through topical therapies, laser ablation, and organ-sparing surgery. While the guideline acknowledges the need for inguinal node evaluation, it does not discuss the management of clinically positive nodes or compare different surgical techniques for lymphadenectomy, such as minimally-invasive ILND."	"DR (Different Recommendation)
The treatment recommendation suggests that minimally-invasive inguinal lymph node dissection (ILND) for cN1-2 disease should only be performed within a clinical trial. The guideline, however, presents minimally invasive techniques (video-endoscopic and robot-assisted) as options that can be used to reduce the complication rates of open surgery (page 68). It states that studies have shown these procedures to be safe with lower morbidity and comparable short-term oncological outcomes, implying a broader acceptance than the ""clinical trial only"" restriction. The guideline does not explicitly contraindicate the procedure for cN3 disease, instead focusing on a neoadjuvant chemotherapy approach for these patients."	"R (Recommended)
The guideline fully supports the treatment recommendation. For cN1–2 disease, the recommendations table on page 28 explicitly states, ""Offer minimally-invasive ILND to patients with cN1–2 disease only as part of a clinical trial."" For cN3 disease, the guideline states on page 31 that minimally-invasive techniques are ""considered inappropriate,"" and the corresponding recommendations table states, ""Do not offer video endoscopic inguinal lymphadenectomy."" This aligns perfectly with the recommendation that the procedure is contraindicated for cN3 disease."	"**Stance:** DR (Different Recommendation)

**Justification:** The guideline recommends radical inguinal lymphadenectomy as the standard procedure for cN1-2 disease. While it acknowledges that minimally invasive (robotic or laparoscopic) approaches have demonstrated some benefits like reduced blood loss and shorter hospital stays, it explicitly states that the evidence is based on small patient series and is insufficient to conclude on oncological outcomes. The guideline does not endorse offering minimally invasive ILND, even in a clinical trial setting, instead recommending the established open radical procedure."	"**Stance:** DR (Different Recommendation)

**Justification:** The guideline's stance differs from the recommendation's restriction of minimally-invasive inguinal lymph node dissection (ILND) to clinical trials. The guideline's Discussion section (MS-11) acknowledges that ""Data on robotic ILND are limited,"" but states that a systematic review has reported the approach is ""safe and effective, with lower morbidity than open surgery when carefully selecting for patients with non-palpable or non-bulky inguinal nodes."" By presenting it as a viable option for a select patient group without mandating a clinical trial, the guideline offers a less restrictive recommendation."
**Lymph Node Management**	**Following a response to neoadjuvant chemotherapy, patients should undergo consolidative surgery,** including radical inguinal lymphadenectomy and possible pelvic lymphadenectomy.	DGU2020; EAU-ASCO2025; ESMO2024; NCCN2025	"**Stance:** NA (Not Addressed)

**Justification:** The guideline is explicitly focused on the ""Treatment of Early Stage Squamous Cell Carcinoma of the Penis,"" detailing local therapies such as topical treatments, laser therapy, and organ-sparing surgery for Tis, Ta, and T1 tumors. The treatment recommendation addresses a more advanced stage of disease requiring neoadjuvant chemotherapy followed by consolidative lymphadenectomy. This specific clinical scenario for advanced or node-positive cancer is outside the scope of the provided guideline, which therefore does not address this recommendation."	"R (Recommended)
The guideline supports the recommendation for consolidative surgery following a response to neoadjuvant chemotherapy. Recommendation 7.48 states that if neoadjuvant chemotherapy leads to a response, surgery should be performed after a maximum of 4 cycles. The background information for recommendations 7.43 to 7.45 also discusses the use of neoadjuvant chemotherapy before performing a radical lymphadenectomy, which is the type of surgery specified in the treatment recommendation. This confirms a clear alignment between the guideline and the proposed treatment."	"**R (Recommended)**

The guideline aligns with the treatment recommendation. Section 6.3.2 states that for cN3 patients who respond to neoadjuvant chemotherapy (NAC), ""surgical resection to remove all residual disease utilising radical inguinal and PLND techniques is the preferred strategy."" This is further supported by a ""Strong"" recommendation in Section 6.3.5 to ""Offer surgery to patients responding to NAC in whom resection is feasible,"" directly mirroring the proposed treatment."	"R (Recommended)
The guideline aligns with the recommendation by advising that for patients with bulky or ulcerated (cN3) disease, neoadjuvant chemotherapy should be followed by surgery in those who respond. Specifically, the guideline states that ""Neoadjuvant chemotherapy (ChT) followed by ipsilateral radical inguinal and pelvic lymphadenectomy in responders is recommended."" Furthermore, in the final recommendations section, it advises that responders to neoadjuvant chemotherapy ""should be considered for consolidation surgery."""	"**R (Recommended)**

The guideline recommends consolidative surgery for patients who have a stable or responding disease following neoadjuvant chemotherapy. The algorithm for managing enlarged pelvic lymph nodes (PN-7) shows that surgical candidates who have a ""Stable or clinical response"" to neoadjuvant chemotherapy should proceed to ""Consolidation surgery."" A footnote defines this surgery as ""bilateral superficial and deep ILND and unilateral/bilateral PLND."" This is further supported in the discussion section (MS-13), which states that patients with a stable, partial, or complete response following systemic chemotherapy may benefit from surgical consolidation."
**Lymph Node Management**	**Ipsilateral pelvic lymph node dissection (PLND) is recommended for patients with ≥2-3 positive inguinal nodes on one side or with extranodal extension.**	DGU2020; EAU-ASCO2025; ESMO2024; NCCN2025	"NA (Not Addressed)

The AUA Update Series guideline focuses exclusively on the ""Treatment of Early Stage Squamous Cell Carcinoma of the Penis,"" as stated in its title and learning objective. The provided text discusses management options for primary tumors classified as Tis, Ta, and T1. The recommendation, however, pertains to managing advanced nodal disease (multiple positive inguinal nodes or extranodal extension) with a pelvic lymph node dissection, a topic outside the stated scope of this early-stage guideline."	"**R (Recommended)**

**Justification:**
The guideline directly supports the treatment recommendation. Specifically, recommendation 7.36 on page 69 states that ipsilateral pelvic lymph node dissection should be performed for patients with ""two or more affected inguinal lymph nodes"" or with ""capsule-penetrating lymph node metastases."" These criteria directly correspond to the recommendation's indications of ""≥2-3 positive inguinal nodes"" and ""extranodal extension,"" respectively."	"**R (Recommended)**

**Justification:**
The guideline aligns with the treatment recommendation. Section 6.2.3.1.1 identifies risk factors for pelvic nodal metastasis, stating that ""the number of positive inguinal LNs (1–2 vs. 3, or more...)"" and ""the presence of extracapsular spread"" are key predictors. The formal recommendation table on page 30 advises to ""Offer...prophylactic ipsilateral pelvic lymphadenectomy"" to patients if ""three or more inguinal nodes are involved on one side"" or ""extranodal extension is reported."" This directly supports the criteria outlined in the treatment recommendation."	"R (Recommended)
The guideline aligns with the treatment recommendation. Under the ""Recommendations"" section for PLND, it explicitly states, ""Unilateral pelvic lymphadenectomy is recommended in patients with two or more ipsilateral inguinal metastases, metastasis with a diameter of ≥30 mm or extranodal extension [III, A]."" This directly supports performing the procedure for patients with two or more positive inguinal nodes or extranodal extension, as specified in the recommendation."	"**Stance:** R (Recommended)

**Justification:** The NCCN guideline supports performing a pelvic lymph node dissection (PLND) for patients with an increased burden of inguinal nodal disease. The ""Principles of Surgery"" section (page PN-B) states that ""PLND should be considered... in patients with ≥2 positive inguinal nodes on the ipsilateral ILND site or in the presence of extranodal extension."" The discussion section (page MS-12) further recommends PLND for patients with three or more positive inguinal lymph nodes and notes that unilateral PLND is a feasible approach for three or fewer metastases. This directly aligns with the recommendation's criteria and laterality."
**Systemic Therapy**	**Recommended neoadjuvant chemotherapy regimens are cisplatin- and taxane-based triplets,** such as TIP (Paclitaxel/Ifosfamide/Cisplatin) or TPF (Cisplatin/Paclitaxel/5-Fluorouracil).	DGU2020; EAU-ASCO2025; ESMO2024; NCCN2025	"**Stance:** NA (Not Addressed)

**Justification:**
The guideline's stance is Not Addressed (NA). The document's scope is explicitly limited to the ""Treatment of Early Stage Squamous Cell Carcinoma of the Penis,"" which primarily involves topical treatments, laser therapy, and various surgical excisions. The recommendation for specific neoadjuvant chemotherapy regimens like TIP or TPF is for advanced disease, a topic that falls outside the focus of this guideline. The guideline mentions neoadjuvant chemotherapy only once, in the context of laser therapy, referencing a different drug combination and concluding that its role is not clearly established."	"**Stance:** R (Recommended)

**Justification:** The guideline aligns with the treatment recommendation. Recommendation 7.47 on page 74 explicitly states that neoadjuvant chemotherapy should be administered as a polychemotherapy consisting of either ""Paclitaxel, Ifosfamid und Cisplatin"" (the TIP regimen) or ""Cisplatin, Paclitaxel und 5-Fluorouracil"" (the TPF regimen). This directly supports the proposed recommendation to use these specific cisplatin- and taxane-based triplets."	"R (Recommended)
The guideline supports the use of cisplatin- and taxane-based combinations for neoadjuvant chemotherapy. It specifically discusses phase II trials that evaluated the efficacy of the TIP (paclitaxel, cisplatin, and ifosfamide) and TPF (docetaxel, cisplatin, and 5-FU) regimens mentioned in the recommendation. The guideline concludes in its summary of evidence that ""The available evidence favours a cisplatin- and taxane-based combination (doublet or triplet) as the preferred approach"" (page 33), directly aligning with the proposed treatment."	"*   **Stance:** R (Recommended)
*   **Justification:** The guideline fully supports the treatment recommendation. It explicitly states that for patients with locally advanced disease (cN3 fixed nodes), neoadjuvant chemotherapy with a triplet regimen should be considered. The guideline specifically names TIP (cisplatin–paclitaxel–ifosfamide) and TPF (docetaxel–cisplatin–fluorouracil) as the recommended regimens in this setting."	"**Stance:** DR (Different Recommendation)

**Justification:** The NCCN guideline recommends a more specific neoadjuvant approach than the one proposed. While it identifies TIP (paclitaxel, ifosfamide, and cisplatin) as the ""Preferred Regimen"" for neoadjuvant chemotherapy, aligning with part of the recommendation, it does not mention TPF. Furthermore, the guideline explicitly states that the 5-FU + cisplatin combination, a core component of the TPF regimen, is ""not recommended for neoadjuvant setting,"" thereby differing from the recommendation which suggests TPF as a viable option."
**Systemic Therapy**	**Adjuvant chemotherapy should be considered for patients with pN2 or pN3 disease** following lymph node dissection.	DGU2020; EAU-ASCO2025; ESMO2024; NCCN2025	"NA (Not Addressed)

The AUA Update Series guideline focuses exclusively on the ""Treatment of Early Stage Squamous Cell Carcinoma of the Penis,"" covering topics like topical therapies, laser therapy, and organ-preserving surgery for Tis, Ta, and T1 tumors. The treatment recommendation, however, pertains to adjuvant chemotherapy for advanced nodal disease (pN2 or pN3) following lymph node dissection. As the guideline's scope is explicitly limited to early-stage cancer, it does not address the management of patients with confirmed, high-volume lymph node metastasis."	"R (Recommended)
The guideline aligns with the treatment recommendation. Specifically, in section 7.2.2.3, recommendation 7.37 states that adjuvant chemotherapy ""can be performed"" (kann ... erfolgen) for patients with involved inguinal lymph nodes pN2/pN3. This directly supports the proposal that adjuvant chemotherapy ""should be considered"" for this specific patient group. The background information further clarifies that the existing data primarily supports a recommendation for patients with a pN2/pN3 status."	"**Stance:** DR (Different Recommendation)

**Justification:**
The guideline does not recommend considering adjuvant chemotherapy for all patients with pN2 or pN3 disease. It explicitly states there is ""no strong data supporting the use of adjuvant chemotherapy to improve OS"" and that a recent meta-analysis found no difference in survival. Instead of a broad recommendation, the guideline suggests a ""balanced discussion of risks and benefits"" for high-risk patients, particularly those with pathological N3 disease, based on weak evidence. This is a more cautious and selective approach than the treatment recommendation provided."	"*   **Stance:** R (Recommended)
*   **Justification:** The guideline explicitly supports the treatment recommendation. In the recommendations section, it states that ""Patients with pN2 and pN3 disease following LND should be considered for adjuvant ChT following surgery [III, B]."" This statement is in direct alignment with the proposed recommendation to consider adjuvant chemotherapy for patients with pN2 or pN3 disease after lymph node dissection."	"**R (Recommended)**

**Justification:**
The NCCN guideline recommends considering adjuvant therapy, including chemotherapy, for patients with pN2 or pN3 disease. The algorithm ""MANAGEMENT OF PALPABLE NON-BULKY INGUINAL LYMPH NODES"" (PN-4) explicitly lists ""Chemotherapy (category 2B)"" as a potential treatment following lymph node dissection for patients with pN2-3 disease. Furthermore, the discussion section reinforces this, stating that for patients with pN2 or pN3 disease, ""treatment may entail adjuvant...chemotherapy following ILND or PLND"" (MS-14)."
**Systemic Therapy**	Adjuvant radiotherapy (with or without chemo-sensitization) should be offered or considered for patients with high-risk pathological findings such as pN2/N3 disease or extranodal extension.	DGU2020; EAU-ASCO2025; ESMO2024; NCCN2025	"NA (Not Addressed)

The guideline is explicitly focused on the ""Treatment of Early Stage Squamous Cell Carcinoma of the Penis,"" as stated in the title and learning objective. The treatment recommendation addresses adjuvant radiotherapy for high-risk pathological findings like pN2/N3 disease or extranodal extension, which represent advanced nodal disease. The provided guideline does not discuss the management of advanced nodal disease and therefore does not address this specific recommendation."	"R (Recommended)
The guideline aligns with the treatment recommendation. Recommendation 7.42 states that while adjuvant radiotherapy after lymph node dissection cannot be generally recommended, it can be considered (""kann erwogen werden"") for patients with a high risk of lymph node recurrence. The background information on page 72 further clarifies that high-risk factors include extranodal extension (""extranodaler Befall"") and ≥ 2 lymph node metastases, which corresponds to the pN2/N3 disease mentioned in the treatment recommendation. This specific consideration for a high-risk subgroup is consistent with the proposal to offer or consider adjuvant radiotherapy for these patients."	"**R (Recommended)**

The guideline recommends offering adjuvant radiotherapy, with or without chemo-sensitization, to patients with pN2/N3 disease. This directly aligns with the proposed treatment recommendation for patients with high-risk pathological findings like pN2/N3 disease or extranodal extension (ENE). The recommendations table on page 35 specifically states: ""Offer adjuvant radiotherapy (with or without chemo sensitisation) to patients with pN2/N3 disease..."". Although the guideline assigns this a ""Weak"" strength rating and notes the evidence is controversial, it still presents this as a treatment option for the specified high-risk group."	"R (Recommended)
The guideline supports the treatment recommendation. Under the section ""Adjuvant post-operative RT for regional LN metastases,"" it explicitly states that clinicians may consider adjuvant radiotherapy in combination with adjuvant chemotherapy for patients with pN3 disease. This aligns with the recommendation to offer or consider adjuvant radiotherapy (with or without chemo-sensitization) for patients with high-risk findings, including pN2/N3 disease and extranodal extension."	"**Stance:** R (Recommended)

**Justification:** The NCCN guideline consistently supports the use of adjuvant radiotherapy in patients with high-risk pathological findings. Multiple sections recommend considering adjuvant radiotherapy (RT) or chemoradiotherapy (chemo/RT) for pN2-3 disease and/or the presence of extranodal extension following surgery (PN-4, PN-12). The ""Principles of Radiotherapy"" section (PN-C) further specifies adjuvant chemo/RT as a consideration for pN2–3 disease and for boosting areas of extracapsular extension, directly aligning with the provided recommendation."
**Systemic Therapy**	Definitive radiotherapy (with or without chemo sensitization) can be offered to patients who are unwilling or unable to undergo surgery.	EAU-ASCO2025	"**Stance:** R (Recommended)

**Justification:** The guideline aligns with the recommendation by identifying radiation therapy as a treatment option for a specific patient population. The text states, ""Urologists may consider radiation for patients who are unfit for surgery and are willing to accept the late onset side effects associated with it."" This directly supports offering radiotherapy to patients who are ""unwilling or unable to undergo surgery,"" as specified in the recommendation."	"R (Recommended)
The guideline presents surgery as the primary therapy for T3 and T4 tumors. However, it explicitly states that local radiotherapy can be performed as an alternative for T3 tumors (Recommendation 7.23) and should be considered for T4 tumors (Recommendation 7.24). Additionally, the section on palliative radiotherapy (7.3.2) indicates its use when intensive therapy is not possible due to the patient's condition or comorbidities, which aligns with the recommendation for patients ""unable to undergo surgery""."	"**R (Recommended)**

The guideline directly supports the treatment recommendation. In the recommendations table under section 6.4.2.3, ""Summary of evidence and guidelines for pre- and post-operative radiotherapy,"" the guideline explicitly states: ""Offer definitive radiotherapy (with or without chemo sensitisation) to patients unwilling or unable to undergo surgery"" (page 35). This language is nearly identical to the proposed recommendation, confirming that this approach is advised for this specific patient population."	"R (Recommended)
The guideline supports this recommendation. It states that for localized penile cancer, treatment should be carried out with curative intent using either surgical resection or radiotherapy (RT). The text explicitly mentions that brachytherapy, a form of RT, is suitable for selected cases where ""the patient does not want to undergo surgical intervention"" and is also recommended ""especially if surgery is not an option."" This aligns with offering radiotherapy to patients who are unwilling or unable to have surgery."	"R (Recommended)
The NCCN guideline supports the recommendation to offer definitive radiotherapy to patients who are unable or unwilling to undergo surgery. On page PN-C, under ""Principles of Radiotherapy,"" the guideline lists External Beam Radiation Therapy (EBRT), with or without concurrent chemotherapy, as a primary treatment option for T1–2 tumors. It also specifically states to ""Consider prophylactic EBRT to inguinal lymph nodes in patients who are not surgical candidates or who decline surgical management,"" directly aligning with the patient population described in the recommendation."
**Systemic Therapy**	**For first-line treatment of metastatic disease, platinum-based combination chemotherapy is the preferred approach.** Recommended regimens include TIP, TPF, or cisplatin + 5-FU.	DGU2020; EAU-ASCO2025; ESMO2024; NCCN2025	"NA (Not Addressed)

The guideline exclusively focuses on the ""Treatment of Early Stage Squamous Cell Carcinoma of the Penis,"" as stated in its title and learning objective. It details local and organ-preserving therapies such as topical treatments, laser therapy, and various surgical excisions for non-invasive (Tis) and early-stage (Ta, T1) disease. The treatment recommendation, however, pertains to first-line systemic chemotherapy for metastatic disease, an advanced stage of cancer that is outside the scope of the provided guideline."	"**Stance:** R (Recommended)

**Justification:** The guideline aligns with the recommendation by stating that chemotherapy for metastatic disease should be cisplatin-based (Recommendation 7.52) and given as a combination therapy (Recommendation 7.53). It specifically recommends a regimen of cisplatin, ifosfamide, and paclitaxel (TIP) (Recommendation 7.54) and alternatively, the combination of cisplatin and 5-fluorouracil (Recommendation 7.55). These are two of the three specific regimens mentioned in the treatment recommendation, indicating strong support for this approach."	"**R (Recommended)**

The guideline aligns with the recommendation to use platinum-based combination chemotherapy as the preferred first-line treatment for metastatic disease. Section 6.5.2 states, ""These data support the recommendation of platinum-based chemotherapy as the preferred approach to first-line palliative systemic therapy,"" and specifically mentions triplet regimens like TPF and TIP, as well as doublets like PF (cisplatin + 5-FU). This is formalized in the recommendations table in Section 6.5.4, which advises to ""Offer patients with distant metastatic disease, platinum-based chemotherapy as the preferred approach to first-line palliative systemic therapy."""	"R (Recommended)
The guideline supports the use of platinum-based combination chemotherapy as the first-line treatment for metastatic penile cancer. Under the section ""Palliative ChT for metastatic disease,"" it states that ""First-line cisplatin-based combination ChT... is recommended for the treatment of metastatic disease."" The guideline further identifies cisplatin plus 5-FU, TIP, and TPF as ""reasonable choices for first-line systemic therapy,"" directly aligning with the regimens specified in the recommendation."	"R (Recommended)
The guideline aligns with the treatment recommendation by identifying platinum-based combination chemotherapy as the standard first-line approach for metastatic penile cancer. The ""Principles of Systemic Therapy"" section explicitly lists TIP (paclitaxel, ifosfamide, and cisplatin) as the ""Preferred Regimen"" for first-line systemic therapy for metastatic/recurrent disease (PN-D 2 of 5). Additionally, it includes 5-FU + cisplatin as an ""Other Recommended Regimen,"" directly supporting the core components of the proposed treatment."
**Systemic Therapy**	**Bleomycin-containing chemotherapy regimens should not be used** due to the risk of pulmonary toxicity.	DGU2020; EAU-ASCO2025; NCCN2025	"NA (Not Addressed)

The guideline mentions a retrospective study where some patients received a chemotherapy regimen including bleomycin, vincristine, and methotrexate prior to CO2 laser excision. However, the text does not offer any recommendation for or against the use of bleomycin. Furthermore, it does not address the specific risk of pulmonary toxicity associated with bleomycin-containing regimens."	"**R (Recommended)**

**Justification:**
The guideline directly aligns with the treatment recommendation. Recommendation 7.56 (page 78) explicitly states, ""Bleomycin-containing combination therapies should no longer be used because of toxicity"" (""Bleomycin-haltige Kombinationstherapien sollten wegen der Toxizität nicht mehr verwendet werden""). Furthermore, the background text on page 79 reinforces this by declaring that the use of bleomycin-containing regimens is ""obsolete due to pulmonary toxicity"" (""Die Anwendung von Bleomycin-haltigen Schemata ist aufgrund der pulmonalen Toxizität obsolet"")."	"**R (Recommended)**

**Justification:** The guideline explicitly supports the recommendation. In Section 6.5.2, it mentions that for bleomycin-containing regimens, ""Toxicity was a concern..., especially pulmonary toxicity from bleomycin"" (page 35). This is formalized in the recommendations table in Section 6.5.4, which gives a ""Strong"" recommendation to ""Do not offer bleomycin because of the pulmonary toxicity risk"" (page 37)."	"R (Recommended)
The guideline supports the recommendation, stating that older chemotherapy regimens for metastatic disease, such as methotrexate-bleomycin-cisplatin, ""have been largely superseded due to concerns over toxicity."" This aligns directly with the recommendation to avoid bleomycin-containing regimens due to their high toxicity profile. The guideline reinforces that these older treatments are no longer standard of care."	"**Stance:** R (Recommended)

**Justification:** The guideline explicitly supports the recommendation to avoid bleomycin. On page PN-D (2 of 5), under ""First-Line Systemic Therapy for Metastatic/Recurrent Disease,"" it states, ""Not recommended: Bleomycin-containing regimens are associated with unacceptable toxicity."" The discussion section on page MS-17 further clarifies this by stating, ""The Panel does not recommend regimens containing bleomycin because of high pulmonary-related toxicity,"" directly aligning with the recommendation's reasoning."
**Systemic Therapy**	For patients with progressive disease, enrollment in a clinical trial is the preferred option for subsequent-line therapy.	EAU-ASCO2025; ESMO2024; NCCN2025	"NA (Not Addressed)

The guideline focuses exclusively on the ""Treatment of Early Stage Squamous Cell Carcinoma of the Penis,"" as stated in its title and learning objective. It details various local management options such as topical therapies, laser therapy, and organ-preserving surgery for non-invasive or early invasive disease (Tis, Ta, T1). The treatment recommendation, however, pertains to patients with ""progressive disease"" requiring ""subsequent-line therapy,"" which implies a more advanced stage of cancer that is beyond the scope of this guideline. Therefore, the guideline does not address or provide recommendations for this patient population or the role of clinical trials in their management."	"**Stance:** DR (Different Recommendation)

**Justification:** The guideline states that there is no standard therapy for second-line treatment of progressive/metastatic penile cancer (Statement 7.57). Instead of preferring clinical trial enrollment, it suggests that paclitaxel monotherapy can be used as a second-line option (Recommendation 7.58). While the guideline generally mentions that patients should be informed about the possibility of participating in clinical trials, it does not prioritize this over other treatments for subsequent-line therapy."	"R (Recommended)
The guideline strongly supports the recommendation. It explicitly states, ""Offer patients with progressive disease under platinum chemotherapy the opportunity to enroll in clinical trials, including experimental therapies within phase I or basket trials,"" and assigns this a ""Strong"" strength rating. The text further justifies this by highlighting that ""Effective second-line palliative chemotherapy regimens are lacking,"" making enrollment in clinical trials the preferred and recommended path for subsequent-line therapy."	"R (Recommended)
The guideline aligns with the recommendation to consider clinical trials for progressive disease. In its recommendations for metastatic penile cancer, the guideline states that ""Clinical trial enrolment is strongly recommended."" More specifically, for patients with ""no response or disease progression,"" it advises that ""second-line systemic ChT or RT for local control and/or best supportive care or a clinical trial may be considered,"" directly supporting the use of clinical trials as an option for subsequent-line therapy."	"R (Recommended)
The guideline aligns with the recommendation by explicitly stating that a clinical trial is the preferred regimen for subsequent-line systemic therapy in patients with metastatic or recurrent disease. The ""Principles of Systemic Therapy"" table (PN-D, 3 of 5) lists ""Clinical trial"" as the ""Preferred Regimen"" in this setting. This is further supported by the algorithm for managing metastatic disease (PN-10), which recommends considering a clinical trial for patients with disease progression."
**Systemic Therapy**	Subsequent-line therapy options may include paclitaxel monotherapy or, for biomarker-selected tumors (MSI-H, dMMR, TMB-H), immunotherapy such as pembrolizumab.	DGU2020; ESMO2024; NCCN2025	"NA (Not Addressed)

The guideline focuses exclusively on the ""Treatment of Early Stage Squamous Cell Carcinoma of the Penis,"" as stated in its title and learning objective. It details local and organ-preserving therapies such as topical agents (5-FU, imiquimod), laser therapy, and various surgical approaches. The treatment recommendation, however, pertains to systemic, subsequent-line therapies like paclitaxel and immunotherapy (pembrolizumab) for biomarker-selected tumors, which are typically used for advanced or metastatic disease. The guideline's scope does not extend to these advanced-stage treatments, and therefore it does not mention or discuss the specific agents or clinical scenarios in the recommendation."	"**Stance:** R (Recommended)

**Justification:** The guideline aligns with the proposed subsequent-line therapy options. Guideline recommendation 7.58 (p. 78) explicitly states that paclitaxel can be used as monotherapy in the second line. Furthermore, the background text (p. 79) discusses immunotherapy with checkpoint inhibitors, suggesting that determining microsatellite status can be useful for considering immunotherapy, which corresponds to the biomarker-selected approach in the recommendation. Although the guideline notes there is no standard second-line therapy and evidence is limited, it presents both paclitaxel and biomarker-guided immunotherapy as valid considerations."	"R (Recommended)
The guideline supports the recommendation for subsequent-line therapy. It explicitly mentions a retrospective study of paclitaxel single-agent chemotherapy as a second-line treatment, noting a 20% response rate (page 36). Regarding immunotherapy, the guideline identifies it as an emerging potential treatment for advanced penile cancer and strongly recommends enrolling patients with progressive disease into clinical trials, including experimental therapies in basket trials, which aligns with the recommendation's suggestion for biomarker-selected use (pages 36-37)."	"R (Recommended)
The guideline supports this recommendation for subsequent-line therapy. It notes that ""Single-agent paclitaxel has been used in the second-line setting as it is well tolerated"" (p. 10). For biomarker-selected patients, the guideline states that pembrolizumab has FDA approval for MSI-H, dMMR, and high TMB tumors and explicitly recommends that ""In selected patients whose tumours have a high TMB, MSI-H or dMMR, the use of anti-PD-L1 immunotherapy can be considered"" (p. 11)."	"R (Recommended)
The guideline aligns with the treatment recommendation. In the section ""Subsequent-Line Systemic Therapy for Metastatic/Recurrent Disease,"" pembrolizumab is listed as a preferred regimen for patients with unresectable or metastatic tumors that are MSI-H, dMMR, or TMB-H (PN-D 3 of 5). The guideline also lists paclitaxel as a treatment option that is ""Useful in Certain Circumstances"" in this same setting."
**Palliative & Supportive Care**	Patients with metastatic disease or requiring multimodal therapy should be discussed in an interdisciplinary tumor board.	DGU2020	"NA (Not Addressed)
The guideline focuses exclusively on the ""Treatment of Early Stage Squamous Cell Carcinoma of the Penis,"" as stated in its title and learning objective. The recommendation addresses the management of patients with metastatic disease, which is an advanced stage of cancer. Because the guideline's scope is limited to early-stage disease, it does not discuss or mention the management of metastatic patients or the use of an interdisciplinary tumor board."	"R (Recommended)
The guideline strongly recommends the proposed treatment. Recommendation 7.43 explicitly states that ""Patients with metastatic penile carcinoma and/or the necessity of multimodal therapy should be discussed in an interdisciplinary tumor board."" The background information further clarifies that curative therapy for metastatic disease can only be achieved in a multimodal setting, and thus, therapeutic decisions should be made by an interdisciplinary tumor board. This principle is also established as a quality indicator (QI 7) for patient care."	"**R (Recommended)**

**Justification:**
The guideline strongly advocates for a multidisciplinary approach to penile cancer care, which aligns with the recommendation. Section 1.2 notes that the guideline panel itself is a ""multi-disciplinary group,"" and the preface (Section 1.5) emphasizes a ""holistic and multi-disciplinary approach"" early in the patient pathway. More directly, Section 7.4 highlights that a key advantage of centralizing care is providing an environment where ""multi-disciplinary discussion of cases can occur."" Finally, a strong recommendation in Section 7.5 is to ""Deliver penile cancer care as part of an extended multi-disciplinary team,"" which directly supports discussing complex cases, such as those with metastatic disease or needing multimodal therapy, in a tumor board setting."	"**Stance:** R (Recommended)

**Justification:** The guideline aligns with the recommendation for a multidisciplinary approach in complex cases. Specifically, for patients with pT1 disease considering brachytherapy, it states they should be referred to specialist centers for ""multidisciplinary consideration."" This principle is also implicitly supported for advanced and metastatic disease, where the guideline discusses complex multimodal treatments involving surgery, chemotherapy, and/or radiation therapy, necessitating collaborative decision-making."	"NA (Not Addressed)

The NCCN guideline provides detailed treatment algorithms and principles for managing metastatic penile cancer and using multimodal therapies, including chemotherapy, surgery, and radiation therapy. However, the document does not contain an explicit recommendation for or mention of discussing these complex cases in an interdisciplinary tumor board or multidisciplinary team meeting. While the nature of the therapies implies collaboration between different specialties, the specific procedural step of a formal tumor board discussion is not addressed."
**Palliative & Supportive Care**	Palliative radiotherapy can be offered for symptom control in advanced disease (e.g., 30 Gy in 10 fractions).	EAU-ASCO2025; NCCN2025	"NA (Not Addressed)

The AUA guideline explicitly focuses on the ""Treatment of Early Stage Squamous Cell Carcinoma of the Penis,"" as stated in its title and learning objectives. Its content details management for non-invasive and early-stage disease (e.g., Tis, Ta, T1). The treatment recommendation, in contrast, concerns palliative radiotherapy for symptom control in advanced disease, a topic that falls outside the scope of this specific early-stage guideline."	"R (Recommended)
The guideline supports the use of palliative radiotherapy for symptom control in patients with advanced penile cancer. Section 7.3.2 (""Palliative Strahlentherapie"") explicitly states that palliative radiotherapy is used to improve symptoms and prevent complications in the palliative setting. The guideline suggests a hypofractionated approach with single doses of 3 to 5 Gy, providing an example of 12 x 3 Gy (36 Gy total), which is consistent with the recommendation's example of 30 Gy in 10 fractions (3 Gy per fraction)."	"*   **Stance:** R (Recommended)
*   **Justification:** The guideline strongly supports the use of palliative radiotherapy for symptom control in advanced penile cancer. Section 6.5.3, ""Role of radiotherapy in palliation,"" states that it is ""frequently necessary"" and that ""standard palliative regimens should be readily employed."" Furthermore, the recommendations table in section 6.5.4 gives a ""Strong"" rating to the statement, ""Offer radiotherapy for symptom control (palliation) in advanced disease,"" which directly aligns with the treatment recommendation."	"R (Recommended)
The guideline supports the use of palliative radiotherapy for advanced penile cancer. In the ""Recommendations"" section for metastatic disease, it states, ""Palliative RT or RT with concurrent ChT for sites requiring local control should be considered [V, C]."" This aligns directly with the treatment recommendation to offer palliative radiotherapy for symptom control in advanced disease."	"**Stance:** R (Recommended)

**Justification:** The NCCN guideline directly supports the treatment recommendation. On the ""Principles of Radiotherapy"" page (PN-C), under the specific heading ""Palliative RT,"" the guideline states, ""Consider a palliative dose of 30 Gy in 10 fractions."" This aligns perfectly with the dose and fractionation schedule proposed in the recommendation for symptom control in advanced disease."
**Palliative & Supportive Care**	For chronic lymphedema resulting from treatment, a complex decongestive therapy (lymphatic drainage, compression therapy, and skin care) should be performed.	DGU2020	"NA (Not Addressed)

The guideline provides a comprehensive overview of primary treatment modalities for early-stage penile cancer, including topical therapies, laser therapy, surgery, and radiation. It discusses the epidemiology, diagnosis, and direct outcomes of these treatments. However, the document does not address the management of long-term or secondary complications resulting from these treatments, such as chronic lymphedema. Therefore, the specific recommendation for using complex decongestive therapy for lymphedema is not mentioned."	"**R (Recommended)**

**Justification:**
The guideline directly and explicitly supports the treatment recommendation. In section 8.3.3, ""Symptom-oriented treatment of malignant lymphedema,"" recommendation 8.7 states that for chronic lymphedema in penile cancer patients, a ""komplexe Entstauungsbehandlung"" (complex decongestive therapy) should be performed. The guideline specifies this therapy includes the exact components mentioned in the recommendation: lymphatic drainage, compression therapy, and skin care."	"**Stance:** R (Recommended)

**Justification:** The guideline aligns with the recommendation for treating chronic lymphedema with complex decongestive therapy. Section 7.3.5, ""Lymphoedema,"" explicitly states that the ""mainstay of treatment"" includes advising patients on ""good skin care, compression, exercise, massage, and elevation"" (page 41). The following page further elaborates on ""Manual lymphatic drainage in the form of specialised massage techniques"" (page 42), directly supporting the key components of the proposed recommendation."	"R (Recommended)
The guideline acknowledges that lower limb lymphedema is a common complication associated with inguinal and pelvic lymphadenectomy. In the ""Follow-up, Long-Term Implications and Survivorship"" section, it recommends that ""dedicated lymphoedema teams can help reduce the risk of recurrent cellulitis, help with mobility and reduce the extent of lower limb and genital swelling."" This aligns with the recommendation to perform complex decongestive therapy, as this is the standard care provided by such dedicated teams."	"NA (Not Addressed)
The NCCN guideline for Penile Cancer provides comprehensive recommendations on the diagnosis, staging, and oncologic treatment of the disease, including surgery, radiotherapy, and systemic therapy. However, the document does not address the management of chronic post-treatment complications. There is no mention of lymphedema as a potential side effect or any discussion of therapies for it, such as complex decongestive therapy, lymphatic drainage, or compression."
**Follow-up & Survivorship**	**Close, regular, and risk-stratified follow-up is crucial after treatment,** especially for the first 2-5 years, to detect recurrences and functional disorders.	AUA2020; DGU2020; EAU-ASCO2025; ESMO2024	"R (Recommended)
The guideline strongly supports the recommendation for close and regular follow-up after treatment for early-stage penile cancer. It repeatedly emphasizes that ""close postoperative follow-up is crucial"" and explicitly states that ""Close follow-up for at least 5 years is required to detect and re-treat any potential recurrences."" This aligns with the recommendation's proposed 2-5 year timeframe. The guideline also supports a risk-stratified approach, noting that ""More frequent follow-up is recommended for...higher risk cases"" and providing specific follow-up schedules based on the treatment modality used."	"R (Recommended)
The guideline strongly supports the recommendation for regular, risk-stratified follow-up. Guideline recommendation 8.1 states that penile cancer patients ""should receive regular risk-stratified follow-up to detect both tumor recurrences and functional disorders."" The background information further clarifies that recurrences occur up to five years after primary therapy, and therefore recommends intensive follow-up for the first two years, with reduced frequency from the third to the fifth year, directly matching the proposed timeframe."	"**R (Recommended)**

The guideline strongly supports the recommendation for close, regular, and risk-stratified follow-up. Section 7.2.1 states that an ""intensive follow-up regimen during the first two years, with a less intensive follow-up later for a total of at least five years"" is supported by evidence that most recurrences happen within this period. Furthermore, Table 7.1 provides a detailed, risk-stratified follow-up schedule based on the type of primary tumor treatment and nodal status, recommending a minimum duration of five years. The guideline also emphasizes that follow-up is crucial for detecting recurrence and managing quality of life and functional issues."	"**R (Recommended)**

**Justification:**
The guideline strongly supports the recommendation for close and regular follow-up. In the section ""FOLLOW-UP, LONG-TERM IMPLICATIONS AND SURVIVORSHIP,"" the guideline states that the majority of recurrences are detected within the first 2 years and explicitly recommends ""Close follow-up every 3-4 months for the first 2 years following primary surgery is required to detect local recurrence."" Furthermore, it mentions that regular follow-up allows for addressing ""urinary and sexual dysfunction,"" aligning with the recommendation to monitor for functional disorders. The guideline also discusses varying risks of recurrence based on factors like nodal staging, which supports the principle of risk-stratified follow-up."	"**R (Recommended)**

**Justification:**
The NCCN guideline strongly supports the recommendation for close, regular, and risk-stratified follow-up. Page PN-8 provides a detailed ""SURVEILLANCE SCHEDULE"" that outlines specific follow-up protocols based on the initial treatment and pathologic lymph node status (pN0-N3). The recommended frequency of clinical examinations and imaging is highest in the first 2-4 years (e.g., every 3 or 6 months) and then decreases, directly aligning with the recommendation's emphasis on the first 2-5 years for detecting recurrence. The discussion on page MS-16 further reinforces this by citing evidence that most recurrences are detected within this timeframe."
**Follow-up & Survivorship**	A general follow-up schedule is every 3-4 months for the first 2 years, then less frequently. Follow-up should extend for at least 5 years.	AUA2020; EAU-ASCO2025; ESMO2024	"R (Recommended)
The guideline supports the recommended follow-up schedule. The appendix provides specific follow-up protocols for different laser modalities, including ""every 3 months for the first 2 years"" for Nd:YAG laser, which aligns with the recommended frequency. Furthermore, the section on surgery explicitly states that ""Close follow-up for at least 5 years is required,"" which supports the total duration of follow-up mentioned in the recommendation."	"R (Recommended)
The guideline recommends a risk-stratified follow-up schedule that is consistent with the treatment recommendation. Specifically, in the section ""Nachbeobachtung und Nachsorgeschemata"" (page 81-82), it states that an intensive follow-up is recommended for the first two years, with frequency reduced from the third to the fifth year. The provided tables detail this as follow-ups every 3 months for years 1-2, then every 6-12 months for years 3-5, which aligns with the recommendation's proposed schedule."	"R (Recommended)
The guideline aligns with the recommendation for follow-up scheduling after penile cancer treatment. Section 7.2.1 states that follow-up for nodal metastases should be performed at ""three-monthly intervals for the first two years,"" followed by a reduced frequency ""for a total of five years of follow-up."" Table 7.1 on page 38 further details this, recommending 3-monthly intervals for years 1-2 and less frequent intervals (6-monthly or annually) for years 3-5, with a minimum duration of 5 years."	"R (Recommended)
The guideline aligns directly with the treatment recommendation. Under the ""FOLLOW-UP, LONG-TERM IMPLICATIONS AND SURVIVORSHIP"" section, the guideline explicitly states, ""Close follow-up every 3-4 months for the first 2 years following primary surgery is required to detect local recurrence [IV, A]."" This matches the frequency and initial duration proposed in the recommendation. The guideline's supporting text further notes that most recurrences occur within 5 years, with the majority detected in the first 2 years, justifying the intensified surveillance period."	"R (Recommended)
The guideline supports the recommendation by providing several specific surveillance schedules that align with its general principles. On page PN-8, the guideline details follow-up frequencies that vary based on initial treatment, with some schedules recommending clinical examination every 3 months for the first 1-2 years (e.g., after topical therapy or for pN2/N3 disease). All provided schedules then decrease in frequency over time, consistent with the recommendation. Furthermore, the guideline's surveillance periods extend from 4 to 10 years, which encompasses the recommendation for at least 5 years of follow-up."
**Follow-up & Survivorship**	Specific follow-up schedules after laser therapy are: <br> • **CO2 Laser:** After 2 months, then every 3 months for 3 years, then biannually. <br> • **Nd:YAG Laser:** Every 3 months for 2 years, then biannually.	AUA2020	"**R (Recommended)**

**Justification:**
The guideline's appendix, ""Different laser modalities used for treatment of early stage penile cancer,"" explicitly outlines the same follow-up schedules mentioned in the recommendation. For the Carbon dioxide laser, it states, ""Post-procedural follow-up after 2 months, then every 3 months for the first 3 years, and biannually thereafter."" For the Nd:YAG laser, it recommends a ""follow-up every 3 months for the first 2 years, biannually thereafter,"" which directly corresponds with the recommendation."	"**Stance:** R (Recommended)

**Justification:** The guideline provides a general follow-up schedule for all organ-preserving therapies on page 82. This schedule recommends clinical examinations every three months for the first two years and then every six months for years three through five. The proposed follow-up schedules for both CO2 and Nd:YAG laser therapies are consistent with this general principle, recommending more frequent checks in the initial years before transitioning to biannual follow-ups. Since laser therapy is an organ-preserving treatment, the guideline's schedule supports the specific recommendation."	"**Stance: R (Recommended)**

**Justification:**
The guideline provides a follow-up regimen for all penile-preserving treatments, which includes laser therapy. Table 7.1 recommends surveillance every 3 months for the first two years, then every 6 months for years 3–5. This aligns well with the recommendation's specific schedules for both CO2 and Nd:YAG lasers, which also call for initial 3-monthly follow-ups followed by less frequent biannual checks. While the guideline does not differentiate between laser types, its general schedule for organ-sparing treatments is consistent with the principles and timing of the proposed recommendation."	"DR (Different Recommendation)

The guideline recommends CO2 laser ablation as a treatment for PeIN and highlights the importance of close clinical follow-up due to a high local recurrence rate. However, the guideline provides a general follow-up schedule for all primary surgery patients: ""every 3-4 months for the first 2 years."" This differs from the recommendation's more intensive and specific schedules, which vary based on the laser type (e.g., for CO2 laser: every 3 months for 3 years). Additionally, the guideline does not mention the Nd:YAG laser."	"DR (Different Recommendation)

The NCCN guideline recommends a single surveillance schedule for all patients who have received ""Topical or local therapy,"" which includes laser therapy. According to the ""Surveillance Schedule"" on page PN-8, this involves a clinical examination every 3 months for the first 2 years, then every 6 months for years 3–5, and then annually for years 5–10. This approach differs from the treatment recommendation, which provides more frequent and laser-specific schedules (e.g., every 3 months for 3 years for CO2 laser) and does not mention a transition to annual follow-ups."
**Follow-up & Survivorship**	Specific follow-up schedules based on treatment: <br>• **Organ Preservation:** Every 3 mo (Yrs 1-2), every 6 mo (Yrs 3-5). <br>• **Total Penectomy:** Every 3 mo (Yrs 1-2), annually (Yrs 3-5).	DGU2020	"R (Recommended)
The guideline recommends a follow-up schedule for organ-preserving laser therapy that aligns with the treatment recommendation. The appendix details post-procedural follow-up for Nd:YAG laser therapy as ""every 3 months for the first 2 years, biannually thereafter,"" which is identical to the proposed schedule for organ preservation. While the guideline does not specify a schedule for total penectomy, its recommendation for organ preservation is a direct match."	"R (Recommended)
The guideline recommends the exact same follow-up schedule as the treatment recommendation. On page 82, the table ""Empfohlenes Nachsorgeschema für den Primärtumor"" specifies the follow-up intervals based on the initial therapy. For organ preservation (""Organerhaltung""), it lists every 3 months for years 1-2 and every 6 months for years 3-5. For total penectomy (""Totale Penektomie""), it recommends every 3 months for years 1-2 and annually for years 3-5, which is a direct match to the proposed recommendation."	"**R (Recommended)**

**Justification:**
The guideline's recommendations for follow-up schedules align perfectly with the proposed treatment recommendation. Table 7.1 on page 38, under ""Recommendations for follow-up of the primary tumour,"" outlines the exact same intervals. For ""Penile-preserving treatment"" (organ preservation), it specifies a 3-monthly interval for years 1-2 and a 6-monthly interval for years 3-5. For ""Amputation"" (total penectomy), it recommends a 3-monthly interval for years 1-2 and an annual interval for years 3-5, matching the recommendation precisely."	"R (Recommended)
The guideline supports the recommendation for frequent follow-up in the initial years post-treatment. It explicitly states that since most recurrences are detected within the first 2 years, ""close clinical follow-up is required for the first 2 years after surgery."" The guideline's specific recommendation is for ""Close follow-up every 3-4 months for the first 2 years,"" which aligns with the recommendation's schedule of every 3 months for that period. While the guideline does not specify a follow-up schedule for years 3-5, its core advice for the most critical period is consistent with the proposed recommendation."	"DR (Different Recommendation)

The NCCN guideline suggests a different surveillance frequency for patients after partial or radical penectomy compared to the recommendation. The guideline (page PN-8) recommends clinical examinations every 6 months for the first two years after a partial or radical penectomy, followed by every 12 months for years 3-10. In contrast, the treatment recommendation suggests a more frequent schedule of every 3 months for the first two years. While both sources agree on the follow-up schedule for organ-preserving local therapies, this specific difference in post-penectomy surveillance makes the overall recommendation distinct from the guideline."
**Follow-up & Survivorship**	**Patients should be taught self-examination** for early detection of recurrence and given easy access back to the clinic if concerns arise.	DGU2020; EAU-ASCO2025	"NA (Not Addressed)

The treatment recommendation advises teaching patients self-examination for the early detection of recurrence. The AUA guideline repeatedly emphasizes the critical importance of close, clinician-led follow-up to detect potential recurrences, recommending specific schedules for monitoring after various treatments. However, the guideline does not mention or discuss the specific practice of teaching patients to perform self-examinations as part of their post-treatment care."	"**Stance:** R (Recommended)

**Justification:** The guideline explicitly supports the recommendation. Recommendation 8.2 on page 81 states that as part of patient education, self-examination for the early detection of recurrences should be taught to patients (""soll die Selbstuntersuchung zur frühen Detektion von Rezidiven ... den Patienten beigebracht werden""). Furthermore, the background information on page 82 advises that patients with self-observed changes should present themselves immediately and not wait for the next routine appointment, aligning with the principle of providing easy access back to the clinic."	"**R (Recommended)**

**Justification:**
The guideline strongly supports this recommendation. Section 7.2.2 states that ""Patient education is an essential part of follow-up,"" and that local recurrence can be detected by the patient himself. Furthermore, the recommendations table in Section 7.5 explicitly advises to ""recommend self-examination with easy access back to the clinic as local recurrence can occur late,"" which directly aligns with the proposed treatment recommendation."	"NA
The guideline's section on ""FOLLOW-UP, LONG-TERM IMPLICATIONS AND SURVIVORSHIP"" outlines the strategy for detecting recurrence. It recommends ""close clinical follow-up every 3-4 months for the first 2 years,"" which should include clinical examination and imaging. However, the guideline does not mention teaching patients self-examination as part of the follow-up protocol."	"NA (Not Addressed)

The NCCN guideline provides a detailed ""Surveillance Schedule"" (PN-8) that outlines the frequency of follow-up care after treatment. This schedule is based on clinician-led activities, specifically ""Clinical examination,"" which includes examination of the penis and inguinal region by a professional. While the guideline emphasizes regular follow-up to detect recurrence, it does not mention or recommend teaching patients to perform self-examination as part of this process."
**Follow-up & Survivorship**	Penile cancer care should be delivered by an extended multi-disciplinary team including specialists in urology, oncology, nursing, pathology, radiology, psychology, and lymphedema therapy.	EAU-ASCO2025	"NA (Not Addressed)

The guideline, which is an AUA Update Series lesson, focuses on the specific treatment modalities for early-stage penile cancer, including topical therapies, laser therapy, and surgical techniques. The recommendation advocates for a multi-disciplinary team approach to manage patient care. The provided guideline document does not address the structure of the care team or mention the concept of multi-disciplinary care."	"**Classification:** R (Recommended)

**Justification:** The guideline strongly supports a multi-disciplinary approach to penile cancer care. Recommendation 7.43 explicitly states that patients with metastatic disease or needing multimodal therapy should be discussed in an interdisciplinary tumor board. Furthermore, the guideline was developed by a large multi-disciplinary group of specialists, including those from urology, radio-oncology, medical oncology, pathology, and psycho-oncology, reflecting the specialists mentioned in the treatment recommendation. The guideline's stated goals also include improving interdisciplinary collaboration among care providers."	"R (Recommended)

The guideline strongly recommends the treatment approach. Section 7.5 on page 43 explicitly states, ""Deliver penile cancer care as part of an extended multi-disciplinary team,"" which directly aligns with the recommendation. The guideline then lists a comprehensive team of specialists, including urologists, specialist nurses, pathologists, radiologists, oncologists, lymphoedema therapists, and psychologists, covering all roles mentioned in the recommendation. This multidisciplinary approach is also emphasized in the preface (page 5) and as a key advantage of centralizing care (page 42)."	"R (Recommended)
The guideline supports the recommendation for a multi-disciplinary team approach to penile cancer care. The guideline itself is authored by a multi-disciplinary group of specialists in urology, oncology, pathology, and radiology. It explicitly advises ""multidisciplinary consideration"" for treatment decisions such as brachytherapy and highlights the role of psychological support and dedicated lymphedema teams during follow-up, aligning with the specific specialists mentioned in the recommendation."	"**R (Recommended)**

**Justification:**
The NCCN guideline strongly supports a multidisciplinary approach, which is fundamentally demonstrated by the composition of the guideline panel itself. The ""NCCN Penile Cancer Panel Members"" list (page 2) includes a diverse group of specialists, including those from urology, medical oncology, radiation oncology, and pathology, directly aligning with the core of the recommendation. The guideline's integrated treatment algorithms, which outline various modalities like surgery (PN-B), radiotherapy (PN-C), and systemic therapy (PN-D), necessitate the collaboration of these exact specialists for comprehensive patient care."
**Follow-up & Survivorship**	**Patients should be offered psychological support and counseling,** and physicians should discuss the psychological and functional (urinary, sexual) impact of the disease and its treatments.	EAU-ASCO2025; ESMO2024	"**NA (Not Addressed)**

**Justification:**
The AUA guideline provides a detailed review of the clinical management of early-stage penile cancer, including epidemiology, diagnosis, and various treatment modalities such as topical therapies, laser therapy, and surgery. While the document mentions functional outcomes related to sexual function and micturition, it does not address the recommendation to offer patients psychological support or counseling. The guideline's focus is on the oncological and technical aspects of treatment, and it does not contain any discussion of the psychosocial care of the patient."	"R (Recommended)
The guideline strongly recommends psycho-oncological care as an integral part of treatment for penile cancer. Recommendation 3.6 states that psychosocial counseling, support, and treatment should be available to all patients and their relatives throughout the course of the disease. Furthermore, Recommendation 8.5 specifies that sexual dysfunctions and limitations should be openly discussed in both curative and palliative contexts, directly aligning with the suggestion to discuss the functional impact of the disease and its treatments."	"*   **Stance:** R (Recommended)
*   **Justification:** The guideline strongly supports the recommendation by dedicating a full chapter (Chapter 7) to ""Follow-up and Quality of Life."" Section 7.3.1 identifies access to psychological support and counseling as ""critical components"" of a holistic survivorship service. The summary of recommendations on page 43 reinforces this with a ""Strong"" rating for discussing the psychological impact with patients and offering counseling, as well as discussing the negative functional impacts on urinary and sexual function."	"R (Recommended)
The guideline aligns with the recommendation by emphasizing the importance of addressing the non-oncological impacts of penile cancer and its treatment. In the ""Follow-up, Long-Term Implications and Survivorship"" section, it states that ""Regular follow-up also allows patients to access psychological support and address urinary and sexual dysfunction."" It further makes a formal recommendation that ""Regular follow-up can provide psychological support and address sexual and urinary dysfunction as well as lymphoedema-related complications [IV, A]."""	"**Stance:** R (Recommended)

**Justification:** The NCCN guideline recommends considering ""Best supportive care (NCCN Guidelines for Palliative Care)"" for patients with metastatic disease (PN-10, PN-15). Palliative and supportive care inherently include psychological support, counseling, and managing the functional impacts of treatment. Additionally, the surveillance schedule (PN-8) directs clinicians to the NCCN Guidelines for Survivorship, which focus on managing the long-term physical and psychosocial effects of cancer and its treatment. This demonstrates that the guideline aligns with and supports the recommendation for comprehensive patient support."
**Follow-up & Survivorship**	Patients should be assessed for lymphedema at follow-up and referred to lymphedema therapists early if it develops.	DGU2020; EAU-ASCO2025; ESMO2024	"NA (Not Addressed)

**Justification:**
The provided guideline focuses on the epidemiology, diagnosis, and various treatment modalities for early-stage penile squamous cell carcinoma, such as topical therapies, laser ablation, and surgical excision. While the text discusses follow-up protocols, their purpose is explicitly stated as monitoring for cancer recurrence. The document does not contain any information or recommendations regarding the assessment, management, or therapeutic referral for lymphedema as a potential post-treatment complication."	"**Stance:** R (Recommended)

**Justification:** The guideline aligns with the recommendation by dedicating section 8.3.3 to the ""Symptom-oriented treatment of malignant lymphedema."" Recommendation 8.7 strongly advises that patients with chronic lymphedema should undergo complex decongestive therapy, which includes lymphatic drainage and compression therapy. This treatment is administered by specialized therapists, thereby supporting the recommendation's call for early assessment and referral. The guideline also notes in section 3.1.2 that patients should be informed about measures to avoid lymphedema, underscoring the importance of proactive management."	"**R (Recommended)**

The guideline strongly supports the recommendation. Section 7.3.5 states, ""Men should be assessed for genital and lower limb lymphoedema at each outpatient clinic appointment... Following nodal surgery, ideally, they would be referred to specialist lymphoedema services for assessment and management before any significant lymphoedema occurs"" (p. 41). Furthermore, in the final recommendations table on page 43, the guideline explicitly states with a ""Strong"" rating to ""assess patients for it at follow-up and refer to lymphoedema therapists early."""	"**Stance:** R (Recommended)

**Justification:** The guideline supports the recommendation by identifying lymphedema as a known complication of inguinal and pelvic lymphadenectomy. It explicitly states that follow-up should address ""lymphoedema-related complications."" Furthermore, it mentions that ""dedicated lymphoedema teams can help"" manage the condition, which aligns with the recommendation to refer patients to lymphedema therapists."	"NA (Not Addressed)
The guideline provides a detailed surveillance schedule (PN-8) that outlines the frequency of clinical examinations and imaging for patients after treatment. However, the guideline does not specify that these follow-up assessments should include an evaluation for lymphedema. Additionally, there is no mention of managing potential treatment side effects like lymphedema or referring patients to lymphedema therapists."
