Aspect of Care	Recommendation	Papers	AUA2020	DGU2020	EAU-ASCO2025	ESMO2024	NCCN2025
**General Principles / Management**	All patients with penile cancer should be managed in centralized high-volume tertiary centers by an experienced multidisciplinary team to facilitate individualized management and optimize outcomes.	Sachdeva et al. - 2024 - Management of Lymph Node–posit; Piras et al. - 2024 - Stereotactic Radiotherapy for; Taghizadeh and Fajkovic - 2025 - Immunotherapy in the Managemen; Pang et al. - 2022 - Glansectomy and Reconstruction	"**Stance:** NA (Not Addressed)

**Justification:** The treatment recommendation specifies that all penile cancer patients should be managed in centralized, high-volume tertiary centers by a multidisciplinary team. The AUA guideline focuses on the clinical treatment modalities for early-stage penile cancer, detailing various options like topical therapies, laser therapy, and different surgical techniques. However, the guideline does not make any statements or recommendations regarding the setting of care, such as the advantages of high-volume centers or the necessity of a multidisciplinary team approach."	"**R (Recommended)**

**Justification:**
The guideline aligns with the recommendation for managing penile cancer in specialized, multidisciplinary settings. It explicitly states that because penile cancer is rare, the option of presenting patients in ""spezialisierten Zentren"" (specialized centers) should be utilized (p. 44). Furthermore, it strongly supports a multidisciplinary team approach, recommending that patients with metastatic disease or requiring multimodal therapy be discussed in an interdisciplinary tumor board (Recommendation 7.43, p. 72), and includes this as a quality indicator (QI 7, p. 94)."	"R (Recommended)
The guideline strongly supports the recommendation to manage penile cancer in centralized, high-volume centers with a multidisciplinary team. Section 7.4, ""Centralisation of penile cancer services,"" explicitly discusses the advantages of this approach, including improved survival, access to a larger team of specialists, and better adherence to guidelines. Furthermore, the first recommendation in the summary table in Section 7.5 is to ""Deliver penile cancer care as part of an extended multi-disciplinary team,"" which is rated as ""Strong."""	"DR (Different Recommendation)

The guideline does not recommend that all patients with penile cancer be universally managed in centralized high-volume centers. Instead, it makes this recommendation for specific patient subgroups and treatments. The guideline states that for patients with pT1 disease or selected low-volume T1-T2 disease being considered for brachytherapy, they ""should be referred to specialist centres for multidisciplinary consideration"" (p. 9). This conditional recommendation for a specific treatment differs from the universal mandate for ""all patients"" proposed in the treatment recommendation.
--------------------
R (Recommended)

The guideline recommends that patients considering specific treatments, such as brachytherapy for pT1 or T1-T2 disease, should be referred to ""specialist centres for multidisciplinary consideration"" (p. 9). This aligns with the recommendation's core principle of managing patients in specialized centers with multidisciplinary teams to optimize outcomes. While the guideline does not mandate this for every single patient, its repeated recommendation for referral to specialist centers for complex cases supports the overall strategy of centralized care."	"**Updated Classification:** DR (Different Recommendation)

**Updated Summary:**  
The guideline does not state that **all** patients with penile cancer should be treated in centralized high‑volume tertiary centers by a multidisciplinary team. Instead, it recommends referral to tertiary care referral centers **only for specific complex procedures**:

- Dynamic sentinel node biopsy (DSNB) should be done “at tertiary care referral centers where at least 20 procedures are done per year” and only by physicians experienced with the modality (MS‑10–11, MS‑15).  
- Brachytherapy “should only be performed in centers with significant experience using this treatment modality” (MS‑8).

These statements support centralization for selected advanced techniques, not a blanket requirement that all penile cancer care for all patients occur in high‑volume tertiary centers. Therefore, the guideline’s position is more limited than the proposed recommendation and is best classified as a **Different Recommendation** rather than fully **Recommended**.
--------------------
**Stance:** R (Recommended)

**Justification:** The NCCN guideline strongly supports the principle of managing penile cancer at experienced, high-volume centers, particularly for complex procedures. While it does not make a blanket statement for all patients, it explicitly recommends that specialized techniques like Dynamic Sentinel Node Biopsy (DSNB) and brachytherapy be performed at ""tertiary care referral centers with substantial experience"" (MS-15, MS-11). The guideline further defines this for DSNB by suggesting centers where ""at least 20 procedures are done per year,"" directly aligning with the recommendation's emphasis on high-volume, experienced, multidisciplinary settings to optimize outcomes (MS-11)."
**General Principles / Management**	For patients with locally advanced disease who are kidney transplant recipients, treatment should be individualized to minimize graft injury, preferring non-cytotoxic options over radiotherapy and cytotoxic treatments.	Basile et al. - 2025 - Testis and penile cancers in k	"NA (Not Addressed)

The guideline focuses exclusively on the ""Treatment of Early Stage Squamous Cell Carcinoma of the Penis,"" as stated in its title and learning objective. The recommendation, however, pertains to the management of ""locally advanced disease,"" which is outside the scope of the provided text. While the guideline briefly mentions ""transplant recipients"" in the context of topical therapy for early-stage disease, it does not provide any guidance for treating locally advanced penile cancer in this specific patient population or address the need to balance treatment with potential graft injury."	"NA (Not Addressed)

**Justification:**
The guideline provides comprehensive recommendations for treating locally advanced penile cancer, including surgery, chemotherapy, and radiotherapy. While it generally acknowledges that treatment choices should be adapted based on patient comorbidities (p. 77, p. 80), it does not specifically mention kidney transplant recipients as a distinct patient group. The guideline offers no discussion or recommendations regarding the need to individualize therapy to minimize graft injury or the preference for non-cytotoxic options in this specific, immunosuppressed population."	"NA (Not Addressed)

**Justification:**
The guideline provides detailed treatment recommendations for locally advanced (T3-T4) penile cancer, including surgery, induction chemotherapy, and radiotherapy (sections 6.1.3 and 6.4). However, it does not address the specific clinical scenario of patients who are kidney transplant recipients. There is no mention of tailoring therapy to minimize graft injury or any discussion on the preference for non-cytotoxic versus cytotoxic or radiotherapeutic options in this specific patient population."	"NA
The guideline does not address the specific patient population of kidney transplant recipients with locally advanced penile cancer. While it recommends selecting first-line chemotherapy for metastatic disease based on general patient comorbidities and performance status, it provides no specific guidance for managing treatment in transplant patients. The guideline does not discuss the need to individualize therapy to minimize graft injury or a preference for non-cytotoxic options in this context."	"NA (Not Addressed)

**Justification:**
The NCCN guideline provides comprehensive treatment algorithms for penile cancer based on disease stage and nodal status, including options for locally advanced disease such as surgery, radiotherapy, and various systemic chemotherapy regimens (e.g., PN-5, PN-C, PN-D). However, a thorough review of the guideline document, including the detailed discussion section, shows no specific recommendations or considerations for patients who are kidney transplant recipients. The guideline does not mention this patient population, the need to minimize graft injury, or a preference for non-cytotoxic over cytotoxic or radiotherapy options in this context."
**General Principles / Management**	For patients with Penile Metastasis (PM), surgery and chemotherapy are common treatment approaches.	Piras et al. - 2024 - Stereotactic Radiotherapy for	"**Stance:** NA (Not Addressed)

**Justification:** The AUA guideline is explicitly focused on the ""Treatment of Early Stage Squamous Cell Carcinoma of the Penis,"" covering non-invasive and early invasive stages (e.g., Tis, Ta, T1). The treatment options discussed, such as topical therapies, laser ablation, and organ-preserving surgeries, are all for localized disease. The recommendation, however, pertains to Penile Metastasis (PM), which is an advanced stage of cancer not covered within the scope of this guideline."	"**Stance:** R (Recommended)

**Justification:** The guideline aligns with the recommendation that surgery and chemotherapy are common treatments for metastatic penile cancer. Section 7.3, ""Management von metastasierten Stadien"" (Management of metastatic stages), details the use of palliative systemic chemotherapy, with recommendations 7.53 and 7.54 advocating for combination chemotherapy in patients with good general condition. Furthermore, for patients with advanced lymph node metastases, the guideline recommends a multimodal approach, often involving neoadjuvant chemotherapy followed by surgery (e.g., Recommendation 7.48), thereby confirming both modalities as standard treatment approaches."	"Stance: DR (Different Recommendation)
Justification: The guideline addresses the treatment of distant metastatic disease (M1) under ""Systemic and palliative therapies for advanced disease."" It recommends platinum-based chemotherapy as the preferred first-line palliative approach for these patients. However, the guideline does not mention or recommend surgery for the treatment of distant metastases. Since the provided recommendation includes both surgery and chemotherapy, while the guideline only supports chemotherapy for this stage, it represents a different treatment strategy."	"R (Recommended)
The guideline supports the recommendation. Under the ""MANAGEMENT OF ADVANCED AND METASTATIC DISEASE"" section, it explicitly states that palliative chemotherapy (ChT) is a primary intervention for metastatic inoperable disease, with platinum-based regimens being the ""classical backbone of therapy"". The guideline also discusses the role of surgery for recurrent disease, including regional recurrences in inguinal and pelvic lymph nodes, which constitutes a form of metastasis."	"**R (Recommended)**

The guideline supports the recommendation that surgery and chemotherapy are common treatments for metastatic penile cancer. The ""Management of Metastatic Disease"" algorithm (PN-10) explicitly recommends starting with systemic chemotherapy. For patients who respond to chemotherapy, the guideline then recommends ""Consolidation surgery,"" which is defined as lymph node dissection (ILND/PLND). The discussion on metastatic disease (MS-17) further reinforces this, stating that cisplatin-based chemotherapy should be considered and may facilitate curative resection."
**Cancer Prevention**	Voluntary, safe male circumcision (childhood/adolescent) is an effective strategy to reduce the incidence and persistence of penile HPV infection and prevent penile cancer.	Smith et al. - 2021 - Male Circumcision Reduces Peni; Shapiro et al. - 2023 - Association between male circu; Crocetto et al. - 2021 - Impact of Sexual Activity on t	"**Updated Classification Code:** NA (Not Addressed)

**Updated Summary:**  
The guideline does not explicitly recommend voluntary, safe male circumcision in childhood or adolescence as a strategy to reduce penile HPV incidence/persistence or to prevent penile cancer. It notes epidemiologic associations—stating that lack of circumcision is a risk factor for penile squamous cell carcinoma and that penile cancer prevalence is lower in countries practicing neonatal circumcision—but it stops short of endorsing circumcision as a primary prevention intervention. Within the document, circumcision is discussed only as part of treatment for existing preputial/early-stage penile disease (eg, foreskin circumcision for preputial tumors), not as a public health or prophylactic measure aimed at HPV or cancer prevention. Therefore, the specific preventive recommendation in the Treatment Recommendation is **not addressed** by this guideline.
--------------------
**Stance:** R (Recommended)

**Justification:** The guideline aligns with the recommendation by identifying a lack of circumcision as a risk factor for squamous cell carcinoma of the penis. It further supports this by stating that the prevalence of penile cancer is lower in countries that practice neonatal circumcision. This directly corroborates the recommendation's assertion that circumcision is an effective preventative strategy against penile cancer."	"R (Recommended)
The guideline aligns with the treatment recommendation. In section 4.3 (Statement 4.1), it provides a consensus-based statement that ""Circumcision in childhood and genital hygiene lower the individual risk of developing penile cancer."" The background information for this statement further explains that childhood circumcision reduces the risk of carcinoma development by improving hygiene and reducing susceptibility to HPV, which is consistent with the rationale provided in the recommendation."	"**NA (Not Addressed)**

Although the guideline cites epidemiologic evidence that *“neonatal circumcision reduces the incidence of penile cancer; however, it does not seem to reduce the risk of PeIN”* and notes that phimosis (preventable by circumcision) is strongly associated with invasive penile cancer (Section 3.3), it never issues a practice recommendation to perform neonatal/childhood/adolescent circumcision as a public health or preventive intervention. The guideline does not discuss circumcision as a strategy to reduce the incidence or persistence of penile HPV infection, and, unlike HPV vaccination (which it explicitly “encouraged”), circumcision is not framed as a recommended preventive measure. Thus, the specific recommendation that “voluntary, safe male circumcision (childhood/adolescent) is an effective strategy to reduce the incidence and persistence of penile HPV infection and prevent penile cancer” is **not actually recommended** in the guideline; the guideline only reports observational associations without endorsing this preventive strategy.
--------------------
**R (Recommended)**

The guideline supports the recommendation that circumcision is a preventative strategy for penile cancer. Section 3.3, ""Risk factors, prognosis, and prevention,"" explicitly states that ""Neonatal circumcision reduces the incidence of penile cancer"" (page 10). Furthermore, the text identifies phimosis, a condition preventable by circumcision, as being ""strongly associated with invasive penile cancer."" This information directly aligns with the recommendation's position on circumcision as an effective preventative measure."	"NA (Not Addressed)
The guideline does not make a recommendation for voluntary circumcision as a primary prevention strategy. It notes a strong epidemiological correlation, stating that in countries where routine circumcision is practiced, penile cancer is ""almost non-existent,"" and lists neonatal circumcision as one of the ""most important"" aetiological factors. However, this is presented as an observation of risk factors rather than a formal recommendation for prevention. The guideline's explicit recommendations for circumcision are therapeutic, specifically as a mandatory initial treatment for biopsy-proven premalignant disease (PeIN) or for tumors localized to the foreskin.
--------------------
R (Recommended)
The guideline supports the recommendation by stating that in countries where circumcision is a routine practice, penile cancer is ""almost non-existent."" It further identifies the prevalence of neonatal circumcision as one of the ""most important"" aetiological factors linked to the geographical distribution of penile cancer. This epidemiological evidence aligns with the recommendation that circumcision is an effective strategy for preventing the disease."	"**Updated Classification:** DR (Different Recommendation)

**Updated Summary:**

The guideline discusses circumcision only in the context of epidemiology and risk factors, not as a preventive intervention to be implemented. It lists “lack of neonatal circumcision” as a risk factor and notes that neonatal circumcision is *associated* with a lower rate of penile cancer, possibly via reduced HPV incidence and duration (MS-3). However, it also states that the protective effect is not seen in adults who undergo circumcision, and emphasizes that, because penile cancer is rare, a large number of neonatal circumcisions would be needed to prevent a single case (MS-3). 

Nowhere does NCCN recommend routine, voluntary circumcision—whether in infancy, childhood, or adolescence—as an effective strategy to reduce HPV persistence or prevent penile cancer, nor does it present circumcision as a preventive measure to be offered. In contrast, the treatment recommendation explicitly promotes voluntary childhood/adolescent circumcision as a cancer-prevention strategy. Therefore, the guideline addresses circumcision but does **not** endorse the proposed preventive use in childhood/adolescence, leading to a **Different Recommendation (DR)** classification.
--------------------
**R (Recommended)**

**Justification:**

The guideline supports the recommendation by identifying ""lack of neonatal circumcision"" as a risk factor for penile cancer (PN-1, MS-3). The discussion section on ""Risk Factors"" (MS-3) explicitly states that ""Neonatal circumcision is associated with a lower rate of penile cancer."" The guideline further aligns with the recommendation's proposed mechanism by noting that this reduced incidence may reflect a ""lower incidence and duration of HPV infections in this population."""
**Cancer Prevention**	HPV vaccination, particularly early vaccination of boys (e.g., at ages 11-13) before the onset of sexual activity, is recommended to prevent infection with high-risk HPV. Vaccines covering HPV6 and HPV11 may be more adequate for preventing penile neoplasia.	Silva et al. - 2023 - Malignancy Associated with Low; Crocetto et al. - 2021 - Impact of Sexual Activity on t	"NA (Not Addressed)

The AUA Update Series guideline focuses exclusively on the *treatment* of existing early-stage squamous cell carcinoma of the penis, detailing options such as topical therapies, laser therapy, and surgery. The recommendation, however, concerns the *prevention* of penile cancer through HPV vaccination in boys. While the guideline acknowledges HPV infection as a primary risk factor for developing penile cancer, it does not address or make any recommendations regarding vaccination as a preventative measure."	"**Stance:** R (Recommended)

**Justification:** The guideline aligns with the treatment recommendation by explicitly stating that the risk of developing HPV-associated penile carcinoma can be reduced through HPV vaccination in boys. Specifically, Statement 4.2 on page 27 recommends this vaccination for boys aged 9–14 years, which corresponds well with the 11–13 age range suggested in the recommendation. Both documents emphasize the preventive nature of the vaccine against HPV-related penile cancer."	"R (Recommended)
The guideline supports the recommendation for HPV vaccination. It identifies human papillomavirus (HPV) as the main risk factor for penile cancer and notes that up to 50% of invasive penile carcinomas are HPV-associated. While the guideline acknowledges a lack of definitive evidence for preventing invasive penile carcinoma specifically, it ultimately concludes that ""HPV vaccination is encouraged"" (page 10). This aligns with the recommendation's goal of preventing HPV infection as a primary preventative measure."	"NA (Not Addressed)

The guideline does not address the recommendation for prophylactic HPV vaccination in young boys as a primary prevention strategy for penile cancer. The guideline discusses the role of HPV as an aetiological factor in penile cancer but its recommendations are focused on the diagnosis, treatment, and follow-up of existing disease. The only mention of HPV vaccination is in the context of treating patients already diagnosed with HPV-related penile intraepithelial neoplasia (PeIN), where it is presented as an option for unvaccinated men that requires further validation."	"NA (Not Addressed)

The NCCN guideline for penile cancer is focused on the diagnosis, staging, and treatment of patients with suspected or confirmed disease. While the guideline explicitly identifies human papillomavirus (HPV) as a major risk factor for penile cancer (MS-3), it does not address primary prevention strategies. The document contains no discussion or recommendations regarding HPV vaccination for the prevention of penile cancer in the general population or in at-risk groups."
**Cancer Prevention**	The use of male condoms is recommended as the most effective method for reducing the transmission of Sexually Transmitted Infections (STIs) like HPV and HIV, which are established risk factors for penile cancer.	Crocetto et al. - 2021 - Impact of Sexual Activity on t	"NA
The AUA guideline is focused on the diagnosis and treatment of existing early-stage penile cancer. While it identifies risk factors such as HPV infection and multiple sexual partners, its scope does not extend to primary prevention. The document details therapeutic options like topical agents, laser therapy, and surgery but does not address or make recommendations on preventative measures like condom use."	"NA (Not Addressed)
The guideline identifies HPV infection as a major risk factor for penile cancer and discusses several preventative measures, including HPV vaccination, circumcision, and genital hygiene (p. 27). However, the guideline does not mention or discuss the use of condoms as a method for reducing the transmission of STIs like HPV in the context of preventing penile cancer. Since this specific recommendation is not addressed, the classification is NA."	"NA (Not Addressed)

**Justification:**
The guideline extensively covers ""Risk factors, prognosis, and prevention"" in Section 3.3, with a significant focus on HPV as the main risk factor for penile cancer. It discusses preventive measures such as HPV vaccination and neonatal circumcision (page 10). However, the document does not mention the use of condoms or any other barrier method for reducing the transmission of STIs as a strategy for penile cancer prevention."	"NA (Not Addressed)

The guideline acknowledges human papilloma virus (HPV) as a significant risk factor for penile cancer. However, the document's scope is strictly limited to the diagnosis, treatment, and follow-up of patients with established penile cancer or premalignant disease. It does not address primary prevention strategies, such as the use of condoms to reduce the transmission of STIs like HPV."	"NA (Not Addressed)
The guideline focuses on the evaluation, diagnosis, staging, and treatment of penile cancer in patients with a suspicious lesion or confirmed disease. While the guideline explicitly identifies sexually transmitted infections, including Human Papillomavirus (HPV) and Human Immunodeficiency Virus (HIV), as significant risk factors (page PN-1, page MS-3), it does not address primary prevention methods. Therefore, the recommendation to use condoms to reduce the transmission of these infections is not mentioned."
**Complication Management**	**Primary Penile Surgery Complications:**<br>• **Surgical Site Infections (SSIs):** Manage with empirical antibiotics, transitioning to culture-specific therapy, along with regular wet-to-dry dressing changes.<br>• **Meatal Stenosis:** Manage with self-catheterization or formal surgical revision.<br>• **Partial Skin Graft Loss:** Manage expectantly with observation.<br>• **Total Skin Graft Loss:** Manage with wet-to-dry dressing changes followed by delayed regrafting.	Sood et al. - 2022 - The Acute Complications After	"NA (Not Addressed)

The guideline provides a comprehensive overview of the primary treatment options for early-stage penile cancer, such as topical therapies, laser ablation, and various surgical techniques. While it briefly mentions potential side effects of surgery, including wound contraction and issues with skin grafts near the urethral meatus, it does not offer any specific guidance on how to manage these or other postoperative complications. The recommendation details the management of specific complications like infections, meatal stenosis, and skin graft loss, which are topics not addressed within the scope of the provided guideline."	"**NA (Not Addressed)**

**Justification:**
The guideline acknowledges that complications such as meatal stenosis and the need for re-grafting can occur after penile surgery (p. 53). However, it does not provide any specific recommendations on how to manage these or other post-operative issues like surgical site infections or skin graft loss. The detailed management strategies proposed in the recommendation are not discussed in the guideline document."	"**NA (Not Addressed)**

**Justification:**
The EAU-ASCO guideline acknowledges that complications such as meatal stenosis and skin graft loss can occur following primary penile surgeries like glansectomy (page 22). However, the guideline does not provide the specific management strategies for these surgical complications as detailed in the recommendation. While the guideline mentions self-catheterization for meatal stenosis, it is in the context of radiotherapy complications, not primary surgery (page 23). The recommended management for surgical site infections and varying degrees of skin graft loss is not discussed."	"NA (Not Addressed)

**Justification:**

The ESMO guideline provides a comprehensive overview of the diagnosis, staging, and primary treatment of penile cancer, including detailed surgical and radiotherapeutic options. While the guideline acknowledges potential complications of treatment, such as meatal stenosis following radiotherapy or wound complications after inguinal lymphadenectomy, it does not provide specific recommendations for their management. The guideline does not address the post-operative management of surgical site infections, meatal stenosis, or partial/total skin graft loss resulting from primary penile surgery, which are the focus of the treatment recommendation."	"**Stance:** NA (Not Addressed)

**Justification:** The NCCN guideline provides comprehensive recommendations for the diagnosis, staging, and oncologic treatment of penile cancer, including the types of surgical procedures to perform (e.g., penectomy, glansectomy, skin grafting). However, the guideline does not address the specific management of post-operative complications. The document does not contain information or recommendations on how to treat surgical site infections, meatal stenosis, or partial/total skin graft loss following primary penile surgery."
**Complication Management**	"**Inguinal Surgery Complications - Wound Issues:**<br>• **Infected Inguinal Wounds:** Manage with meticulous wound care, daily inspection, and culture-specific antibiotics.<br>• **Wound Dehiscence / Flap Necrosis:** Manage with wet-to-dry dressings or vacuum-assisted closure (VAC) dressings, followed by delayed closure.<br>• **Patients with Large Body Habitus:** Place dry gauze (""Interdry"") in groin folds to prevent moisture buildup."	Sood et al. - 2022 - The Acute Complications After	"**Stance:** NA (Not Addressed)

**Justification:**
The guideline focuses exclusively on the diagnosis and treatment of the primary, early-stage penile tumor itself. It details various management strategies for the primary lesion, including topical therapies, laser ablation, and organ-preserving surgical techniques. The recommendation, however, provides specific guidance on managing post-operative wound complications that arise from inguinal surgery (lymphadenectomy). The guideline mentions the need to assess inguinal lymph nodes for staging but does not discuss the surgical techniques or the management of complications from inguinal dissection."	"**NA (Not Addressed)**

**Justification:**
The guideline acknowledges that complications such as wound infections (""Wundinfektionen"") and skin necrosis (""Hautnekrosen"") can occur after inguinal lymphadenectomy (p. 68). However, its discussion focuses on the *prevention* of these complications (e.g., intravenous antibiotic prophylaxis, wound drains) rather than the specific management once they arise. The detailed treatment strategies proposed in the recommendation, such as using culture-specific antibiotics for established infections, wet-to-dry dressings, or VAC dressings for dehiscence and necrosis, are not mentioned in the guideline."	"NA (Not Addressed)
The guideline acknowledges that wound infections and skin necrosis are among the most reported complications following radical inguinal lymph node dissection (rILND) (page 27). However, it does not provide specific recommendations for the *management* of these complications once they have occurred. The treatment recommendation details protocols involving culture-specific antibiotics, specific dressing types (wet-to-dry, VAC), and preventative measures for certain patient types. The guideline's discussion is limited to prevention and incidence; it lists ""Prevention of surgical site infections, e.g., prophylactic antibiotics"" as a factor with a positive impact on morbidity but does not address the treatment of an active infection. Furthermore, it explicitly categorizes vacuum dressings as having an ""Uncertain benefit"" (page 27, Table 6.2), which is not an endorsement for their use in managing wound dehiscence or necrosis. The guideline also does not address specific care for patients with a large body habitus.
--------------------
R (Recommended)
The guideline supports the principles of the treatment recommendation. It explicitly identifies wound infections and skin necrosis as major complications following radical inguinal lymph node dissection (rILND) (page 27). Furthermore, Table 6.2 on morbidity factors lists ""Prevention of surgical site infections, e.g., prophylactic antibiotics"" as a measure with a positive impact, which aligns with the recommendation's use of antibiotics. The guideline also mentions vacuum dressings, a key part of the recommendation, though it classifies their benefit as ""uncertain"" (page 27, Table 6.2)."	"NA (Not Addressed)

The guideline does not address the specific management of inguinal wound complications as outlined in the recommendation. While it acknowledges that the morbidity associated with inguinal lymphadenectomy is high, with complication rates up to 55% (p. 6), it does not provide guidance on managing infected wounds, wound dehiscence, or flap necrosis, nor does it mention moisture prevention for patients with a large body habitus.

The guideline's statement that ""Epidermal vacuum-assisted wound closure... is not currently recommended"" explicitly refers to its use for *preventing* post-operative complications (p. 6). The recommendation, however, suggests using VAC dressings to *manage* existing wound dehiscence or flap necrosis, which is a therapeutic application. As the guideline is silent on the therapeutic use of VAC dressings and the other specific management strategies, it does not address the recommendation.
--------------------
DR (Different Recommendation)

The guideline's stance differs from the recommendation, particularly regarding the use of vacuum-assisted closure (VAC) dressings. The recommendation suggests VAC dressings for managing wound dehiscence and flap necrosis. In contrast, the guideline explicitly states that ""Epidermal vacuum-assisted wound closure has not shown a net benefit for preventing post-operative complications and so is not currently recommended"" (p. 6). While the guideline acknowledges the high morbidity and risk of wound infection associated with inguinal lymphadenectomy, it does not provide specific management details for these complications."	"**Stance:** NA (Not Addressed)

**Justification:** The treatment recommendation provides specific instructions for managing postoperative inguinal wound complications like infections, dehiscence, and necrosis. The NCCN guideline acknowledges that inguinal lymph node dissection (ILND) is associated with ""surgical morbidity"" and ""wound-related issues,"" and it mentions considering prophylactic antibiotics to reduce these risks (MS-11). However, the guideline does not provide any specific protocols or recommendations for managing these complications once they have developed."
**Complication Management**	**Inguinal Surgery Complications - Fluid Collections:**<br>• **Refractory Seroma/Lymphocele:** Management may require image-guided drain placement, lymphatic embolization, or operative exploration.<br>• **Lower Extremity Lymphedema:** Minimize risk with saphenous-vein sparing techniques, prevention of SSIs, early use of fitted compression devices, and a preemptive referral to a lymphedema specialist.	Sood et al. - 2022 - The Acute Complications After	"**NA (Not Addressed)**

**Justification:**
The provided guideline is an AUA Update Series lesson focused specifically on the ""Treatment of Early Stage Squamous Cell Carcinoma of the Penis."" Its scope covers the diagnosis and management of the primary penile lesion through topical therapies, laser ablation, and various surgical approaches to the penis (e.g., circumcision, glansectomy). While the guideline briefly mentions that higher-grade tumors require inguinal node dissection, it does not discuss the surgical techniques for this procedure or the management of its potential post-operative complications, such as seroma, lymphocele, or lymphedema, which are the specific subjects of the treatment recommendation."	"**DR (Different Recommendation)**

**Justification:**
The guideline recognizes fluid collections (lymphoceles) and lower extremity lymphedema (""Ödeme der unteren Extremität"") as significant complications of inguinal lymphadenectomy (p. 68). It recommends measures to reduce morbidity, such as modified inguinal lymphadenectomy which includes sparing the saphenous vein (""Erhalt der V. saphena magna""), and the use of drains (""Wunddrainagen"") and pressure dressings (""inguinale Druckverbände"") (p. 66, 68). For established malignant lymphedema, it recommends complex decongestive therapy, which includes compression (Recommendation 8.7, p. 88).

However, the guideline's approach differs from the recommendation in several key areas:
1.  **Management of Refractory Fluid Collections:** The guideline does not address specific interventions for refractory seromas or lymphoceles, such as image-guided drain placement or lymphatic embolization.
2.  **Lymphedema Prophylaxis:** It explicitly contradicts the recommendation for ""early use of fitted compression devices"" to minimize risk. The guideline notes on page 68 that a randomized controlled trial showed no benefit from the prophylactic use of compression stockings (""ein Benefit von Klasse II-Kompressionsstrümpfen zur Prophylaxe von Lymphödemen ... nicht nachgewiesen werden"").
3.  **Specialist Referral:** The guideline does not mention a ""preemptive referral to a lymphedema specialist.""

Because the guideline contradicts the recommendation on prophylactic compression and does not address the specific management of refractory fluid collections or preemptive referrals, the overall stance is a Different Recommendation.
--------------------
**R (Recommended)**

**Justification:**
The guideline aligns with the recommendation by addressing the complications of inguinal surgery. Section 7.2.2.1 and the background information on pages 66 and 68 explicitly mention lymphoceles and lymphedema (""Ödeme der unteren Extremität"") as potential morbidities of inguinal lymphadenectomy. For lymphedema prevention and management, the guideline supports saphenous vein-sparing techniques (as part of modified lymphadenectomy) and recommends complex decongestive therapy, including compression and lymphatic drainage, for established lymphedema (Recommendation 8.7). While the guideline does not detail the specific management of refractory seromas, its focus on preventing and treating these known complications is consistent with the recommendation."	"**DR (Different Recommendation)**

**Justification:**
The guideline supports the strategies for managing and preventing lower extremity lymphedema but does not address the specific interventions for refractory fluid collections.

For lymphedema prevention, the guideline aligns with the recommendation by listing ""saphenous sparing,"" ""prevention of surgical site infections,"" and general ""lymphoedema prevention, e.g., massage, skin care"" as having a positive impact on reducing morbidity (page 27, Table 6.2). Furthermore, it strongly recommends that patients be assessed for lymphedema, advised on ""good skin care, compression, exercise, massage, and elevation,"" and referred to ""specialist lymphoedema services"" early (page 41, section 7.3.5; page 43, section 7.5).

However, while the guideline identifies lymphocele and seroma as potential complications of inguinal lymph node dissection (page 27, section 6.2.2.4) and notes ""lymphocele requiring drainage"" in patients with cN3 disease (page 31, section 6.3.4.4), it does not provide recommendations for managing *refractory* cases with specific interventions such as ""lymphatic embolization"" or ""operative exploration."" Therefore, only the lymphedema prevention part of the recommendation is fully supported.
--------------------
**R (Recommended)**

**Justification:**
The guideline strongly supports the strategies for managing and preventing complications from inguinal surgery as outlined in the recommendation. It identifies lymphoedema, lymphocele, and seroma as significant morbidities of radical inguinal lymph node dissection (rILND) (page 27, section 6.2.2.4). Specifically for lymphedema, Table 6.2 (page 27) lists ""saphenous sparing"" and ""prevention of surgical site infections"" as having a positive impact. Furthermore, Section 7.3.5 (page 41) explicitly recommends compression and states that patients should ideally be referred to specialist lymphoedema services for assessment and management, aligning with a preemptive approach."	"DR

Summary: The guideline does not address management of refractory seroma or lymphocele after inguinal surgery (no mention of image‑guided drainage, lymphatic embolization, or operative exploration). For lower extremity lymphedema, it gives only partial and different advice: it recommends preserving the long saphenous vein and using fascial‑sparing/minimally invasive techniques to reduce morbidity, and later involvement of dedicated lymphoedema teams during follow-up. It does not specifically recommend SSI‑prevention strategies, early fitted compression devices, or explicit preemptive referral to a lymphedema specialist as in the proposed recommendation. Thus, the guideline provides different and less detailed guidance on this complication rather than fully endorsing the proposed approach.
--------------------
**Stance:** R (Recommended)

**Justification:** The guideline acknowledges that inguinal lymphadenectomy is associated with high morbidity, including debilitating lymphedema. It recommends managing these complications through follow-up and the involvement of ""dedicated lymphoedema teams,"" which aligns with the recommendation's proposal for referral to a lymphedema specialist. Although the guideline does not specify management for seroma or lymphocele, its overall focus on addressing lymphoedema-related complications is consistent with the recommendation."	"NA (Not Addressed)

The guideline acknowledges that inguinal lymph node dissection (ILND) is associated with ""concerns of surgical morbidity"" and discusses techniques to reduce this risk, such as preservation of the saphenous vein and the use of closed suction drains post-operatively (MS-11). However, it does not provide specific recommendations for managing established or refractory complications once they occur. The guideline does not mention the management of refractory seroma/lymphocele with drains, embolization, or exploration, nor does it detail the use of compression devices or specialist referral for lymphedema as outlined in the treatment recommendation."
**Complication Management**	For patients who develop lower extremity lymphedema following inguinal lymphadenectomy, microsurgical lymphovenous bypass is a valuable prophylactic or therapeutic intervention.	Dagi et al. - 2025 - The Role of Plastic Surgery in	"NA (Not Addressed)

The guideline focuses on the treatment of early stage primary penile tumors, covering options such as topical therapies, laser ablation, and various organ-sparing surgical techniques. While it mentions the need to evaluate inguinal lymph nodes and perform dissection for higher-grade tumors, it does not discuss the management of complications arising from such procedures. The recommendation for microsurgical lymphovenous bypass to treat lymphedema is a specialized intervention for a sequela of nodal surgery, a topic that falls outside the scope of this guideline."	"DR (Different Recommendation)
The guideline suggests a different approach for managing lymphedema after inguinal lymphadenectomy. The recommendation proposes microsurgical lymphovenous bypass, which is an operative intervention. In contrast, the guideline's section 8.3.3 explicitly recommends conservative management consisting of complex decongestive therapy (lymphatic drainage, compression therapy, and skin care). Furthermore, on page 89, the guideline states that an operative intervention on the lymphatic system is not indicated (""Eine operative Intervention am Lymphabflusssystem ist bei MLÖ nicht indiziert"")."	"DR (Different Recommendation)

The guideline suggests a different primary approach for managing lymphedema. It identifies non-surgical methods such as ""good skin care, compression, exercise, massage, and elevation"" as the ""mainstay of treatment"" (page 41, Section 7.3.5). While the guideline does mention surgical options, it explicitly states there is ""limited evidence for the benefit of other surgical interventions such as... lymphatico-venous anastomosis in penile cancer"" (page 42). This cautious stance, emphasizing limited evidence, contrasts with the recommendation's claim that the procedure is ""valuable,"" positioning non-surgical therapies as the standard recommended approach."	"NA (Not Addressed)

The guideline acknowledges that inguinal and pelvic lymphadenectomy is associated with lower limb lymphedema. It recommends management by ""dedicated lymphoedema teams"" to help reduce swelling, the risk of recurrent cellulitis, and mobility issues. However, the guideline does not mention or discuss the specific intervention of microsurgical lymphovenous bypass as a prophylactic or therapeutic option for this condition."	"NA (Not Addressed)

The NCCN guideline provides detailed recommendations for the diagnosis, staging, and oncologic treatment of penile cancer, including the surgical management of inguinal lymph nodes (ILND). While the guideline acknowledges that ILND is associated with ""concerns of surgical morbidity"" (MS-11), it does not discuss the specific management of long-term complications such as lower extremity lymphedema. The document does not mention or provide any recommendations regarding microsurgical lymphovenous bypass or other interventions for treating lymphedema."
**Diagnosis / Staging**	It is recommended to conduct p16 testing through Immunohistochemistry (IHC) as part of the initial diagnostic evaluation for all individuals diagnosed with Penile Squamous Cell Carcinoma (PSCC) to differentiate between HPV-associated and HPV-independent disease.	Parza et al. - 2023 - The Prognostic Role of Human P; Mustasam et al. - 2025 - The Prognostic Role of HPV or	"NA (Not Addressed)

The AUA guideline provides a comprehensive overview of the diagnosis and treatment of early-stage squamous cell carcinoma of the penis. While it identifies HPV infection as a primary risk factor in the epidemiology section, the ""Diagnosis"" section focuses on physical examination, tissue sampling, and imaging for staging. The document does not mention or recommend p16 testing via Immunohistochemistry (IHC) as a part of the diagnostic workup to differentiate between HPV-associated and HPV-independent disease."	"**Stance:** R (Recommended)

**Justification:** The guideline strongly recommends (Empfehlungsgrad A) that the pathology report should include a statement on whether the penile carcinoma is associated with an HPV infection (Recommendation 4.8). The background information for this recommendation explicitly identifies p16 as a marker for HPV and notes that evidence of HPV or p16 positivity is associated with better disease-specific survival. This directly aligns with the proposed recommendation to conduct p16 testing to differentiate between HPV-associated and HPV-independent disease as part of the initial diagnostic workup."	"**R (Recommended)**

**Justification:**
The guideline strongly supports the treatment recommendation. Section 3.4.7 provides a ""Strong"" recommendation that ""The pathological evaluation of penile carcinoma specimens must include an assessment of p16 by immunohistochemistry."" This aligns perfectly with the proposed recommendation. Furthermore, Section 3.4.5 explains that p16 IHC is used as a surrogate marker to differentiate between HPV-associated and HPV-independent subtypes of penile squamous cell carcinoma, which is the exact purpose stated in the treatment recommendation."	"R (Recommended)
The guideline recommends that the pathological assessment for penile cancer should include HPV status [III, A]. In the section on ""HPV-related penile cancer,"" it explicitly states that HPV-associated SCC demonstrates p16 expression, thereby linking p16 testing to the determination of HPV status. This aligns directly with the recommendation to conduct p16 testing to differentiate between HPV-associated and HPV-independent disease as part of the initial diagnostic work-up."	"R (Recommended)
The NCCN guideline supports the treatment recommendation. The ""Primary Evaluation"" algorithm (PN-1) explicitly includes ""Assess human papillomavirus (HPV) status"" as a key step in the initial workup for a suspicious penile lesion. Furthermore, the ""Principles of Pathology"" page (PN-F) outlines methods for identifying HPV status, specifically listing ""Morphology/p16 immunohistochemistry/molecular methods."" This directly aligns with the recommendation to use p16 testing via IHC to differentiate between HPV-associated and HPV-independent disease during the diagnostic process."
**Diagnosis / Staging**	For cases where Penile Verrucous Carcinoma (PVC) is highly suspected, repeated deeper biopsies that include the basement membrane of the papillomatous tumor are recommended to avoid misdiagnosis.	Jo et al. - 2021 - Optimal treatment for penile v	"NA (Not Addressed)

The AUA Update Series guideline focuses on the treatment of early-stage squamous cell carcinoma of the penis. While its diagnosis section mentions that a ""definitive diagnosis is achieved through tissue sampling/excision,"" it provides no specific details on biopsy techniques. The document does not mention Penile Verrucous Carcinoma (PVC) as a distinct entity, nor does it address the recommendation for repeated, deeper biopsies including the basement membrane to avoid misdiagnosis of this particular subtype."	"**Stance:** R (Recommended)

**Justification:** The guideline aligns with the recommendation by emphasizing the necessity of an adequate biopsy for an accurate histopathological diagnosis. Recommendation 4.10 explicitly states that a sufficiently large amount of tissue must be obtained to guarantee a reliable diagnosis. The background text further elaborates that the size and depth of the biopsy must be sufficient to capture the invasive front of the tumor, which is precisely the goal of the recommended deeper biopsies for suspected verrucous carcinoma."	"R (Recommended)
The guideline aligns with the treatment recommendation. Section 3.4.6, ""Penile biopsy: pathological and technical considerations,"" emphasizes the importance of biopsy quality for accurate diagnosis. While a punch biopsy may suffice in most cases, the guideline explicitly states that when ""assessment of depth of invasion is necessary, an incisional biopsy which is deep enough to properly assess the degree of invasion and stage is preferable."" This directly supports the recommendation for deeper biopsies in suspected Penile Verrucous Carcinoma, where assessing the invasion pattern at the base is crucial to avoid misdiagnosis."	"NA
The guideline recommends that ""Incisional or excisional biopsies of suspected penile cancer should be carried out to confirm a histological diagnosis."" While it also lists verrucous carcinoma as a specific histological subtype under the pathology section, it does not provide any specific instructions on the biopsy technique for this particular subtype. The recommendation to perform repeated, deeper biopsies that include the basement membrane specifically for suspected Penile Verrucous Carcinoma to avoid misdiagnosis is not addressed in the guideline."	"**Stance:** NA (Not Addressed)

**Justification:** The NCCN guideline provides general recommendations for the histologic diagnosis of a suspicious penile lesion, suggesting a ""Punch, excisional, or incisional biopsy"" (PN-1). While the guideline acknowledges verrucous carcinoma as a specific subtype of squamous cell carcinoma with a good prognosis (PN-F), it does not offer distinct biopsy instructions for this particular histology. The specific recommendation to perform ""repeated deeper biopsies that include the basement membrane"" to avoid misdiagnosing Penile Verrucous Carcinoma is not mentioned."
**Diagnosis / Staging**	Preoperative MRI is recommended for local staging of penile cancer, particularly to distinguish between T2 (spongiosum invasion) and T3 (cavernosa involvement) disease, to inform planning for organ-sparing surgery.	Krishna et al. - 2022 - Diagnostic Accuracy of MRI in; Pang et al. - 2022 - Glansectomy and Reconstruction; Pang et al. - 2025 - Functional outcomes of glansec	"R (Recommended)
The guideline supports the use of magnetic resonance imaging for local staging in the context of organ-preserving surgery. In the ""DIAGNOSIS"" section, the guideline states, ""Magnetic resonance imaging with or without artificial erection is also used for local staging in cases of organ preserving surgery."" This statement directly aligns with the treatment recommendation."	"DR (Different Recommendation)
The guideline explicitly states that the extent and infiltration depth of the primary tumor cannot be satisfactorily clarified with MRI (p. 38). It mentions that while MRI can be used as an alternative to assess infiltration depth, the examination is often painful for patients and is therefore ""not generally recommended"" (p. 38, ""nicht grundsätzlich empfohlen""). This is a different approach from the treatment recommendation, which advises routine preoperative MRI for local staging to differentiate T2 and T3 disease."	"R (Recommended)
The guideline recommends using MRI for local staging in specific scenarios that align with the treatment recommendation. In section 5.3, the guideline states to ""Perform magnetic resonance imaging (MRI) ... when there is uncertainty regarding corporal invasion and/or the feasibility of (organ-sparing) surgery."" This directly supports the recommendation's purpose of using MRI to distinguish T2 from T3 disease to inform planning for organ-sparing surgery. Section 5.1.2 further clarifies that while MRI doesn't outperform physical examination for T1 vs. T2 disease, it ""can be helpful"" when corporal invasion (cT3) is uncertain and organ-sparing options are being considered."	"R (Recommended)
The guideline supports the use of MRI for the local staging of penile cancer. Under the ""Assessment of the primary tumour"" section, it states that ""Where there is uncertainty, magnetic resonance imaging (MRI)...can be helpful to stage the primary lesion."" This is reiterated in a formal recommendation which states, ""The use of MRI or US combined with an intracavernosal injection of prostaglandin E1 is useful to assess the primary lesion [III, B]."" This aligns with the recommendation's purpose of using MRI to inform planning for organ-sparing surgery."	"R (Recommended)
The guideline supports the use of MRI for the local staging of penile cancer. The discussion section, under ""Management of Primary Lesions"" (MS-4), explicitly states that ""MRI or ultrasound can be used to evaluate the depth of tumor invasion."" This directly aligns with the recommendation's proposal to use MRI to differentiate between T2 (spongiosum) and T3 (cavernosa) invasion, which is a critical factor in planning for organ-sparing surgery versus more radical procedures."
**Diagnosis / Staging**	Cross-sectional imaging (CT and MRI) is recommended as helpful for detecting metastases in the pelvis/retroperitoneum and in patients whose body habitus limits physical examination.	Zekan et al. - 2021 - Prognostic predictors of lymph	"**Stance:** R (Recommended)

**Justification:** The guideline supports the use of cross-sectional imaging for staging penile cancer. In the ""Diagnosis"" section, it states that ""Imaging is often required to determine the extent of tumor invasion and inguinal lymph nodes,"" as physical examination alone can result in false negatives, ""especially in obese patients."" The guideline specifically mentions that ""Computerized tomography of the chest, abdomen and pelvis is typically performed to evaluate the spread of cancer to the lymph nodes and more distant locations,"" which directly aligns with the recommendation."	"**Stance:** R (Recommended)

**Justification:** The guideline aligns with the recommendation by stating that further cross-sectional imaging (""Schnittbilddiagnostik"") is indicated for the diagnosis of pelvic and retroperitoneal lymph nodes, as well as distant metastases, in advanced stages (p. 42). It also specifies that cross-sectional imaging can be used for very obese (""adipösen"") patients where clinical palpation is unreliable (p. 41). This directly supports both aspects of the treatment recommendation."	"**Stance:** R (Recommended)

**Justification:** The guideline aligns with the recommendation by advising the use of cross-sectional imaging for staging in specific patient populations. In clinically node-positive (cN+) patients, the guideline strongly recommends using CT (or PET/CT) to stage the pelvis and exclude distant metastases. For clinically node-negative (cN0) patients, it states that while routine imaging is not recommended, modalities like CT and MRI ""can be of value to detect enlarged/abnormal nodes in patients when physical examination is challenging (e.g., due to obesity),"" which directly supports the recommendation's point about body habitus."	"R (Recommended)
The guideline supports the use of cross-sectional imaging for staging. Under the ""Assessment of distant metastases"" section, it states that for routine staging, ""CT of the chest, abdomen and pelvis is sufficient."" The guideline further advises that ""MRI or CT fusion PET probably has the highest sensitivity for detecting distant metastasis and can be used in high-risk cases,"" directly aligning with the recommendation's mention of both CT and MRI for detecting metastases in the pelvis."	"R (Recommended)
The NCCN guideline supports the recommendation for using cross-sectional imaging. Under ""Principles of Imaging"" (PN-E), the initial workup includes ""Abdomen/pelvis CT or MRI"" and specifically ""CT/MRI of pelvis for nodal evaluation if difficult to clinically assess."" The discussion section further confirms that CT or MRI may be used to assess for pelvic and retroperitoneal lymph nodes (MS-9). The guideline also notes that during surveillance, imaging can be considered for patients affected by obesity, aligning with the recommendation's mention of body habitus limiting physical examination (PN-8, footnote x)."
**Diagnosis / Staging**	For biopsy-confirmed Penile Verrucous Carcinoma (PVC) with no clinically palpable inguinal lymph nodes, further workups like CT or ultrasonography can be postponed initially.	Jo et al. - 2021 - Optimal treatment for penile v	"DR (Different Recommendation)
The guideline recommends a different diagnostic approach. It states that for early-stage penile cancer, ""Imaging is often required to determine the extent of...inguinal lymph nodes,"" and that ""Computerized tomography... is typically performed to evaluate the spread of cancer to the lymph nodes."" The guideline explicitly warns that relying only on palpation can lead to ""false-negative findings,"" directly contradicting the recommendation to postpone imaging based on a lack of palpable nodes."	"**Stance:** R (Recommended)

**Justification:** The guideline aligns with the recommendation. Recommendation 7.29 explicitly states that clinical surveillance (""klinische Überwachung"") is the appropriate management for patients with pTa tumors, which includes verrucous carcinoma. The background information on page 63 further supports this by noting that imaging techniques like sonography and CT are unreliable for detecting occult metastases in patients with clinically non-palpable inguinal lymph nodes. Therefore, postponing these specific workups in favor of clinical surveillance is consistent with the guideline's approach for this low-risk patient group."	"**Stance:** R (Recommended)

**Justification:** The guideline aligns with the recommendation. It identifies verrucous carcinoma as a non-invasive (Ta), low-risk subtype with no reported metastasis (Table 3.1 and 4.1). For clinically node-negative (cN0) patients, the guideline explicitly states that imaging modalities like CT and ultrasonography are of limited value and are ""not recommended for routine use"" (Section 5.2.2.1). This directly supports the recommendation to postpone these workups in patients with biopsy-confirmed PVC and no palpable nodes."	"DR (Different Recommendation)

The treatment recommendation suggests that for biopsy-confirmed Penile Verrucous Carcinoma (PVC) with no palpable inguinal lymph nodes (cN0), further workups like CT or ultrasonography (US) can be postponed. However, the ESMO guideline recommends a different initial approach. The guideline's diagnostic algorithm explicitly states that all patients with clinically impalpable inguinal LNs (cN0) ""should undergo US imaging and fine-needle aspiration cytology (FNAC) of morphologically abnormal inguinal nodes."" This recommendation is presented as a standard step in the diagnostic work-up for all cN0 patients, without making a specific exception for verrucous carcinoma."	"R (Recommended)
The guideline supports the recommendation. On page PN-3, footnote 'f' states that ""Ta verrucous carcinoma is by definition a well-differentiated tumor. Therefore, only surveillance of the inguinal lymph nodes is required."" The corresponding flowchart for low-risk disease (which includes Ta verrucous carcinoma) with non-palpable inguinal lymph nodes leads directly to ""Surveillance (PN-8),"" without an initial imaging step. This aligns with the recommendation to postpone further workups like CT or ultrasonography in this specific clinical scenario."
**Diagnosis / Staging**	For patients with a high clinical suspicion of inguinal lymph node metastasis (ILNM), a comprehensive workup at the time of initial biopsy is suggested, including blood and tumor markers (e.g., CRP, NLR, PD-L1, p53, SCC-Ag) and advanced imaging.	Zekan et al. - 2021 - Prognostic predictors of lymph	"NA (Not Addressed)

The guideline addresses the diagnosis of penile cancer and mentions the need to evaluate inguinal lymph nodes through palpation and imaging, such as CT scans. However, the document does not mention or discuss a comprehensive workup that includes the specific panel of blood and tumor markers (e.g., CRP, NLR, PD-L1, p53, SCC-Ag) proposed in the recommendation. Since the guideline is silent on the use of these particular markers for assessing nodal metastasis, it does not address this specific recommendation."	"DR (Different Recommendation)
The guideline proposes a different diagnostic pathway for patients with high clinical suspicion of inguinal lymph node metastasis (i.e., palpable nodes). It recommends direct surgical removal for histological confirmation as the primary step (Recommendation 6.7). This contrasts with the recommendation's suggestion of an initial comprehensive workup with markers and imaging. Moreover, the guideline explicitly states that there are currently no molecular markers, including p53 and PD-L1, recommended for the routine diagnosis of penile carcinoma (Statement 4.9), and that tumor markers have no role in follow-up (p. 82)."	"**Stance:** DR (Different Recommendation)

**Justification:** The guideline aligns with the recommendation for using advanced imaging in patients with clinically node-positive (cN+) disease, strongly recommending either 18FDG-PET/CT or CT of the chest and abdomen to stage the pelvis and exclude distant metastases. However, it recommends a different overall approach by omitting the use of blood and tumor markers. The guideline explicitly states in section 5.2.2.1 that ""there are no validated nomograms or tumour markers that can reliably predict LN involvement,"" and it does not recommend CRP, NLR, PD-L1, p53, or SCC-Ag as part of the initial workup. Instead, it emphasizes histopathological confirmation through image-guided biopsy in addition to imaging."	"DR (Different Recommendation)

The guideline recommends a diagnostic workup for suspected inguinal lymph node metastasis based on clinical assessment (palpable vs. impalpable nodes), imaging (ultrasound, CT, MRI), and tissue sampling (FNAC or biopsy). While it discusses advanced imaging, it does not mention or recommend the use of the specific blood and tumor markers (e.g., CRP, NLR, PD-L1, p53, SCC-Ag) suggested in the recommendation for the initial diagnostic evaluation. Therefore, the guideline outlines a different diagnostic pathway that does not include these specific serological or tumor markers."	"**Stance:** DR (Different Recommendation)

**Justification:** The guideline recommends a comprehensive workup for patients with suspected or high risk for inguinal lymph node metastasis that includes advanced cross-sectional imaging (CT, MRI) and consideration of PET/CT (PN-E, MS-9). This aligns with the imaging component of the recommendation. However, the guideline does not mention or recommend the use of any of the suggested blood or tumor markers (e.g., CRP, NLR, PD-L1, p53, SCC-Ag) for the initial workup. The guideline's pathway for evaluation and risk stratification relies on history and physical exam, histologic diagnosis from biopsy, HPV status, and imaging, making its recommended approach different from the one proposed."
**Diagnosis / Staging (Imaging Protocol)**	When performing preoperative local staging MRI, institutions may choose to omit artificial erection (induced by intracavernosal injection) from their protocols, as it has similar accuracy to MRI without it.	Krishna et al. - 2022 - Diagnostic Accuracy of MRI in	"R (Recommended)
The guideline supports the recommendation. In the ""DIAGNOSIS"" section, the guideline states that ""Magnetic resonance imaging with or without artificial erection is also used for local staging in cases of organ preserving surgery."" This statement explicitly acknowledges that performing MRI without an artificial erection is an acceptable option for local staging, which aligns directly with the recommendation."	"R (Recommended)
The treatment recommendation suggests that artificial erection may be omitted from preoperative local staging MRI protocols. The guideline aligns with this by stating that MRI with artificial erection is often painful for patients and, for this reason, is not generally recommended (page 38). While the guideline's primary reason is patient discomfort rather than a comparison of accuracy, it ultimately supports the same action of not performing this procedure."	"**R (Recommended)**

**Justification:**
The guideline directly supports the treatment recommendation. In the summary of evidence, it states, ""Magnetic resonance imaging with and without artificial erection showed similar accuracy in local staging"" (p. 18). Furthermore, the formal recommendations advise to ""Perform magnetic resonance imaging (MRI) of the penis/primary tumour (artificial erection not mandatory)..."" (p. 18). This explicit statement that artificial erection is not mandatory aligns perfectly with the recommendation that it may be omitted from MRI protocols due to similar accuracy."	"DR (Different Recommendation)
The guideline recommends a different approach for preoperative local staging. It states that where there is uncertainty, ""magnetic resonance imaging (MRI) or penile ultrasound (US) combined with an intracavernosal injection of prostaglandin E1 to induce an artificial erection can be helpful to stage the primary lesion."" This contradicts the treatment recommendation, which suggests that omitting the artificial erection from MRI protocols is acceptable due to similar accuracy."	"NA (Not Addressed)

The NCCN guideline recommends MRI for the initial workup and staging of penile cancer, including for nodal evaluation and to assess the depth of tumor invasion. However, the guideline does not provide specific technical protocols for how the MRI should be performed. There is no mention of using or omitting artificial erection induced by intracavernosal injection, so the guideline does not address this specific aspect of the imaging procedure."
**Follow-up Care**	Close, strict follow-up is essential for all patients after treatment, particularly after penile-preserving surgery, local excision for PeIN, or a negative DSNB, due to the risk of recurrence.	Issa et al. - 2022 - Treatment Options and Outcomes; Jo et al. - 2021 - Optimal treatment for penile v; Pang et al. - 2022 - Glansectomy and Reconstruction; Fallara et al. - 2023 - Diagnostic Accuracy of Dynamic	"R (Recommended)
The guideline strongly supports the recommendation for close and strict patient follow-up. The text repeatedly emphasizes this point, stating, ""close postoperative follow-up is crucial"" after circumcision and that for penile-preserving techniques in general, ""Close follow-up for at least 5 years is required to detect and re-treat any potential recurrences."" This directly aligns with the recommendation's rationale of monitoring for recurrence after treatment."	"**Stance:** R (Recommended)

**Justification:** The guideline strongly aligns with the recommendation for close patient follow-up. Recommendation 8.1 explicitly states that regular, risk-stratified follow-up should be performed for penile cancer patients to detect tumor recurrences. The guideline provides detailed follow-up schedules on page 82, recommending more frequent examinations for patients who underwent organ-preserving surgery compared to total penectomy. Additionally, Recommendation 7.9 mandates regular long-term follow-up after local therapies, which corresponds to the recommendation's point about local excision for PeIN."	"R (Recommended)
The guideline strongly supports the recommendation for close and strict follow-up. Section 7.2, ""Rationale for follow-up,"" explicitly states that surveillance is important for the early detection of recurrence to increase the likelihood of curative treatment. The guideline details specific risks for the mentioned patient groups, noting that ""Local recurrence is more likely with all types of local organ-sparing treatment"" (Section 7.2.2) and that a risk of regional recurrence exists even in patients with a negative DSNB (Section 7.2.3). Finally, Table 7.1 provides a detailed follow-up schedule, recommending 3-monthly visits for the first two years post-penile-preserving surgery, which aligns with the ""close, strict"" nature of the proposed recommendation."	"R (Recommended)
The guideline strongly supports the recommendation for close follow-up after treatment. The ""Follow-Up, Long-Term Implications And Survivorship"" section explicitly states that ""close clinical follow-up is required for the first 2 years after surgery"" to detect recurrence. It specifically highlights the high recurrence rates (20%-50%) after penile-preserving surgery and the risk associated with a negative dynamic sentinel node biopsy (DSNB), mirroring the key points in the recommendation."	"**R (Recommended)**

**Justification:**
The NCCN guideline strongly supports the recommendation for close follow-up after treatment. Page PN-8 provides a detailed ""SURVEILLANCE SCHEDULE"" for all patients, dictating the frequency of clinical examinations based on the initial treatment. The guideline's discussion on page MS-16 explicitly states that ""penile-sparing therapies carry a significantly higher risk of local recurrence...and thus require closer surveillance,"" directly aligning with the recommendation's emphasis. This is reflected in the more frequent follow-up schedule for ""Topical or local therapy"" compared to penectomy, underscoring the necessity of strict monitoring due to recurrence risk."
**Follow-up Care**	Following curative Penile-Preserving Surgery (PPS), surveillance for local recurrence should be conducted every 3 months for the first 2 years, and then every 6 months until at least 5 years post-operatively.	Yunis et al. - 2025 - Intraoperative frozen section	"R (Recommended)
The guideline aligns with the recommendation for close surveillance following penile-preserving surgery. Under the ""SURGERY"" section, the text states, ""Close follow-up for at least 5 years is required to detect and re-treat any potential recurrences."" Furthermore, the appendix provides a specific follow-up schedule for Nd:YAG laser therapy, recommending checks ""every 3 months for the first 2 years, biannually thereafter,"" which is nearly identical to the frequency and duration outlined in the recommendation."	"**Stance:** R (Recommended)

**Justification:** The guideline provides a specific table on page 82, ""Empfohlenes Nachsorgeschema für den Primärtumor"" (Recommended Follow-up Schedule for the Primary Tumor). For patients who underwent organ-preserving surgery (""Organerhaltung""), the recommended schedule is a clinical examination every 3 months for the first two years (""Jahr 1-2: Alle 3 Monate""). From the third to the fifth year, the recommended interval is every 6 months (""Jahr 3-5: Alle 6 Monate""), which directly aligns with the treatment recommendation."	"R (Recommended)
The guideline fully supports the treatment recommendation. Table 7.1, titled ""Follow-up regime for penile cancer,"" specifically addresses the follow-up for ""Penile-preserving treatment."" The table outlines an identical surveillance schedule: 3-monthly intervals for the first 1-2 years and 6-monthly for years 3-5, with a minimum duration of 5 years."	"DR (Different Recommendation)
The guideline recommends close follow-up every 3-4 months for the first 2 years following primary surgery, which is consistent with the first part of the proposed schedule (every 3 months for the first 2 years). However, the guideline does not specify the follow-up frequency after the initial two years, whereas the recommendation explicitly suggests surveillance every 6 months until at least 5 years. Because the guideline does not address the 3- to 5-year follow-up interval, it only partially aligns with the proposed treatment.
--------------------
R (Recommended)
The guideline aligns with the proposed treatment recommendation. The guideline states that most recurrences happen within the first two years and explicitly recommends ""Close follow-up every 3-4 months for the first 2 years following primary surgery is required to detect local recurrence [IV, A]."" This directly supports the recommendation's initial surveillance schedule of every 3 months for the first 2 years."	"R (Recommended)
The NCCN guideline directly supports the surveillance schedule outlined in the recommendation. On page PN-8, under ""SURVEILLANCE SCHEDULE,"" the guideline specifies that for patients who received ""Topical or local therapy"" (which includes penile-preserving surgery), surveillance should consist of a clinical examination every 3 months for the first 2 years, followed by every 6 months for years 3-5. This schedule is identical to the one proposed in the treatment recommendation."
**Follow-up Care**	Men with penile cancers demonstrating a p53 mutant pattern should be considered for a more intensive follow-up strategy.	Sand et al. - 2025 - The prognostic value of p53 an	"NA (Not Addressed)

The guideline provides recommendations for follow-up based on clinical and pathological factors such as tumor stage, grade, pattern of invasion, and the type of treatment received. However, it does not mention or discuss the use of specific molecular markers, such as p53 mutation status, as a factor for risk stratification or for determining the intensity of a follow-up strategy. Therefore, the guideline does not address the recommendation."	"**Stance:** DR (Different Recommendation)

**Justification:** The treatment recommendation suggests using p53 mutation status to guide the intensity of patient follow-up. The guideline acknowledges that abnormal p53 expression is associated with a poorer prognosis (p. 32). However, it explicitly states that there are currently no molecular markers, including p53, recommended for routine diagnostics (Statement 4.9, p. 32). The follow-up schedules provided in the guideline are risk-stratified based on the initial therapy and pathological lymph node status, not on any molecular markers (p. 82)."	"NA
The guideline notes that strong p53 immunoreactivity is a reported predictor for pelvic lymph node involvement, thereby acknowledging its potential prognostic value. However, the document does not incorporate p53 status into its specific follow-up recommendations. The proposed follow-up schedules in Section 7.2 are stratified based on the type of primary treatment and pathological node status, not on molecular markers like p53. Therefore, the guideline does not address the recommendation to use p53 status to intensify follow-up strategies."	"**Stance:** NA (Not Addressed)

**Justification:** The guideline details follow-up strategies based on time since primary surgery, pathological staging (e.g., pN status), and primary tumor histological subtype. The section on molecular profiling discusses markers like TMB, MSI-H, and dMMR in the context of immunotherapy for advanced disease, not for surveillance. The guideline does not mention p53 mutations or a ""p53 mutant pattern"" as a factor for determining the intensity of a follow-up strategy."	"**NA (Not Addressed)**

**Justification:** The NCCN guideline provides a detailed surveillance schedule based on the initial treatment (e.g., topical therapy, penectomy) and the pathologic nodal stage (pN stage). The recommended follow-up frequency and imaging are determined by these clinical and pathologic factors. The guideline does not mention p53 mutations or any other specific molecular markers as criteria for risk-stratifying patients to determine the intensity of their follow-up strategy."
**Follow-up Care**	Multidisciplinary follow-up with a psychologist trained in sexual therapy is recommended to aid in the recovery of post-operative sexual function and address psychosocial needs.	Soikkeli-Jalonen et al. - 2025 - Psychometric properties and co; Whyte et al. - 2022 - Effects of partial penectomy f	"NA (Not Addressed)
The guideline provides a comprehensive overview of various treatment modalities for early-stage penile cancer, including topical agents, laser therapy, and surgical options. It mentions the importance of postoperative functional and sexual outcomes, noting that many patients maintain an active sexual life after organ-sparing procedures. However, the document does not address the recommendation for multidisciplinary follow-up involving a psychologist or sexual therapist to manage psychosocial needs or aid in the recovery of sexual function."	"**Stance:** R (Recommended)

**Justification:** The guideline strongly supports the recommendation for psychological follow-up. Section 3.2, ""Psychoonkologische Betreuung"" (Psycho-oncological Care), recommends that psychosocial counseling and treatment should be available to all patients. Furthermore, Recommendation 8.5 explicitly states that sexual dysfunctions and limitations are common, significantly impact patients, and should be openly addressed in the treatment context. The guideline details the severe psychosocial and sexual consequences of treatment, making psychological support for these specific issues a core component of recommended care."	"**Stance:** R (Recommended)

**Justification:** The guideline strongly supports the recommendation for multidisciplinary follow-up that includes psychological and sexual therapy. Section 7.3.1 explicitly states that ""Access to psychological support, counselling and psychosexual therapy are critical components of a holistic and multi-disciplinary survivorship service."" Furthermore, a formal recommendation in Section 7.5 advises delivering care through an extended multidisciplinary team that includes ""psychologists, counsellors... and sex therapists"" and to ""offer psychological support and counselling services."" This directly aligns with the proposed treatment recommendation."	"R (Recommended)
The guideline recommends regular follow-up to provide psychological support and to address sexual and urinary dysfunction that may result from surgical interventions. This aligns with the treatment recommendation for follow-up with a psychologist to aid in the recovery of sexual function and address psychosocial needs. The guideline supports the principle of managing these specific side effects, even though it doesn't detail the exact type of specialist required."	"**NA (Not Addressed)**

**Justification:**
The NCCN guideline for penile cancer provides comprehensive recommendations for the diagnosis, treatment, and surveillance of the disease, focusing on oncological management through surgery, radiotherapy, and systemic therapies. While the discussion section acknowledges that certain surgical approaches can have a ""negative impact on sexual function and quality of life"" (MS-5), the guideline does not contain any specific recommendations for involving a psychologist or sexual therapist in post-operative care. The detailed surveillance schedule (PN-8) outlines clinical examinations and imaging but does not mention psychosocial assessments or referrals for sexual therapy."
**Intraoperative Care**	**Principles to Reduce Postoperative Complications during ILND:**<br>• **Tissue Handling:** Use atraumatic handling of anatomic structures.<br>• **Hemostasis/Lymphostasis:** Perform careful control of lymphatics and small vessels.<br>• **Incisions:** Use incisions that follow natural skin creases.<br>• **Flap Creation:** Create the skin flap underneath the Scarpa fascia.<br>• **Wound Closure:** Use myocutaneous flaps if primary closure is associated with excess tension or after prior radiotherapy.	Sood et al. - 2022 - The Acute Complications After	"NA (Not Addressed)

The guideline focuses on the treatment of the primary tumor in early-stage penile cancer, covering various modalities such as topical therapies, laser ablation, and organ-sparing surgeries like circumcision and glansectomy. While the guideline mentions that inguinal lymph node dissection is necessary for higher-grade tumors, it does not discuss the specific surgical techniques or principles for performing this procedure. The recommendation, which provides detailed guidance on how to perform an inguinal lymph node dissection (ILND) to reduce postoperative complications, is outside the scope of the provided guideline."	"**Stance:** DR (Different Recommendation)

**Justification:** The guideline partially addresses the principles for reducing postoperative complications during inguinal lymphadenectomy (ILND). It aligns with the recommendation for ""careful control of lymphatics"" by suggesting the ""use of clips and ligatures for the closure of lymphatic vessels"" (p. 68) to avoid complications. However, it presents a different recommendation regarding myocutaneous flaps. While the recommendation suggests their use, the guideline explicitly states that a transposition of the sartorius muscle (a myocutaneous flap technique) is ""nicht empfohlen"" (not recommended) (p. 67) and lists it as a predictor for postoperative complications (p. 68). The guideline does not address the other specific principles, such as atraumatic tissue handling, incision placement along skin creases, or creating the skin flap underneath the Scarpa fascia. Because it recommends against a key component of the proposed principles, the overall stance is a Different Recommendation.
--------------------
**Stance:** NA (Not Addressed)

**Justification:** The guideline acknowledges the high morbidity and complication rates associated with radical inguinal lymphadenectomy (RIL) on page 68. To avoid these complications, it recommends measures such as antibiotic prophylaxis, wound drainage, and the use of clips and ligatures to close lymphatic vessels. While the control of lymphatics is mentioned, the guideline does not address the other specific surgical principles detailed in the recommendation, such as incision placement, the creation of skin flaps underneath the Scarpa fascia, or the use of myocutaneous flaps for wound closure."	"**Stance:** R (Recommended)

**Justification:** The guideline aligns with the principles outlined in the treatment recommendation for reducing postoperative complications during inguinal lymph node dissection (ILND). Table 6.2 on page 27 lists several strategies to reduce morbidity, including the use of a ""Linear transverse incision,"" which corresponds to the recommendation for incisions following natural skin creases. The table also notes the positive impact of ""Fascial sparing,"" which is related to the recommended flap creation plane. Additionally, the guideline mentions in section 6.1.3.1 (page 23) that ""composite myocutaneous flaps... may be needed to cover the surgical defect"" in advanced cases, supporting the recommendation for complex wound closure."	"**Updated Classification:** DR (Different Recommendation)  

**Updated Summary:**  
The guideline recognises the high morbidity of inguinal lymph node dissection and mentions two related measures: (1) myocutaneous flap reconstruction “is an option to cover the groin defect” in cases of extensive skin involvement, and (2) a fascial‑sparing approach to radical inguinal lymphadenectomy “appears to reduce the wound complication rates.” However, it does not explicitly recommend most of the detailed operative principles in the Treatment Recommendation—such as atraumatic tissue handling, meticulous hemostasis/lymphostasis, incisions along natural skin creases, or creating the skin flap beneath Scarpa’s fascia, nor does it specify myocutaneous flaps for excess tension or prior radiotherapy as stated. Because only selected, partially overlapping aspects are mentioned and the full multi‑point strategy is not clearly endorsed, the guideline’s stance is best classified as a Different Recommendation rather than Recommended.
--------------------
R (Recommended)
The guideline aligns with the recommendation's principles for reducing postoperative complications during inguinal lymph node dissection (ILND). The guideline acknowledges the high morbidity of the procedure and explicitly supports the use of myocutaneous flaps, stating that ""myocutaneous flap reconstruction is an option to cover the groin defect"" in cases of extensive skin involvement. Furthermore, it notes that a ""fascial-sparing approach... appear[s] to reduce the wound complication rates,"" which is consistent with the recommendation's principles of careful tissue handling and flap creation."	"**Stance:** NA (Not Addressed)

**Justification:**
The NCCN guideline acknowledges that inguinal lymph node dissection (ILND) is associated with significant surgical morbidity and discusses strategies to minimize complications, such as postoperative drains, antibiotics, and the use of modified template lymphadenectomy (MS-11). However, the guideline does not mention the specific, granular intraoperative surgical techniques detailed in the recommendation. Principles such as atraumatic tissue handling, creating skin flaps underneath the Scarpa fascia, or placing incisions along natural skin creases are not addressed in the provided text."
**Intraoperative Management**	Intraoperative Frozen Section Examination (FSE) of surgical margins should be considered during surgery to confirm complete excision, which allows for more conservative macroscopic margins, maximal preservation of penile length, and a reduced risk of positive margins and local recurrence.	Yunis et al. - 2025 - Intraoperative frozen section; Whyte et al. - 2022 - Effects of partial penectomy f; Pang et al. - 2022 - Glansectomy and Reconstruction	"**R (Recommended)**

The guideline supports the use of intraoperative frozen section examination (FSE) for margin control during surgery. In the ""SURGERY"" section, it explicitly states, ""In experienced hands tumor excision with negative intraoperative frozen section margins can be performed safely in well selected patients."" It also positions FSE as a peer technique to Mohs surgery, noting there is no evidence that Mohs is superior to ""negative intraoperative frozen section margins"" for oncologic outcomes, thereby endorsing its use."	"**Updated Stance:** NA (Not Addressed)

**Updated Justification:**  
The treatment proposal recommends that intraoperative frozen section examination (FSE) of penile tumor margins *should be considered* to permit more conservative macroscopic margins, maximize penile preservation, and reduce positive margins/recurrence.  

The guideline discusses frozen sections only descriptively in section 4.4.6, stating that negative surgical margins *can* be secured intraoperatively by Schnellschnitt (frozen section) examination, and notes preferred areas for margin assessment. However:

- There is **no formal recommendation** (no “soll/sollte/kann”) that FSE should be performed or even considered routinely.  
- The explicit recommendations on surgical margins (7.17–7.18) address only:  
  - the acceptable minimal width of negative margins (one to a few millimeters), and  
  - the need for re-operation when the **definitive** histology shows positive margins,  
  without linking these points to the use of FSE.  
- Elsewhere (4.4.5) the guideline even states that Schnellschnitt examination of primary biopsies or resections is generally only useful in exceptional cases, which argues against routine use, though this is about initial diagnosis rather than margin control.

Thus, while FSE is mentioned as a possible means to secure negative margins, the guideline does **not** normatively endorse or oppose the recommendation that FSE “should be considered” to enable conservative margins. The guideline therefore effectively **does not address** the proposed treatment as a recommendation.
--------------------
**Stance:** R (Recommended)

**Justification:** The guideline aligns with the recommendation by stating that the goal of surgery is complete tumor removal with negative margins, which can be secured intraoperatively through frozen section examination (Section 4.4.6). It also supports the concept of more conservative surgery by noting that a safety margin of a few millimeters is now considered sufficient, a shift from the older 2 cm standard. The guideline cites evidence [174] showing that a 5 mm resection margin is adequate when confirmed by a negative intraoperative frozen section, which directly supports the recommendation's premise of using FSE to enable maximal preservation of penile length."	"**R (Recommended)**

**Justification:**
The guideline supports the use of intraoperative frozen section analysis, aligning with the recommendation. Section 6.1.2.2 acknowledges that the role of frozen section remains ""uncertain"" and that it is ""not recommended to be used routinely"" due to conflicting evidence. However, the Panel's opinion is that it is a ""helpful tool,"" and the formal recommendation on page 25 advises to ""Perform intra-operative frozen section analysis of resection margins in cases of doubt on the completeness of resection."" This conditional support for using FSE in specific situations is consistent with the recommendation's suggestion that it ""should be considered."""	"NA (Not Addressed)

The guideline recommends the use of intraoperative frozen section analysis specifically for assessing inguinal lymph nodes during a modified dissection to determine if a more radical procedure is needed. However, it does not address the recommendation's proposal of using intraoperative frozen section examination to assess the surgical margins of the primary penile tumor itself to ensure complete excision while maximizing tissue preservation."	"R (Recommended)
The guideline recommends the use of intraoperative frozen sections to determine and achieve negative surgical margins. This is specifically mentioned for glansectomy (PN-A), penectomy (PN-B), and for lesions staged pT1b or T≥2 (MS-8). This aligns directly with the treatment recommendation to use intraoperative frozen section examination to confirm complete tumor excision."
**Intraoperative Management**	**Specific Biopsy Protocols during Penile-Preserving Surgery (PPS) with FSE:**<br>• **During glansectomy:** Biopsies of the complete circumference of the urethra and of each corporal tip should be sent for FSE.<br>• **During total glans resurfacing:** Spongiosal biopsies of the deep margin should be taken for FSE.	Yunis et al. - 2025 - Intraoperative frozen section	"NA (Not Addressed)
The guideline supports glansectomy and glans resurfacing as surgical options for early-stage penile cancer and mentions the general practice of using ""negative intraoperative frozen section margins."" However, the guideline does not provide the specific, detailed surgical protocols outlined in the recommendation. There is no mention of biopsying the urethral circumference, corporal tips during glansectomy, or taking deep spongiosal biopsies during glans resurfacing."	"**Stance:** R (Recommended)

**Justification:** The guideline supports the use of intraoperative frozen section examination to ensure complete tumor removal with negative margins (Section 4.4.6). It states that this method can be used to secure clear margins during surgery and highlights that areas along the penile urethra deserve special attention due to common patterns of tumor spread. While the guideline does not specify the exact biopsy protocols for glansectomy or glans resurfacing, the recommendation's detailed approach is a specific application of the general principle endorsed by the guideline."	"**Stance:** DR (Different Recommendation)

**Justification:** The guideline recommends a selective, non-routine approach to intra-operative frozen section examination (FSE), which differs from the specific, mandatory biopsy protocol proposed in the recommendation.

Specifically, the guideline states that FSE is ""a helpful tool to achieve definitive tumour-free margins, whereas it is not recommended to be used routinely"" (Section 6.1.2.2). The formal recommendation is weak, advising FSE only ""in cases of doubt on the completeness of resection.""

While the guideline mentions that for resectable locally advanced disease, ""frozen sections of the corporeal tips and urethra may be helpful"" (Section 6.1.3.1), this is presented as a permissive option in select cases, not as a mandatory protocol for all glansectomies. Furthermore, the guideline does not address the second part of the recommendation concerning spongiosal biopsies during total glans resurfacing. Therefore, because the guideline advocates for selective use of FSE rather than a specific routine protocol and does not mention the protocol for glans resurfacing, its position is classified as a different recommendation.
--------------------
**Stance:** R (Recommended)

**Justification:** The guideline supports the use of intra-operative frozen section examination (FSE) as a helpful tool to ensure complete tumor removal, though it does not recommend its routine use in all cases. In the context of resectable locally advanced disease (Section 6.1.3.1), it specifically states that ""frozen sections of the corporeal tips and urethra may be helpful in assessing the radicality of the procedure peri-operatively."" This directly aligns with the recommendation to send biopsies from the urethra and corporal tips for FSE during glansectomy to confirm clear margins."	"NA (Not Addressed)

The guideline recommends penile-preserving surgeries like glansectomy and glans resurfacing for localized penile cancer and emphasizes the importance of achieving clear surgical margins. However, it does not specify the method for intraoperative margin assessment. The recommendation's detailed protocols for using frozen section examination (FSE) with specific biopsy sites during these procedures are not mentioned or discussed in the provided guideline."	"**Updated Classification:** DR (Different Recommendation)

**Updated Summary:**  
The NCCN guideline supports the *use* of intraoperative frozen sections to ensure negative margins in penile-preserving surgery, including glansectomy, stating that “negative surgical margins should be determined from frozen sections of the cavernosal bed and urethral stump” (PN‑A 2 of 2) and more generally that intraoperative frozen sections are recommended to determine negative margins for penectomy (PN‑B). However, it does **not** specify the detailed biopsy protocol proposed in the recommendation—namely circumferential urethral biopsies and separate biopsies from each corporal tip during glansectomy, nor spongiosal deep‑margin biopsies during total glans resurfacing. For glans resurfacing, the guideline only notes that this procedure “may be considered in highly select patients” (PN‑A 1 of 2) without any associated frozen‑section or spongiosal biopsy instructions. Thus, while the guideline is aligned in principle with using frozen sections for margin assessment, it does **not** endorse the specific biopsy schemes described, so the stance is better classified as a Different Recommendation.
--------------------
R (Recommended)
The NCCN guideline supports the use of intraoperative frozen sections to ensure negative margins during penile-preserving surgeries. Specifically for glansectomy, the guideline states that ""Negative surgical margins should be determined from frozen sections of the cavernosal bed and urethral stump"" (PN-A, 2 of 2). This aligns with the recommendation to biopsy the corporal tips (cavernosal bed) and urethra. Although the guideline does not specify a protocol for glans resurfacing, its general recommendation for using intraoperative frozen sections to determine negative margins (PN-B) is consistent with the proposed approach."
**Intraoperative Management**	Following glansectomy, deep separate tunical biopsies should be obtained from the corpora to ensure an accurate pathological assessment of the deep surgical margins.	Pang et al. - 2022 - Glansectomy and Reconstruction	"NA (Not Addressed)
The guideline extensively discusses glansectomy as a primary surgical treatment for early-stage penile cancer located on the glans and emphasizes achieving negative surgical margins. However, while it mentions the use of intraoperative frozen sections for margin assessment, it does not specifically address the technique of obtaining deep separate tunical biopsies from the corpora following the procedure to assess the deep surgical margin. This specific procedural detail is not mentioned in the provided text."	"**Stance:** NA (Not Addressed)

**Justification:** The guideline extensively discusses glansectomy for T1/T2 tumors and emphasizes the critical importance of achieving negative surgical margins, suggesting intraoperative frozen section analysis for this purpose. However, it does not mention or address the specific technique of obtaining additional, separate deep tunical biopsies from the corpora cavernosa after the glans has been resected. The guideline's focus is on assessing the main resection margin, not on this particular additional biopsy method."	"NA (Not Addressed)

The guideline addresses glansectomy for tumors confined to the glans and prepuce (Section 6.1.2.7). In cases where corporeal invasion is uncertain, it suggests that ""frozen sections of the corporeal tips and urethra may be helpful in assessing the radicality of the procedure peri-operatively"" (Section 6.1.3.1). However, the guideline does not specifically mention or recommend the practice of obtaining deep, separate tunical biopsies from the remaining corpora for pathological assessment after the glansectomy is complete. Since this specific technique for margin assessment is not discussed, the recommendation is considered not addressed."	"NA (Not Addressed)

The guideline recommends glansectomy as a surgical treatment for T2 tumors and emphasizes the importance of achieving adequate surgical margins. However, it does not address the specific intraoperative technique of obtaining separate deep tunical biopsies from the corpora for pathological assessment of the deep surgical margin. The document discusses pre-operative assessment of corporal invasion but is silent on this particular post-resection step."	"**Stance:** DR (Different Recommendation)

**Justification:** The NCCN guideline recommends a different approach for assessing deep surgical margins after glansectomy. On page PN-A (2 of 2), under the ""Glansectomy"" section, the guideline specifies that ""Negative surgical margins should be determined from frozen sections of the cavernosal bed and urethral stump."" This method contrasts with the recommendation of obtaining ""deep separate tunical biopsies from the corpora,"" as it details a different specimen (frozen sections from the bed and stump) for pathologic evaluation."
**Lymph Node Management**	For patients with low-risk penile cancer (e.g., Tis, Ta, T1a) and clinically non-palpable inguinal lymph nodes (cN0), surveillance/active monitoring is the recommended management strategy.	Yan et al. - 2024 - Near-infrared fluorescence-ass; Zekan et al. - 2021 - Prognostic predictors of lymph; Patel et al. - 2022 - Robotic-Assisted Video-Endosco	"**Stance:** DR (Different Recommendation)

**Justification:**
The recommendation proposes surveillance/active monitoring as the primary management for low-risk penile cancer (Tis, Ta, T1a). The guideline, however, advocates for active treatment for these same stages. It explicitly states that ""Topical treatments, cryotherapy, circumcision, laser and photodynamic therapy are often used as first line treatment options for non-invasive and early stage penile malignancies (carcinoma in situ, Ta and T1)."" The provided treatment algorithm also details various active interventions—such as topical therapy, laser therapy, and surgical excision—as the initial steps for early/low-stage disease, with no mention of surveillance as a primary management option."	"**Stance:** R (Recommended)

**Justification:** The guideline directly supports the recommendation for surveillance in low-risk, node-negative patients. Recommendation 7.29 (page 62) explicitly states that clinical surveillance (""Eine klinische Überwachung"") should be performed for patients with tumor stages pTa and pT1aG1, which corresponds to the low-risk group. Similarly, recommendation 6.6 (page 40) advises that for patients up to category pT1a without palpably enlarged lymph nodes (cN0), operative lymph node staging can be omitted in favor of regular clinical follow-up. This aligns perfectly with the proposed treatment recommendation."	"**Stance:** R (Recommended)

**Justification:** The guideline aligns with the treatment recommendation. On page 17, under section 5.2.2.2, it defines low-risk tumors as ""Well-differentiated (G1), pTa, pTis and pT1 tumours without lymphovascular/perineural invasion (pT1a)."" For this exact patient group, it states, ""the risk of metastases is too low to justify surgical staging."" This directly supports a non-invasive management strategy like surveillance for low-risk, cN0 patients."	"R (Recommended)
The guideline recommends clinical surveillance for patients with low-risk, clinically node-negative (cN0) penile cancer. This is explicitly stated in the ""Recommendations"" section for ""cN0 disease,"" which advises, ""Clinical surveillance of the inguinal nodes is recommended in patients presenting with cN0 tumours with low-risk features (pTa/pTis and pT1G1) [III, A]."" Furthermore, the management algorithm for inguinal lymph nodes (Figure 3) clearly directs patients with impalpable nodes (cN0) and low-risk disease (Tis, Ta, T1G1) to surveillance, directly aligning with the proposed recommendation."	"**R (Recommended)**

**Justification:**
The NCCN guideline aligns directly with the treatment recommendation. The algorithm on page PN-3, ""Management of Non-Palpable Inguinal Lymph Nodes,"" stratifies patients based on the primary lesion. For the ""Low risk (PeIN, Ta, T1a)"" group, which corresponds to the population in the recommendation, the guideline explicitly recommends ""Surveillance."" This is further supported by the discussion on page MS-15, which states that patients with low-risk disease are followed with a surveillance protocol due to the low probability of occult micrometastases."
**Lymph Node Management**	For patients with intermediate or high-risk penile cancer (e.g., ≥pT1b/G2) and clinically non-palpable inguinal nodes (cN0), prophylactic surgical lymph node staging is recommended. Options include dynamic sentinel lymph node biopsy (DSNB) or inguinal lymph node dissection (ILND).	Zekan et al. - 2021 - Prognostic predictors of lymph; Cacciamani et al. - 2023 - Assessment and Reporting of Pe; Schmid et al. - 2021 - Final results of the PräVAC tr; Bowie et al. - 2021 - A systematic review of non-HPV; Krishna et al. - 2022 - Diagnostic Accuracy of MRI in; Ge et al. - 2024 - Comparing the safety and effec; Yuan et al. - 2024 - Efficacy of indocyanine green	"**Stance:** NA (Not Addressed)

**Justification:** The AUA guideline focuses on the local treatment of the primary tumor in early-stage penile cancer, detailing options such as topical therapies, laser ablation, and organ-sparing surgery. While the document briefly mentions that patients with grade 2 and 3 tumors will require inguinal node dissection, it does not provide a comprehensive discussion on the specific strategy of prophylactic surgical lymph node staging for clinically node-negative (cN0) patients. Key elements of the recommendation, such as specific risk criteria (e.g., ≥pT1b) and dynamic sentinel lymph node biopsy (DSNB) as a staging option, are not mentioned, making the recommendation unaddressed by this guideline."	"**Stance:** R (Recommended)

**Justification:** The guideline strongly recommends invasive investigation of clinically non-palpable inguinal lymph nodes for patients with penile cancer from category pT1b onwards (Recommendation 6.5, page 40). This aligns perfectly with the patient group (intermediate or high-risk, ≥pT1b/G2) and the action (prophylactic surgical lymph node staging) described in the treatment recommendation. Furthermore, the guideline explicitly names modified inguinal lymphadenectomy and dynamic sentinel lymph node biopsy as the two procedural options, matching the methods proposed in the recommendation."	"**Stance:** R (Recommended)

**Justification:** The guideline aligns with the treatment recommendation. On page 17, section 5.2.2.2, it identifies tumors that are stage T1b or higher as ""high-risk"" and recommends surgical staging for these patients. The recommendations table on page 18 reinforces this with a ""Strong"" recommendation to offer surgical LN staging to all cN0 patients at high risk (T1b or higher). Furthermore, the guideline explicitly names dynamic sentinel lymph node biopsy (DSNB) as the preferred surgical staging option, with inguinal lymph node dissection (ILND) as the alternative, which mirrors the options provided in the recommendation."	"R (Recommended)
The guideline aligns with the treatment recommendation. In the section ""Management of cN0 disease,"" the guideline states that ""active treatment is recommended for patients with intermediate- and high-risk disease."" Furthermore, under the formal ""Recommendations"" for ""cN0 disease,"" it specifies that ""For patients with cN0 intermediate or high-risk disease (pT1G2, pT1-4G3/G4 or lymphovascular invasion), DSLNB should be carried out,"" directly matching the proposed action and patient population."	"**R (Recommended)**

**Justification:**
The NCCN guideline directly supports the treatment recommendation for managing clinically non-palpable inguinal nodes in patients with intermediate or high-risk penile cancer. The flowchart on page PN-3, ""Management of Non-Palpable Inguinal Lymph Nodes,"" specifies that for patients with ""Intermediate/High risk"" disease (T1b or any T2 or greater), the recommended treatment is either ""Bilateral inguinal lymph node dissection (ILND)"" or ""Bilateral dynamic sentinel node biopsy (DSNB)."" This aligns perfectly with the proposed recommendation."
**Lymph Node Management**	For patients with clinically node-negative (cN0) penile cancer requiring surgical staging (indicated for intermediate- or high-risk tumors), Dynamic Sentinel Node Biopsy (DSNB) is the favored procedure, especially when performed in high-volume, experienced centers.	Greco et al. - 2024 - Systematic Review and Meta-ana; Fallara et al. - 2023 - Diagnostic Accuracy of Dynamic; Yuan et al. - 2024 - Efficacy of indocyanine green	"NA (Not Addressed)

**Justification:**
The provided AUA guideline focuses on the treatment of the primary, early-stage penile tumor, covering topical therapies, laser ablation, and various organ-preserving surgical techniques like circumcision and glansectomy. While the document acknowledges that inguinal lymph nodes must be evaluated and that higher-grade tumors require ""inguinal node dissection,"" it does not mention or discuss any specific surgical staging procedures. The recommendation for Dynamic Sentinel Node Biopsy (DSNB) as a favored procedure is therefore not addressed in this guideline."	"**R (Recommended)**

**Justification:**
The guideline recommends invasive lymph node investigation for patients with clinically node-negative (cN0) penile cancer and tumors from category pT1b onwards. It explicitly states that this can be performed using either a modified inguinal lymphadenectomy (MIL) or a dynamic sentinel lymph node biopsy (DSNB) (Recommendation 6.5, p. 40). By presenting DSNB as a primary option for surgical staging in this patient group, the guideline supports the treatment recommendation. Furthermore, the guideline's background text emphasizes that DSNB requires an experienced, interdisciplinary team, which aligns with the recommendation's condition of performing the procedure in high-volume centers (p. 64)."	"**R (Recommended)**

The guideline directly supports the treatment recommendation. In the recommendations table for clinically node-negative (cN0) patients (page 18), the guideline provides a ""Strong"" recommendation to ""offer dynamic sentinel node biopsy (DSNB)"" when surgical staging is indicated. The text further elaborates in section 5.2.2.3 that DSNB was developed to minimize the morbidity of surgical staging, is a reliable technique with high diagnostic accuracy, and has better outcomes when performed in experienced centers, all of which aligns perfectly with the proposed recommendation."	"R (Recommended)

The guideline directly supports the recommendation for using Dynamic Sentinel Node Biopsy (DSNB) in patients with clinically node-negative (cN0) intermediate- or high-risk penile cancer. The ""Management of cN0 disease"" section states that active treatment is recommended for these patients, in contrast to surveillance for low-risk cases. The guideline explicitly says, ""DSLNB is recommended in all patients with intermediate- or high-risk cN0 disease"" (p. 6) and repeats this in its final summary of recommendations for cN0 disease (p. 9)."	"R (Recommended)
The guideline recommends Dynamic Sentinel Node Biopsy (DSNB) as a valid treatment option for patients with non-palpable inguinal lymph nodes and intermediate/high-risk primary tumors. The treatment algorithm on page PN-3 (page 8) explicitly lists ""Bilateral dynamic sentinel node biopsy (DSNB)"" as an alternative to inguinal lymph node dissection. This is further qualified by footnote 'j' and the discussion on page MS-11 (page 40), which state that DSNB is recommended provided it is performed by a physician or center with experience, aligning perfectly with the recommendation's conditions."
**Lymph Node Management**	For patients with clinically palpable, suspicious, or confirmed metastatic inguinal lymph nodes, radical inguinal lymph node dissection (ILND) is the standard of care.	Sood et al. - 2022 - The Acute Complications After; Sachdeva et al. - 2024 - Management of Lymph Node–posit; Schmid et al. - 2021 - Final results of the PräVAC tr; Zekan et al. - 2021 - Prognostic predictors of lymph; Lee and Kim - 2022 - Diagnostic Performance of 18F-; Bowie et al. - 2021 - A systematic review of non-HPV; Ge et al. - 2024 - Comparing the safety and effec	"NA (Not Addressed)

**Justification:**
The AUA Update Series guideline focuses specifically on the ""Treatment of Early Stage Squamous Cell Carcinoma of the Penis,"" detailing various organ-preserving approaches like topical therapies, laser ablation, and local excisions for the primary tumor. The treatment recommendation, however, pertains to a more advanced stage of disease involving clinically palpable or confirmed metastatic inguinal lymph nodes. While the guideline mentions the necessity of evaluating inguinal lymph nodes for lymphadenopathy, it does not provide detailed recommendations or management strategies for treating confirmed nodal metastases, as this falls outside its stated scope of early-stage disease."	"R (Recommended)
The guideline aligns with the treatment recommendation. It states that for palpably enlarged inguinal lymph nodes (tastbare inguinale Leistenknoten), metastasis should be histologically confirmed. Upon confirmation, the guideline recommends performing a radical inguinal lymphadenectomy. Specifically, recommendation 7.35 on page 67 states that radical inguinal lymphadenectomy should be performed in patients with histologically or cytologically confirmed lymph node metastases, which directly supports the proposed treatment."	"**Stance:** DR (Different Recommendation)

**Justification:**
The guideline aligns with the recommendation that radical inguinal lymph node dissection (ILND) is the standard of care for patients with cN1-N2 disease. However, for a subset of the patients described in the recommendation—those with more advanced, fixed inguinal masses or pelvic lymphadenopathy (cN3 disease)—the guideline suggests a different approach. It recommends neoadjuvant chemotherapy (NAC) in preference to upfront surgery, explicitly discouraging initial surgical treatment for this group. This nuanced, stage-dependent strategy differs from the blanket recommendation for radical ILND for all clinically node-positive patients."	"R (Recommended)
The guideline recommends a diagnostic workup for palpable inguinal lymph nodes (cN1-2 disease), including FNAC or biopsy, to confirm metastasis. If metastatic disease is confirmed, the guideline explicitly states that radical inguinal lymphadenectomy is the recommended procedure. This is further reinforced in the final recommendations section, which states, ""In patients with cN1-2 disease, radical inguinal lymphadenectomy is recommended..."" [III, A], aligning directly with the proposed treatment."	"**Stance:** DR (Different Recommendation)

**Justification:** The guideline does not recommend immediate radical inguinal lymph node dissection (ILND) for all patients with clinically palpable or suspicious nodes. The guideline explicitly states that ""Palpable lymphadenopathy at the time of diagnosis does not warrant an immediate ILND"" (MS-11) because many cases are inflammatory. Instead, the recommended first step is a percutaneous lymph node biopsy to confirm metastasis (PN-4, PN-5). Only after a positive biopsy is ILND considered, and it is often preceded by neoadjuvant chemotherapy, particularly for bulky disease (PN-5, PN-6)."
**Lymph Node Management**	Early lymphadenectomy is recommended as it improves survival. Delaying ILND, particularly beyond 3 months in high-risk patients, should be avoided.	Sachdeva et al. - 2024 - Management of Lymph Node–posit; Suartz et al. - 2025 - Comparing open and video endos	"NA (Not Addressed)

The AUA guideline focuses on the treatment of the primary, early-stage penile tumor, covering topical therapies, laser ablation, and various organ-preserving surgical techniques. Although the document mentions that inguinal lymph nodes must be evaluated and that higher-grade tumors will require inguinal node dissection, it does not provide any specific recommendations regarding the timing of this procedure. The guideline does not discuss the benefits of early versus delayed lymphadenectomy or the survival implications of delaying the intervention, which is the central point of the treatment recommendation."	"R (Recommended)
The guideline strongly supports the recommendation for early lymphadenectomy in at-risk patients. It explicitly states that early inguinal lymphadenectomy is prognostically clearly superior to a lymphadenectomy performed only after metastases become apparent (p. 66). Furthermore, the guideline highlights studies showing a significant drop in long-term survival (from ~90% to <40%) when inguinal lymph node metastases are removed later in the clinically evident stage versus the occult stage, reinforcing the recommendation to avoid delays (p. 63)."	"**Stance:** R (Recommended)

**Justification:** The guideline strongly supports the recommendation for early lymphadenectomy. Section 5.2 (page 16) highlights a non-randomized trial where early lymph node surgery resulted in a significantly higher three-year survival rate compared to delayed surgery (84% vs. 35%). Furthermore, Section 6.2.2.3.2 (page 27) reinforces the importance of timely intervention, and the recommendations table on page 28 explicitly advises to ""Complete surgical inguinal and pelvic nodal management within three months of diagnosis,"" directly aligning with avoiding delays as suggested in the recommendation."	"R (Recommended)
The guideline supports the recommendation for early lymphadenectomy in appropriate patient populations to improve survival. It specifically states that for patients with intermediate- and high-risk clinically node-negative (cN0) disease, ""active treatment is recommended,"" which aligns with the recommendation to avoid delaying intervention in high-risk patients. For patients with palpable nodes (cN1-2), the guideline also recommends radical inguinal lymphadenectomy after confirmation. While the guideline advocates for clinical surveillance in low-risk patients, its overall stance for high-risk and node-positive disease is consistent with the principle of early intervention to improve outcomes."	"**R (Recommended)**

**Justification:**
The NCCN guideline strongly supports the recommendation for early lymphadenectomy. In the ""Delayed Inguinal Lymphadenectomy"" discussion, it explicitly states that patients undergoing ""immediate ILND have better survival outcomes than patients undergoing delayed ILND"" (MS-12). The guideline further recommends that ""in most circumstances, patients with high-risk penile tumors should undergo immediate ILND"" (MS-12). This aligns directly with the recommendation's emphasis on early intervention and avoiding delays to improve survival."
**Lymph Node Management**	Surveillance or delayed ILND for patients with clinically suspected positive nodes (cN+) is not recommended as it risks missing a curative opportunity.	Sachdeva et al. - 2024 - Management of Lymph Node–posit	"NA (Not Addressed)

The guideline, ""Treatment of Early Stage Squamous Cell Carcinoma of the Penis,"" focuses on the management of the primary tumor in early-stage (non-invasive and T1) disease. It discusses local therapies such as topical agents, laser ablation, and various surgical excisions. The recommendation, however, addresses the management of patients with clinically positive lymph nodes (cN+), which constitutes a more advanced disease stage. While the guideline states that inguinal lymph nodes must be evaluated, it does not provide any treatment recommendations for node-positive patients, and therefore does not address the specific scenario of surveillance versus immediate intervention in this population."	"R (Recommended)
The guideline supports the treatment recommendation by advising immediate surgical intervention for patients with clinically positive (palpable) inguinal lymph nodes (cN+). Recommendation 6.7 states that palpably enlarged lymph nodes should be histologically confirmed by surgical removal, and if metastasis is proven, a radical inguinal lymphadenectomy should follow. The background text for Recommendation 7.35 further clarifies that for patients with palpable nodes, histological confirmation is performed first, followed by a radical inguinal lymphadenectomy if metastases are found. This approach directly opposes surveillance or delayed ILND, aligning with the recommendation to act promptly to preserve a curative opportunity."	"**Stance:** R (Recommended)

**Justification:** The guideline aligns with the recommendation by advising against delayed treatment for patients with clinically positive nodes (cN+). It explicitly states that radical inguinal lymph node dissection (rILND) is the standard of care for cN1-2 disease. Furthermore, the guideline highlights evidence that a delay in nodal management of more than three to six months may negatively affect disease-free survival and recommends completing surgical management within three months of diagnosis."	"R (Recommended)
The guideline recommends immediate and active management for patients with clinically positive lymph nodes (cN+), which aligns with the recommendation against surveillance or delay. The guideline specifies that for cN1-2 disease, a diagnosis should be confirmed via biopsy, followed by radical inguinal lymphadenectomy (ILND) if metastatic disease is found. This direct approach to treatment contrasts with surveillance, thereby supporting the recommendation's stance that delaying treatment risks missing a curative opportunity."	"**Stance:** R (Recommended)

**Justification:**
The NCCN guideline aligns with the recommendation to avoid surveillance or delayed inguinal lymph node dissection (ILND) for patients with clinically positive nodes (cN+). The guideline's algorithms for palpable inguinal lymph nodes (PN-4, PN-5) consistently recommend an immediate workup, starting with a percutaneous lymph node biopsy. Surveillance is only considered as an option if a biopsy is negative; if it is positive, active treatment with ILND (with or without neoadjuvant therapy) is advised. The discussion section further supports this by stating that data suggests immediate ILND leads to better survival outcomes than delayed ILND once groins become clinically positive, reinforcing the risk of missing a curative opportunity by waiting."
**Lymph Node Management**	In patients diagnosed with metastatic inguinal nodes on histology following a DSNB, offering a completion radical inguinal lymph node dissection (RLND) is the standard treatment approach.	Fallara et al. - 2023 - Diagnostic Accuracy of Dynamic	"NA (Not Addressed)

The guideline's scope, as stated in its title and learning objective, is explicitly limited to the ""Treatment of Early Stage Squamous Cell Carcinoma of the Penis."" The document discusses evaluating inguinal lymph nodes but does not provide management strategies for confirmed metastatic disease. The treatment recommendation addresses a more advanced scenario—managing histologically confirmed metastatic inguinal nodes—which is outside the scope of this early-stage focused guideline."	"**Stance:** R (Recommended)

**Justification:** The guideline recommends a radical inguinal lymphadenectomy for patients with histologically or cytologically proven lymph node metastases (Recommendation 7.35). The treatment recommendation specifies this exact scenario, where a dynamic sentinel node biopsy (DSNB) provides the histological proof of metastasis. Therefore, the guideline's general principle directly supports the specific action of performing a completion radical inguinal lymph node dissection as the standard treatment in this situation."	"**R (Recommended)**

**Justification:**
The guideline directly supports the treatment recommendation. In section 5.2.2.3, ""Surgical staging options,"" the text explicitly states, ""In case histopathology identifies SN (micro)metastasis, ipsilateral completion ILND is indicated (see Section 6.2.2) [119]."" This aligns perfectly with the recommendation to perform a completion radical inguinal lymph node dissection (RLND/ILND) for patients found to have metastatic inguinal nodes after a DSNB."	"R (Recommended)
The guideline recommends dynamic sentinel lymph node biopsy (DSLNB) for patients with intermediate- or high-risk cN0 disease. It explicitly states that this should be ""followed by radical inguinal lymphadenectomy where there is micrometastatic disease detected in the sentinel node"" (p. 6). This approach is also visually represented in the management algorithm (Figure 3) and listed in the formal recommendations (p. 9), aligning perfectly with the proposed treatment."	"R (Recommended)
The guideline aligns with the treatment recommendation. In the algorithm for ""Management of Non-Palpable Inguinal Lymph Nodes"" (PN-3), Dynamic Sentinel Node Biopsy (DSNB) is presented as a treatment option for intermediate/high-risk patients. Footnote 'k' on this page, as well as the ""Principles of Surgery"" on page PN-B, explicitly state: ""If positive lymph nodes are found on DSNB, ILND is recommended."" This directly supports the recommendation to perform a completion inguinal lymph node dissection (ILND) after a positive DSNB."
**Lymph Node Management**	For very selected groups of patients with a positive dynamic sentinel lymph node biopsy (DSNB), strict surveillance might be considered as a potential alternative strategy to immediate completion RLND, but better stratification methods are needed.	Fallara et al. - 2023 - Diagnostic Accuracy of Dynamic	"NA (Not Addressed)

The guideline focuses on the treatment of the primary, early-stage penile tumor, covering options like topical therapies, laser ablation, and various organ-sparing surgical techniques. While it mentions the importance of evaluating inguinal lymph nodes for staging, it does not address the specific management of patients who have already undergone a positive dynamic sentinel lymph node biopsy (DSNB). Therefore, the recommendation to consider surveillance versus immediate completion lymph node dissection in this specific patient population is not discussed in the provided text."	"**Stance:** DR (Different Recommendation)

**Justification:** The guideline recommends a different treatment approach. Recommendation 7.35 on page 67 explicitly states that a radical inguinal lymphadenectomy should be performed in patients with histologically proven lymph node metastases. A positive dynamic sentinel lymph node biopsy (DSNB) provides this histological proof. The proposed recommendation to consider strict surveillance as an alternative to immediate completion lymphadenectomy is not mentioned and directly contradicts the guideline's directive for definitive surgical intervention upon detection of nodal metastases."	"DR (Different Recommendation)

The guideline recommends a different treatment approach than the one proposed. The guideline explicitly states that for patients with a positive sentinel node (SN) biopsy, completion inguinal lymph node dissection (ILND) is the indicated treatment. This directly contradicts the recommendation to consider surveillance as an alternative strategy.

Specifically, on page 17, the guideline states, ""In case histopathology identifies SN (micro)metastasis, ipsilateral completion ILND is indicated."" This position is reinforced on page 26, where it notes that ""Radical ILND remains the standard of care for... cN0 patients with a tumour positive SN at DSNB."" Therefore, the guideline recommends definitive surgical treatment, not surveillance, following a positive DSNB."	"DR (Different Recommendation)
The guideline recommends a different treatment approach. For patients with intermediate- or high-risk cN0 disease and metastatic nodes detected by a dynamic sentinel lymph node biopsy (DSLNB), the guideline explicitly recommends proceeding to a radical inguinal lymphadenectomy. This is in direct contrast to the recommendation, which suggests that strict surveillance could be an alternative to immediate radical surgery for selected patients with a positive DSLNB. The guideline's algorithm (Figure 3) and text on page 6 clearly state that a positive DSLNB should be followed by radical surgery, not surveillance."	"**Stance:** DR (Different Recommendation)

**Justification:** The treatment recommendation suggests that for select patients with a positive dynamic sentinel lymph node biopsy (DSNB), strict surveillance might be a potential alternative to immediate completion inguinal lymph node dissection (ILND). In contrast, the NCCN guideline explicitly recommends a different approach. The guideline's algorithm on page PN-3 and the associated footnote 'k' state, ""If positive lymph nodes are found on DSNB, ILND is recommended."" This is also directly stated under the Principles of Surgery on page PN-B, with no mention of surveillance as an alternative in this scenario."
**Lymph Node Management**	Pelvic Lymph Node Dissection (PLND) should be performed after ILND for patients with pathological stage pN2 or predictors for pelvic lymph node involvement, such as three or more positive inguinal nodes or extranodal extension (ENE).	Sachdeva et al. - 2024 - Management of Lymph Node–posit; Naushad et al. - 2022 - Pelvic lymph node dissection a	"NA (Not Addressed)

The AUA guideline focuses exclusively on the treatment of ""Early Stage Squamous Cell Carcinoma of the Penis,"" detailing management options for the primary tumor such as topical therapies, laser ablation, and organ-sparing surgeries. While it emphasizes the importance of evaluating inguinal lymph nodes for staging, it does not provide any recommendations for managing metastatic nodal disease. Consequently, the specific indications for performing a Pelvic Lymph Node Dissection (PLND) in patients with pN2 disease or other high-risk features are outside the scope of this document and are not addressed."	"**Stance:** R (Recommended)

**Justification:** The guideline aligns with the treatment recommendation by indicating pelvic lymph node dissection (PLND) based on the findings from the inguinal lymphadenectomy. Recommendation 7.36 on page 69 explicitly states that ipsilateral PLND (""pelvine Lymphkontenentfernung"") should be performed for patients with two or more affected inguinal lymph nodes or with capsule-penetrating metastases (""kapselüberschreitenden Lymphknotenmetastasen""). This corresponds directly to the recommendation's criteria of pathological stage pN2 and extranodal extension (ENE). The background information further confirms that the indication for PLND is based on the extent of inguinal metastasis."	"**Stance:** R (Recommended)

**Justification:** The guideline aligns with the treatment recommendation. Section 6.2.3.1.1 identifies ""the number of positive inguinal LNs (1–2 vs. 3, or more...)"" and ""the presence of extracapsular spread"" (extranodal extension) as significant predictors for pelvic lymph node metastasis. Based on this evidence, the recommendations table on page 30 advises to ""Offer... prophylactic ipsilateral pelvic lymphadenectomy to patients if: three or more inguinal nodes are involved... [or] extranodal extension is reported..."". This directly mirrors the criteria and action proposed in the recommendation."	"R (Recommended)
The guideline recommends unilateral pelvic lymphadenectomy (PLND) for patients with high-risk features found after inguinal lymph node dissection. The specific indications listed in the guideline are ""two or more ipsilateral inguinal metastases, metastasis with a diameter of ≥30 mm or extranodal extension."" This strongly aligns with the treatment recommendation, which advises PLND for patients with extranodal extension or multiple positive nodes (the guideline specifies two or more, while the recommendation states three or more). Both sources agree that these pathological findings warrant PLND."	"R (Recommended)
The NCCN guideline aligns with the treatment recommendation. The ""Principles of Surgery"" page (PN-B) states that ""PLND should be considered at the time or following ILND in patients with ≥2 positive inguinal nodes on the ipsilateral ILND site or in the presence of extranodal extension on final pathologic review."" Furthermore, the discussion on Pelvic Lymphadenectomy (MS-12) explicitly recommends PLND ""in patients with three or more positive ILNs,"" directly matching the criteria in the recommendation. The treatment algorithms also consistently direct patients with pN2-3 disease toward PLND (PN-9)."
**Lymph Node Management**	Prophylactic inguinal lymphadenectomy is not an appropriate treatment for patients with Penile Verrucous Carcinoma (PVC) and non-palpable lymph nodes.	Jo et al. - 2021 - Optimal treatment for penile v	"NA (Not Addressed)

The guideline provides a comprehensive overview of the treatment for early-stage squamous cell carcinoma of the penis, focusing on options based on tumor stage (Tis, Ta, T1) and grade. However, it does not discuss specific histopathological subtypes, such as Penile Verrucous Carcinoma (PVC). Therefore, the document does not address the specific recommendation regarding the role of prophylactic inguinal lymphadenectomy for patients with PVC and non-palpable lymph nodes."	"**R (Recommended)**

**Justification:**
The treatment recommendation advises against prophylactic inguinal lymphadenectomy for patients with Penile Verrucous Carcinoma (PVC) and non-palpable lymph nodes. The guideline aligns with this by recommending clinical surveillance (""klinische Überwachung"") specifically for patients with pTa tumors (Recommendation 7.29, page 62). The background information on page 63 further clarifies that patients with verrucous carcinoma fall into this pTa category, thus supporting surveillance over prophylactic surgery."	"R (Recommended)
The guideline supports the recommendation. Table 3.1 on page 7 describes verrucous carcinoma as a subtype of penile cancer for which there is ""No metastasis reported."" Furthermore, Section 5.2.2.2 on page 17 states that for low-risk tumors, which include Ta tumors like verrucous carcinoma, ""the risk of metastases is too low to justify surgical staging."" This directly aligns with the recommendation to avoid prophylactic inguinal lymphadenectomy in patients with Penile Verrucous Carcinoma (PVC) and non-palpable lymph nodes."	"R (Recommended)
The guideline supports the treatment recommendation. It characterizes verrucous carcinoma as a low-grade subtype of penile cancer. For patients with clinically non-palpable lymph nodes (cN0) and low-risk disease features (e.g., pT1G1), the guideline explicitly recommends ""clinical surveillance"" rather than immediate surgery. This aligns with avoiding prophylactic inguinal lymphadenectomy, as the guideline notes that performing this procedure on all cN0 patients would be considered ""overtreatment."""	"R (Recommended)
The guideline aligns with the treatment recommendation. On page PN-3, under ""MANAGEMENT OF NON-PALPABLE INGUINAL LYMPH NODES,"" patients with low-risk lesions, including Ta, are directed to surveillance. Footnote 'f' specifically clarifies, ""Ta verrucous carcinoma is by definition a well-differentiated tumor. Therefore, only surveillance of the inguinal lymph nodes is required."" This supports the recommendation against performing prophylactic inguinal lymphadenectomy for this patient population."
**Lymph Node Management**	For patients with Penile Verrucous Carcinoma (PVC) presenting with lymphadenopathy, treatment with anti-inflammatory drugs may be the treatment of choice, followed by a lymph node biopsy as needed.	Jo et al. - 2021 - Optimal treatment for penile v	"NA (Not Addressed)

The AUA Update Series guideline does not address this specific recommendation. The document provides a general overview for treating ""early stage squamous cell carcinoma"" but never mentions the specific ""verrucous carcinoma"" (PVC) subtype. Consequently, it does not discuss the unique management strategy of using anti-inflammatory drugs for associated lymphadenopathy, instead focusing on diagnostic evaluation of lymph nodes and primary treatments like surgery, laser therapy, and topical agents."	"DR (Different Recommendation)

The guideline recommends a different approach for managing lymphadenopathy in penile cancer patients. While the recommendation suggests a trial of anti-inflammatory drugs, the guideline explicitly states that palpably enlarged inguinal lymph nodes should be histologically confirmed via operative removal (Empfehlung 6.7, p. 42). Furthermore, the guideline warns against delaying diagnosis, noting that the formerly recommended week-long antibiotic therapy for inguinal lymph node swelling is no longer acceptable (p. 37). The guideline's strategy is to proceed directly to histological confirmation rather than attempting a course of medication first."	"DR (Different Recommendation)

The guideline suggests a different approach for managing lymphadenopathy than the one proposed in the recommendation. The recommendation is to first treat with anti-inflammatory drugs and then biopsy as needed. However, the guideline explicitly states that for clinically node-positive (cN+) patients, the standard procedure is to ""obtain (image-guided) biopsy to confirm nodal metastasis before initiating treatment"" (Page 18). Furthermore, it cautions against using treatments like antibiotics to resolve enlarged nodes as this may ""delay further staging and treatment and is not recommended"" (Page 16, Section 5.2.1), a principle that contradicts the recommendation's ""treat first, biopsy later"" approach."	"**Stance:** DR (Different Recommendation)

**Justification:** The recommendation suggests an initial trial of anti-inflammatory drugs for lymphadenopathy, particularly in Penile Verrucous Carcinoma (PVC). The guideline, however, proposes a different course of action. While it acknowledges that lymphadenopathy can be secondary to inflammatory changes, it recommends immediate diagnostic confirmation with percutaneous fine-needle aspiration cytology (FNAC) or biopsy for any palpable inguinal lymph nodes due to the high probability (>80%) of metastatic disease. The guideline's recommended pathway does not include a trial of anti-inflammatory medication prior to biopsy."	"**Stance:** DR (Different Recommendation)

**Justification:** The treatment recommendation suggests using anti-inflammatory drugs as the initial treatment for lymphadenopathy in patients with Penile Verrucous Carcinoma (PVC). In contrast, the NCCN guideline recommends a different approach for palpable inguinal lymph nodes. The guideline's favored initial step is a percutaneous lymph node biopsy to differentiate between inflammatory swelling and metastatic disease. While the guideline acknowledges that lymphadenopathy can be inflammatory and mentions a traditional (but less favored) use of antibiotics, it does not recommend a trial of anti-inflammatory drugs, instead prioritizing a biopsy for definitive diagnosis (MS-11, PN-4)."
**Lymph Node Management**	For low-stage (T1c N0 or below), clinically node-negative patients, guidelines do not recommend the removal of lymph nodes.	Yan et al. - 2024 - Near-infrared fluorescence-ass	"**Stance:** DR (Different Recommendation)

**Justification:**
The guideline offers a different recommendation that is more nuanced than the one provided. While the guideline focuses on conservative management of the primary tumor in early-stage disease, it explicitly states that patients with moderately or poorly differentiated tumors (grades 2 and 3) ""will require inguinal node dissection."" This directly contradicts the broader recommendation that guidelines do not advise lymph node removal for all low-stage, clinically node-negative patients, as the guideline makes this decision contingent on tumor grade."	"**Stance:** DR (Different Recommendation)

**Justification:** The guideline offers a more nuanced, risk-stratified approach compared to the treatment recommendation. While it agrees that lymph node removal is not necessary for the lowest-risk stages (pTa and pT1aG1), recommending clinical surveillance instead (Recommendation 7.29), it explicitly advises invasive lymph node investigation for higher-risk T1 stages (pT1b and above) even in clinically node-negative (cN0) patients due to the high risk of occult micrometastases (Recommendation 6.5). This contradicts the broader suggestion to avoid lymph node removal for all low-stage T1 patients."	"DR (Different Recommendation)

The guideline presents a different and more nuanced approach than the recommendation. While it states that for low-risk tumors (pT1a, well-differentiated) the ""risk of metastases is too low to justify surgical staging"" (page 17), it explicitly defines a high-risk category even within the T1 stage. The guideline strongly recommends surgical lymph node staging for all clinically node-negative (cN0) patients with high-risk disease, which includes T1b tumors (T1 with lymphovascular invasion, perineural invasion, or poor differentiation) or any tumor stage T2 or higher (page 18). Therefore, the guideline does recommend lymph node evaluation for a subset of low-stage, clinically node-negative patients, which contradicts the blanket statement in the recommendation."	"R (Recommended)
The guideline supports the recommendation. It specifies that for patients with clinically node-negative (cN0) disease and low-risk features (defined as pTa/pTis and pT1G1), the recommended management is ""clinical surveillance of the inguinal nodes."" This aligns with the recommendation to not perform lymph node removal, as surveillance is presented as the alternative to active treatment (such as lymph node biopsy or dissection), which is reserved for intermediate- and high-risk patients."	"**Stance:** DR (Different Recommendation)

**Justification:** The NCCN guideline presents a risk-stratified approach that differs from the recommendation's broader statement. While the guideline agrees that low-risk, clinically node-negative patients (PeIN, Ta, T1a) should undergo surveillance without lymph node removal, it explicitly recommends lymph node removal for intermediate/high-risk patients, including those with T1b tumors. This contradicts the recommendation's generalization that lymph node removal is not advised for all low-stage T1 patients, as the guideline's management is dependent on the specific T1 sub-stage."
**Lymph Node Management**	The management of inguinal nodal disease in transplanted patients should be consistent with standard oncological guidelines.	Basile et al. - 2025 - Testis and penile cancers in k	"**Stance:** NA (Not Addressed)

**Justification:**
The guideline focuses on the treatment of early-stage primary penile tumors, covering topical therapies, laser therapy, and organ-sparing surgery. While it mentions the need to evaluate inguinal lymph nodes for lymphadenopathy and states that higher-grade tumors require inguinal node dissection, it does not provide detailed management strategies for nodal disease. Furthermore, the guideline does not address the specific management of penile cancer or its nodal metastases in the distinct population of transplanted or immunosuppressed patients."	"NA (Not Addressed)

The provided guideline offers comprehensive recommendations for the management of regional inguinal lymph nodes in patients with penile cancer, detailing approaches for clinically unsuspicious (cN0), palpable (cN1/cN2), and fixed lymph nodes. However, the document does not specifically mention or provide any distinct recommendations for the subpopulation of transplanted or otherwise immunosuppressed patients. Therefore, the guideline does not address the specific clinical scenario outlined in the treatment recommendation."	"NA (Not Addressed)

The EAU-ASCO guideline provides comprehensive recommendations for the management of regional and inguinal lymph node disease in sections 6.2, 6.3, and 6.4. However, the guideline does not specifically mention or provide any distinct guidance for the management of ""transplanted patients"" or other immunosuppressed populations in this context. While it details the standard oncological approaches, it does not address whether these standards should be applied consistently or modified for this specific patient subgroup."	"NA
The ESMO-EURACAN guideline provides a detailed framework for the management of inguinal lymph node disease based on clinical stage (cN0, cN1-2, cN3) and risk stratification. However, the guideline does not mention or provide any specific recommendations for the management of penile cancer in transplanted or otherwise immunosuppressed patients. The topic of how to manage this specific patient subgroup is not addressed."	"NA (Not Addressed)

The NCCN guideline provides detailed management strategies for inguinal nodal disease based on factors like palpability, bulkiness, and risk stratification from the primary tumor. However, the guideline does not specifically mention or provide distinct recommendations for patients who have undergone organ transplantation. While it details standard oncological guidelines, it does not address whether this specific patient population requires any modification or special consideration, for instance, due to their immunosuppressed state."
**Lymph Node Management (Surgical Approach)**	Minimally Invasive Inguinal Lymphadenectomy (MIS-ILND), including video-endoscopic (VEIL) and robot-assisted (RA-VEIL) techniques, is recommended over traditional Open ILND to reduce morbidity. This approach has fewer complications and is considered oncologically equivalent for suitable patients (e.g., cN0 disease) when performed in high-volume centers.	Sood et al. - 2022 - The Acute Complications After; Sachdeva et al. - 2024 - Management of Lymph Node–posit; Tan et al. - 2025 - Comparing the Perioperative an; Greco et al. - 2024 - Systematic Review and Meta-ana; Patel et al. - 2022 - Robotic-Assisted Video-Endosco; Mehta et al. - 2025 - A comment on _Comparing open; Suartz et al. - 2025 - Comparing open and video endos; Ge et al. - 2024 - Comparing the safety and effec	"NA (Not Addressed)

The guideline does not address the recommendation to use minimally invasive inguinal lymphadenectomy (MIS-ILND) over open surgery. The provided AUA Update focuses exclusively on the treatment of the primary, early-stage penile tumor, detailing options like topical therapies, laser ablation, and organ-sparing surgical excision. While the document mentions the necessity of evaluating and dissecting inguinal lymph nodes, it does not discuss or compare the specific surgical techniques for performing a lymphadenectomy."	"**Stance:** R (Recommended)

**Justification:** The guideline supports the use of minimally invasive inguinal lymphadenectomy. On page 68, it explicitly states that minimally invasive techniques, including both video-endoscopic and robot-assisted approaches, have been developed and evaluated to reduce the high complication rates associated with open radical inguinal lymphadenectomy (RIL). The guideline further notes that these techniques can be performed safely and result in lower complication rates with comparable short-term oncological outcomes compared to open surgery, which directly aligns with the treatment recommendation."	"DR (Different Recommendation)

The guideline suggests a different, more cautious approach than the treatment recommendation. While the guideline acknowledges that minimally invasive techniques (VEIL/RAVEIL) may reduce wound complications (page 28, section 6.2.2.5), it concludes that the evidence is very limited for cN1–2 patients and therefore no standard recommendation can be made for this group. The guideline explicitly states, ""Offer minimally-invasive ILND to patients with cN1–2 disease only as part of a clinical trial"" (page 28), which contrasts with the recommendation's suggestion of it being a preferred alternative to open ILND. Furthermore, for advanced cN3 disease, the guideline strongly recommends *against* video endoscopic inguinal lymphadenectomy (page 31)."	"**Updated Classification:** DR (Different Recommendation)

**Updated Summary:**  
The proposed recommendation endorses minimally invasive inguinal lymphadenectomy (MIS‑ILND, including VEIL and RA‑VEIL) *over* traditional open ILND to reduce morbidity and considers it oncologically equivalent for suitable patients (e.g. cN0) in high‑volume centres.  

The guideline acknowledges that minimally invasive (robotic or laparoscopic) ILND “has demonstrated similar oncological outcomes but with less intraoperative blood loss, shorter hospital stay, reduced wound infection rates and reduced skin necrosis rates” [59], but immediately cautions that the patient numbers are too small to draw firm conclusions, especially for oncological outcomes and lymphocele/lymphoedema rates. In its formal recommendations, the guideline explicitly recommends **radical inguinal lymphadenectomy** (without specifying minimally invasive vs open) for cN1–2 disease and uses DSLNB/modified ILND for cN0, without recommending MIS‑ILND over open ILND or specifically endorsing it as standard care. Thus, the guideline presents MIS‑ILND as a promising, lower‑morbidity technique but does **not** recommend it over traditional open ILND, leading to a stance of **Different Recommendation (DR)**.
--------------------
**Stance:** R (Recommended)

**Justification:**
The guideline supports the recommendation by acknowledging the key benefits of minimally invasive inguinal lymphadenectomy. The text states that minimally invasive approaches (robotic or laparoscopic) ""have demonstrated similar oncological outcomes but with less intraoperative blood loss, shorter hospital stay, reduced wound infection rates and reduced skin necrosis rates."" Although it adds a note of caution that patient numbers in these series are too small for a definitive conclusion on all outcomes, its overall description aligns with the recommendation's rationale of reduced morbidity without compromising oncological safety."	"**Stance:** DR (Different Recommendation)

**Justification:**
The NCCN guideline acknowledges robotic inguinal lymph node dissection (ILND) in the discussion section, noting that it appears ""safe and effective, with lower morbidity than open surgery"" for select patients. However, it explicitly states that ""Data on robotic ILND are limited"" (MS-11). The guideline's primary treatment algorithms do not specify a minimally invasive approach, instead recommending ""standard or modified ILND"" (MS-15), which implies the open procedure is the standard of care. This cautious stance, based on limited data, differs from the treatment recommendation's explicit preference for minimally invasive techniques over the traditional open approach."
**Lymph Node Management (Surgical Approach)**	For patients with cN1-2 disease, open surgery (O-ILND) should be the preferred option over minimally invasive techniques to reduce the risk of large lymph node fractures during dissection.	Ge et al. - 2024 - Comparing the safety and effec	"NA (Not Addressed)

The AUA Update Series guideline focuses exclusively on the ""Treatment of Early Stage Squamous Cell Carcinoma of the Penis,"" covering management of the primary tumor with options like topical therapies, laser ablation, and organ-sparing surgery. The recommendation, however, addresses the surgical technique for managing regional nodal disease (cN1-2), which is a more advanced stage. The provided guideline does not discuss or compare different surgical approaches for inguinal lymph node dissection, such as open versus minimally invasive techniques."	"**DR (Different Recommendation)**

**Justification:**
The guideline identifies open radical inguinal lymphadenectomy (RIL) as the standard treatment for patients with palpable lymph nodes (cN1/cN2) with proven metastases (p. 67, Recommendation 7.35). However, it contradicts the treatment recommendation's preference for open surgery over minimally invasive techniques. The guideline explicitly states that minimally invasive techniques (videoendoscopic and robot-assisted) have been developed to reduce the high complication rates of open RIL and can achieve lower complication rates with comparable short-term oncological results (p. 68). By presenting minimally invasive approaches as viable and potentially favorable alternatives, the guideline offers a different perspective than the recommendation's clear preference for open surgery."	"R

The guideline supports the core of the treatment recommendation: for patients with cN1–2 penile cancer, open radical (or fascia‑sparing) inguinal lymph node dissection (ILND) is the standard of care, while minimally invasive ILND (VEIL/RAVEIL) should only be offered within clinical trials (Section 6.2.2.6: “Open radical ILND is the standard for cN1–2 disease… Offer minimally‑invasive ILND to patients with cN1–2 disease only as part of a clinical trial.”). This makes open surgery the preferred option over minimally invasive techniques in routine practice. The guideline’s rationale, however, is not the risk of lymph node “fractures” during dissection but the very limited and mainly prophylactic evidence base for minimally invasive ILND in cN1–2 patients and the resulting investigational status of these techniques.
--------------------
DR (Different Recommendation)

The guideline recommends open radical inguinal lymph node dissection (rILND) as the standard of care for cN1-2 disease and a strong recommendation. However, it does not express a preference for open surgery over minimally invasive techniques due to the risk of lymph node fractures. Instead, it states that evidence for minimally invasive ILND in cN1-2 patients is very limited and, for this reason, strongly recommends that it should only be offered as part of a clinical trial. The guideline does not explicitly prefer one over the other for routine care but rather designates open surgery as the established standard while considering the minimally invasive approach investigational in this specific patient group."	"**Stance:** DR (Different Recommendation)

**Justification:** The guideline recommends radical inguinal lymphadenectomy for cN1-2 disease but does not explicitly state a preference for open surgery over minimally invasive techniques. It acknowledges that minimally invasive (robotic or laparoscopic) approaches have demonstrated benefits such as less blood loss and shorter hospital stays. While it notes the data is from small series, making it difficult to conclude on oncological outcomes, it does not advise against these techniques, which contrasts with the recommendation's clear preference for open surgery."	"**Stance:** DR (Different Recommendation)

**Justification:** The recommendation states that open inguinal lymph node dissection (O-ILND) should be the preferred option for patients with cN1-2 disease over minimally invasive techniques. The NCCN guideline does not endorse this preference. Instead, the discussion section notes that for non-bulky inguinal nodes (which includes cN1-2 disease), the robotic approach is safe, effective, and has lower morbidity than open surgery, although data is limited (MS-11). By presenting minimally invasive surgery as a viable alternative with potential benefits, the guideline differs from the recommendation to outright prefer open surgery."
**Lymph Node Management (Surgical Approach)**	Modified Inguinal Lymph Node Dissection (ILND) is proposed for patients with high-risk primary penile cancer and clinically negative groins (cN0) to minimize morbidity. The technique involves limiting incision size, preserving the saphenous vein, and excluding dissection lateral to the femoral artery.	Sood et al. - 2022 - The Acute Complications After	"NA (Not Addressed)

The guideline, ""Treatment of Early Stage Squamous Cell Carcinoma of the Penis,"" focuses exclusively on the management of the primary tumor. It details various treatment options for early-stage lesions, including topical therapies, laser ablation, and organ-sparing surgeries like circumcision and glansectomy. The recommendation, however, pertains to a specific surgical technique for managing regional lymph nodes (Modified ILND) in high-risk, clinically node-negative (cN0) patients. While the guideline states that higher-grade tumors will require inguinal node dissection, it does not discuss the procedure's technique, its modifications, or its application in the cN0 setting."	"R (Recommended)
The guideline recommends invasive lymph node staging for patients with high-risk (≥ pT1b), clinically node-negative (cN0) penile cancer. It explicitly identifies Modified Inguinal Lymphadenectomy (MIL) as a standard procedure for this indication (Recommendation 7.32). The guideline's description of MIL emphasizes its role in reducing morbidity compared to radical dissection, highlighting features such as preservation of the saphenous vein and limited resection boundaries, which directly aligns with the proposed treatment recommendation."	"DR (Different Recommendation)

The guideline suggests a different primary approach for surgical staging in high-risk, clinically node-negative (cN0) patients. It strongly recommends dynamic sentinel node biopsy (DSNB) as the preferred initial procedure due to its high diagnostic accuracy and lower complication rates compared to any form of inguinal lymph node dissection (ILND). While the guideline does describe modified ILND as an option developed to lower morbidity (Section 5.2.2.3, page 17), it is positioned as a secondary alternative only when DSNB is not available or feasible (Section 5.3, page 18)."	"R (Recommended)
The guideline recommends Modified Inguinal Lymph Node Dissection (ILND) for patients with intermediate- or high-risk clinically node-negative (cN0) disease. It is presented as an alternative surgical option to reduce post-operative morbidity, which aligns with the recommendation's goal. The guideline specifies that Modified ILND should be considered when the preferred procedure, Dynamic Sentinel Lymph Node Biopsy (DSLNB), is not available."	"**Stance:** R (Recommended)

**Justification:** The NCCN guideline recommends modified inguinal lymph node dissection (ILND) for the exact patient population specified in the recommendation. The discussion on ""Modified Template Lymphadenectomy"" (page MS-11) details a procedure identical to the one proposed, highlighting its role in decreasing morbidity for patients with high-risk tumors and clinically negative groins. The guideline algorithm for non-palpable nodes (PN-3) also states that a ""modified/superficial inguinal dissection"" is an acceptable alternative for high-risk patients."
**Lymph Node Management (Surgical Technique)**	Indocyanine green (ICG) fluorescence-guided ILND is recommended for patients with cN0M0 disease undergoing staging ILND, as it improves the number of retrieved lymph nodes without increasing complications.	Yuan et al. - 2024 - Efficacy of indocyanine green	"NA (Not Addressed)

The treatment recommendation specifies the use of indocyanine green (ICG) fluorescence-guided inguinal lymph node dissection (ILND) for staging in patients with clinically node-negative disease. The provided AUA guideline, which focuses on the treatment of early-stage primary penile tumors, does not address this specific surgical technique. Although the guideline acknowledges the necessity of evaluating inguinal lymph nodes and performing dissection in certain cases, it offers no details or recommendations regarding the methods for doing so, such as using ICG or fluorescence guidance."	"**Stance:** DR (Different Recommendation)

**Justification:** The guideline does not recommend indocyanine green (ICG) fluorescence-guided inguinal lymph node dissection (ILND) for staging in patients with cN0M0 disease. Instead, for patients with clinically non-palpable inguinal lymph nodes (cN0) at risk of micrometastases (≥ pT1b), the guideline recommends invasive staging via either a modified inguinal lymphadenectomy (MIL) or a dynamic sentinel lymph node biopsy (DSNB) (Recommendation 6.5, p. 40). The guideline mentions that ICG ""can optically improve the identification"" of sentinel lymph nodes during a DSNB (p. 41), but this is a descriptive statement about a technical aid for a different procedure (DSNB), not a formal recommendation for its use in ILND. The guideline does not discuss the benefits of ICG-guided ILND regarding lymph node yield or complication rates.
--------------------
**Stance:** R (Recommended)

**Justification:** The guideline discusses invasive diagnostic options for patients with clinically non-palpable inguinal lymph nodes (cN0). It explicitly mentions that technical enhancements, including the use of indocyanine green (ICG) with a fluorescence camera, can improve the visual identification of sentinel lymph nodes during a dynamic sentinel lymph node biopsy (DSNB). This aligns with the recommendation to use ICG for fluorescence-guided lymph node staging in this patient group."	"NA (Not Addressed)

**Justification:**
The guideline discusses surgical staging options for clinically node-negative (cN0) patients and mentions dynamic sentinel node biopsy (DSNB) as the preferred method. In this context, it notes that ""hybrid radioactive and fluorescent tracers"" are a recent innovation, and the cited reference confirms this includes Indocyanine Green (ICG) for sentinel node biopsy. However, the treatment recommendation specifically suggests using ICG-guided fluorescence for a full staging inguinal lymph node dissection (ILND), not just a sentinel node biopsy. The guideline does not address or evaluate the use of ICG for this more extensive ILND procedure."	"**Updated Classification:** NA (Not Addressed)

**Updated Summary:**  
The treatment recommendation proposes indocyanine green (ICG) fluorescence‑guided inguinal lymph node dissection (ILND) in cN0M0 patients undergoing *staging ILND*, claiming it increases lymph node yield without added complications. The ESMO–EURACAN guideline does not discuss ICG in the context of ILND at all. For cN0 intermediate/high‑risk disease, it recommends dynamic sentinel lymph node biopsy (DSLNB) using technetium‑99m nanocolloid plus patent blue dye as the “proven protocol,” and notes only that colocalisation of the *sentinel node* with ICG “has also been used” (in DSLNB, not ILND). The guideline gives no recommendation for or against ICG‑guided ILND, and does not address effects on lymph node yield or complication rates; therefore the specific treatment recommendation is **not addressed** by the guideline.
--------------------
DR (Different Recommendation)

The guideline describes a ""proven protocol"" for dynamic sentinel lymph node biopsy (DSLNB) in patients with cN0 disease that uses a combination of technetium-99m (99mTC) nanocolloid and patent blue dye. While the guideline acknowledges that indocyanine green (ICG) ""has also been used"" for sentinel node localization, it does not explicitly recommend this technique or discuss its benefits as the treatment recommendation does. The guideline's emphasis on a different tracer combination as the established method constitutes a different recommendation."	"NA (Not Addressed)

The NCCN guideline provides recommendations for the management of non-palpable inguinal lymph nodes (cN0 disease), including surveillance, bilateral inguinal lymph node dissection (ILND), and dynamic sentinel node biopsy (DSNB). For DSNB, the guideline discussion mentions the use of technetium-99m–labeled nanocolloid and patent blue dye. However, the guideline does not mention or discuss the specific technique of using indocyanine green (ICG) for fluorescence-guided ILND."
**Lymph Node Management (Surgical Technique)**	To reduce post-operative lymphorrhoea, intraoperative mapping and clipping of lymphatic channels using methylene blue is recommended during therapeutic inguinal dissection.	Ravisankar et al. - 2021 - Clipping inguinal lymphatics d	"NA (Not Addressed)

The guideline focuses on the diagnosis and treatment of early-stage primary penile squamous cell carcinoma, detailing options such as topical therapies, laser ablation, and organ-preserving surgeries for the penile lesion itself. While it mentions the need to evaluate and dissect inguinal lymph nodes for staging and treatment of more advanced disease, it does not discuss the specific surgical techniques of the inguinal dissection. The recommendation to use methylene blue for intraoperative mapping and clipping of lymphatic channels to reduce lymphorrhea is a technical detail of lymph node surgery that is not addressed in this guideline."	"**Stance:** R (Recommended)

**Justification:** The guideline acknowledges that inguinal lymphadenectomy is associated with significant morbidity, including complications like lymphoceles. To mitigate these risks, it recommends several measures, including the ""application of clips and ligatures for the closure of lymphatic vessels"" (""Anwendung von Klips und Ligaturen zum Verschluss von Lymphgefäßen"") (p. 68). Although the guideline does not specifically mention the use of methylene blue for intraoperative mapping, it explicitly supports the core action of the recommendation, which is to clip or ligate lymphatic channels to prevent complications like post-operative lymphorrhoea."	"NA (Not Addressed)

**Justification:**
The guideline extensively discusses the complications associated with radical inguinal lymph node dissection (rILND), including lymphoedema and lymphocele (Section 6.2.2.4). It provides a detailed table (Table 6.2) listing pre-, intra-, and post-operative strategies with positive, negative, or uncertain impacts on morbidity. However, the specific technique of using methylene blue for intraoperative mapping and clipping of lymphatic channels to reduce lymphorrhoea is not mentioned anywhere in the document, including in this table of morbidity-reducing strategies."	"NA (Not Addressed)

The treatment recommendation suggests using methylene blue for intraoperative mapping and clipping of lymphatic channels during therapeutic inguinal dissection to reduce post-operative lymphorrhoea. The guideline discusses various approaches to inguinal lymphadenectomy, its associated morbidity, and methods to reduce complications, such as a fascial-sparing approach and minimally invasive surgery. However, the guideline does not mention the specific technique of using methylene blue or any other dye for mapping and clipping lymphatic channels."	"NA (Not Addressed)

The NCCN guideline provides detailed recommendations on the indications for inguinal lymph node dissection (ILND), the extent of the procedure (standard vs. modified), and general post-operative management to reduce complications, such as the use of closed suction drains (MS-11). However, the guideline does not mention or discuss the specific intraoperative technique of using methylene blue to map and clip lymphatic channels. Since this particular method for reducing post-operative lymphorrhea is not addressed, the guideline's stance is classified as Not Addressed."
**Lymph Node Management (Surgical Technique)**	During inguinal lymphadenectomy, ligation of lymphatic vessels is the preferred technique over diathermic coagulation to reduce morbidity.	Schmid et al. - 2021 - Final results of the PräVAC tr	"NA (Not Addressed)

**Justification:**
The treatment recommendation specifies a preferred technique (ligation over diathermic coagulation) for managing lymphatic vessels during an inguinal lymphadenectomy to reduce morbidity. The provided AUA guideline, however, is titled ""Treatment of Early Stage Squamous Cell Carcinoma of the Penis"" and focuses on therapies for the primary tumor, such as topical treatments, laser therapy, and organ-preserving surgery. While the guideline acknowledges the importance of evaluating inguinal lymph nodes for staging, it does not provide any details on the surgical techniques used during a lymphadenectomy, and thus does not mention or compare ligation and diathermic coagulation."	"**Stance:** R (Recommended)

**Justification:** The guideline recommends several measures to avoid complications during inguinal lymphadenectomy, including the ""application of clips and ligatures for the closure of lymphatic vessels"" (p. 68, ""Anwendung von Klips und Ligaturen zum Verschluss von Lymphgefäßen""). This aligns with the treatment recommendation, which prefers ligation to reduce morbidity. Although the guideline does not explicitly contrast ligation with diathermic coagulation, its positive endorsement of ligation for preventing complications supports the proposed approach."	"NA (Not Addressed)

The guideline extensively discusses the morbidity of radical inguinal lymph node dissection (rILND) and strategies to reduce complications in Section 6.2.2.4 and Table 6.2. While Table 6.2 mentions ""Ultrasonic device"" and ""Advanced bipolar device"" (which are forms of energy-based coagulation/dissection) as having an ""uncertain benefit"" on morbidity, it does not mention the technique of ""ligation"" of lymphatic vessels. The guideline does not make the specific comparison between ligation and diathermic coagulation, nor does it express a preference for either technique."	"NA
**Justification:** The treatment recommendation specifies a preferred surgical technique for managing lymphatic vessels (ligation over diathermic coagulation) during an inguinal lymphadenectomy to reduce morbidity. The ESMO guideline discusses the indications for radical inguinal lymphadenectomy and broader strategies to lower complication rates, such as preserving the saphenous vein and using fascial-sparing approaches. However, the guideline does not address the specific technical detail of how lymphatic vessels should be controlled during the procedure, making no mention of either ligation or diathermic coagulation."	"**Stance:** NA (Not Addressed)

**Justification:**
The NCCN guideline provides detailed recommendations on when to perform an inguinal lymph node dissection (ILND), including the boundaries for standard and modified templates, and aspects of post-operative management. However, the document does not discuss the specific intraoperative surgical techniques for managing lymphatic vessels. There is no mention or comparison of ligation versus diathermic coagulation as methods to reduce morbidity during the procedure."
**Patient Counseling**	Patients undergoing surgery where Intraoperative Frozen Section Examination (FSE) is planned must be informed that discordance between FSE and final histology can occur, potentially leading to early local recurrence.	Yunis et al. - 2025 - Intraoperative frozen section	"NA (Not Addressed)

The guideline mentions ""negative intraoperative frozen section margins"" as a safe and effective approach for tumor excision in experienced hands. It even states that there is currently no evidence that Mohs surgery is superior to this technique. However, the guideline does not address the specific recommendation of counseling patients about the potential for discordance between frozen section and final histology or the associated risk of recurrence."	"**Stance:** R (Recommended)

**Justification:** The guideline supports informing patients about the limitations of intraoperative frozen section examination (FSE). Section 4.4.5 explicitly states that FSE (""Schnellschnittproben"") is only useful in exceptional cases because the technique can make it difficult to assess dignity, subtyping, and grading, which aligns with the ""discordance"" mentioned in the recommendation. Furthermore, Chapter 3 on ""Umgang mit den Patienten"" (Dealing with patients) generally mandates comprehensive patient information regarding the purpose, benefits, and risks of all procedures, which would include the risk of an inaccurate FSE leading to incomplete resection."	"**Stance:** NA (Not Addressed)

**Justification:**
The guideline discusses the use of intra-operative frozen section assessment in section 6.1.2.2, stating that its role remains ""uncertain"" and the supporting literature is ""heterogeneous and conflicting."" It provides a weak recommendation to perform frozen section analysis only in cases of doubt about the completeness of resection. However, the guideline does not address the specific recommendation of informing patients about the potential for discordance between frozen section results and final histology or its associated risks. The guideline's focus is on the clinical utility and indications for the procedure, not the specific content of patient counseling regarding its limitations."	"NA (Not Addressed)

The guideline recommends intraoperative frozen section analysis as part of a superficial modified inguinal lymph node dissection (ILND) for intermediate- and high-risk cN0 patients when dynamic sentinel lymph node biopsy (DSLNB) is not an option. However, the treatment recommendation focuses on the specific need to counsel patients about the potential for discordance between the frozen section and final histology. The guideline does not mention this potential discordance or make any recommendations regarding patient communication on this topic."	"NA (Not Addressed)

The NCCN guidelines recommend the use of intraoperative frozen sections for procedures like glansectomy and penectomy to determine negative surgical margins. However, the guidelines do not mention or discuss the process of informing patients about the potential for discordance between frozen section results and final pathology. Consequently, the specific recommendation regarding patient counseling on the limitations of this technique and the associated risk of recurrence is not addressed."
**Patient Counseling**	Before performing penile-preserving surgery, clinicians must ensure that patients are capable of and will commit to regular self-examination and attending scheduled follow-up appointments.	Pang et al. - 2022 - Glansectomy and Reconstruction	"R (Recommended)
The guideline supports the recommendation by emphasizing that patient selection and the ability to maintain surveillance are critical for the success of penile-preserving surgery. It states that ""close postoperative follow-up is crucial"" and is ""required to detect and re-treat any potential recurrences."" Most directly, the guideline suggests that more aggressive surgery, such as a penectomy, should be considered in cases where follow-up after an organ-preserving approach is ""unreliable,"" aligning with the recommendation's prerequisite of patient commitment."	"**Stance:** R (Recommended)

**Justification:** The guideline aligns with the treatment recommendation by emphasizing the importance of follow-up care after primary therapy. Recommendation 8.1 on page 81 states that regular, risk-stratified follow-up should be performed to detect tumor recurrences. Furthermore, Recommendation 8.2 on the same page explicitly states that patients should be taught self-examination for the early detection of recurrences, directly supporting both key components of the proposed recommendation."	"**Stance:** R (Recommended)

**Justification:** The guideline strongly aligns with this recommendation. In the recommendation table on page 25, it explicitly states to ""Offer organ-sparing surgery... to patients with lesions confined to the glans and prepuce... and who are willing to comply with strict follow-up."" Conversely, the guideline recommends amputative surgery for patients who are ""not willing to comply with strict follow-up."" Furthermore, Chapter 7 on follow-up emphasizes that patient education and self-examination are essential parts of surveillance, especially after organ-preserving treatments."	"NA (Not Addressed)
The guideline does not address the recommendation to ensure patient capability and commitment to self-examination and follow-up *before* performing penile-preserving surgery. While the guideline strongly emphasizes the need for post-operative surveillance, stating that ""close clinical follow-up is required as recurrence rates are 20%-50%"" (p. 11), it makes no mention of regular self-examination. Furthermore, the guideline presents follow-up as a mandatory component of post-surgical care rather than a pre-surgical condition that must be verified with the patient before the procedure is offered.
--------------------
R (Recommended)
The guideline supports the recommendation by emphasizing the necessity of rigorous follow-up after penile-preserving surgery. It states that as penile-preserving techniques have become the standard of care, ""close clinical follow-up is required as recurrence rates are 20%-50%"" (p. 11). This high risk of recurrence provides a strong rationale for ensuring patients are committed to attending scheduled appointments, which aligns directly with the treatment recommendation."	"**R (Recommended)**

**Justification:** The guideline explicitly supports this recommendation. On pages MS-5 and MS-8, it states, ""Careful consideration should be given to penile-preserving techniques if the patient is willing and able to undergo close follow-up."" The guideline provides a rationale for this on page MS-16, noting that ""penile-sparing therapies carry a significantly higher risk of local recurrence (28%) than partial or total penectomy (5%) and thus require closer surveillance."" This directly aligns with the recommendation that patient commitment to follow-up is a critical prerequisite for these procedures."
**Perioperative Care**	**Antibiotic Prophylaxis:**<br>• Administer prophylactic antibiotics within 1 hour of incision.<br>• Continue for 24 hours after primary penile surgery.<br>• Continue until removal of surgical drains for ILND.	Sood et al. - 2022 - The Acute Complications After	"**Stance:** NA (Not Addressed)

**Justification:**
The recommendation provides specific instructions for antibiotic prophylaxis related to penile surgery, including timing and duration. The AUA guideline focuses on evaluating and treating early-stage penile cancer with modalities like topical therapies, laser therapy, and various surgical techniques (e.g., glansectomy, Mohs surgery). The document does not address peri-operative management, and there is no mention of antibiotic prophylaxis for surgical procedures."	"**Updated Classification:** DR (Different Recommendation)

**Updated Summary:**  
The guideline only states that intravenous antibiotic prophylaxis *can* be recommended to reduce complications after inguinal lymphadenectomy (RIL/MIL), and even there it does not specify timing relative to incision, duration of administration, or continuation until drain removal. It does not address antibiotic prophylaxis for primary penile surgery at all. In contrast, the treatment recommendation prescribes a detailed protocol (within 1 hour of incision, 24 hours post–primary penile surgery, and until drain removal after ILND). Thus, the guideline offers only a general, optional recommendation for IV prophylaxis in the context of lymphadenectomy and does not support the specific timing and duration proposed, so the stance should be classified as a Different Recommendation.
--------------------
**Stance:** R (Recommended)

**Justification:**
The guideline supports the use of prophylactic antibiotics to prevent complications following inguinal lymphadenectomy. On page 68, in the section on radical inguinal lymphadenectomy (7.2.2.1), it states that intravenous antibiotic prophylaxis can be recommended to avoid complications (""Zur Vermeidung von Komplikationen können die intravenöse Antibiotikaprophylaxe... empfohlen werden""). This aligns directly with the treatment recommendation to administer prophylactic antibiotics for inguinal lymph node dissection (ILND)."	"**Stance:** R (Recommended)

**Justification:** The guideline supports the use of prophylactic antibiotics to prevent surgical site infections following inguinal lymph node dissection. Table 6.2 on page 27 lists ""Prevention of surgical site infections, e.g., prophylactic antibiotics"" as having a ""Positive impact"" on reducing morbidity. This aligns directly with the treatment recommendation to administer prophylactic antibiotics for surgical procedures like ILND."	"**NA (Not Addressed)**

**Justification:**
The guideline provides detailed recommendations for the surgical management of primary penile tumors and regional lymph nodes. It acknowledges potential post-operative complications like wound infections, particularly after inguinal lymph node dissection. However, the guideline does not mention or offer any specific guidance on the use of prophylactic antibiotics, including the timing of administration or the duration of treatment, which are the specific points outlined in the treatment recommendation."	"**Stance:** DR (Different Recommendation)

**Justification:**
The guideline addresses the use of postoperative antibiotics after inguinal lymph node dissection (ILND) but suggests a different approach than the recommendation. The guideline states that ""Consideration should be given to keeping the patient on a suppressive dose of an oral cephalosporin...for several days to weeks postoperatively"" for ILND, which differs from the recommendation to continue antibiotics until drain removal. Furthermore, the guideline does not specify an antibiotic protocol for primary penile surgery, unlike the 24-hour course proposed in the recommendation, and it explicitly notes that the data supporting antibiotic use is ""very limited."""
**Perioperative Care**	**Thromboprophylaxis (DVT/PE Prevention) for ILND:**<br>• Use perioperative sequential compression devices.<br>• Administer prophylactic low-molecular-weight heparin or direct oral anticoagulants.<br>• Encourage early ambulation.	Sood et al. - 2022 - The Acute Complications After	"NA (Not Addressed)

The treatment recommendation provides specific methods for thromboprophylaxis (DVT/PE prevention) for patients undergoing inguinal lymph node dissection (ILND), including the use of compression devices, anticoagulants, and early ambulation. The AUA guideline, ""Treatment of Early Stage Squamous Cell Carcinoma of the Penis,"" focuses on managing the primary tumor through topical therapies, laser ablation, and organ-sparing surgery. Although the guideline mentions that inguinal node dissection is required for certain tumors, it does not discuss the perioperative management, specific surgical techniques, or prophylactic measures associated with this procedure."	"**Stance:** R (Recommended)

**Justification:** The guideline aligns with the recommendation by explicitly stating that complications after inguinal lymphadenectomy include thrombosis and pulmonary embolism. To mitigate this risk, the guideline specifies that ""The postoperative administration of low-molecular-weight heparin can reduce the occurrence of thrombosis and embolism"" (p. 68). Although it does not mention sequential compression devices or direct oral anticoagulants, its direct support for heparin-based thromboprophylaxis is consistent with the core of the treatment recommendation."	"**Stance:** R (Recommended)

**Justification:** The guideline explicitly supports the use of thromboprophylaxis to reduce morbidity following radical inguinal lymph node dissection (ILND). In Table 6.2 on page 27, ""Deep venous thrombosis prophylaxis"" is listed as a strategy with a ""Positive impact"" on patient outcomes. While the guideline does not detail the specific methods mentioned in the recommendation (e.g., heparin, compression devices), it clearly endorses the principle of preventing DVT, aligning with the proposed treatment."	"**NA (Not Addressed)**

**Justification:**
The treatment recommendation provides a specific protocol for thromboprophylaxis (DVT/PE prevention) for patients undergoing inguinal lymph node dissection (ILND), including mechanical and pharmacological methods. The provided ESMO-EURACAN guideline discusses the surgical management of inguinal lymph nodes and mentions associated morbidities such as high complication rates, wound infections, skin necrosis, and lymphoedema. However, the guideline does not contain any information or recommendations regarding the prevention of thromboembolic events like DVT or PE."	"NA (Not Addressed)

**Justification:**
The NCCN guideline provides detailed information on the indications and surgical techniques for Inguinal Lymph Node Dissection (ILND). However, it does not address the specific perioperative measures for thromboprophylaxis (DVT/PE prevention) mentioned in the treatment recommendation. There is no mention of using sequential compression devices, prophylactic low-molecular-weight heparin, or direct oral anticoagulants. While the guideline notes historical recommendations for bed rest post-ILND, it does not make a definitive recommendation for or against early ambulation."
**Perioperative Care**	General patient management should include early ambulation post-surgery and optimization of nutritional support, especially for patients with poor health status.	Sood et al. - 2022 - The Acute Complications After; Cacciamani et al. - 2023 - Assessment and Reporting of Pe	"NA
**Justification:**
The treatment recommendation specifies general supportive care measures post-surgery, including early ambulation and nutritional support. The AUA guideline focuses in detail on the specific oncologic treatments for early-stage penile cancer, such as topical therapies, laser therapy, and surgical techniques. While it discusses postoperative follow-up for recurrence and procedure-specific complications, it does not address general patient management or supportive care protocols like ambulation or nutrition."	"**Stance:** R (Recommended)

**Justification:** The guideline recommends a comprehensive rehabilitation approach for patients with penile cancer. Section 8.4 on rehabilitation explicitly mentions ""ernährungsmedizinischer Maßnahmen"" (nutritional medicine measures), which aligns with the recommendation for optimizing nutritional support. Furthermore, the guideline's emphasis on ""aktiver und passiver physikalischer, sporttherapeutischer... Maßnahmen"" (active and passive physical, sports therapeutic... measures) as part of a multimodal therapy concept supports the principle of early ambulation to restore function and mobility post-surgery."	"R (Recommended)
The guideline indirectly supports the recommendation for early ambulation and nutritional optimization. Table 6.2, which discusses factors affecting morbidity after radical inguinal lymph node dissection, lists ""Deep venous thrombosis prophylaxis"" as having a positive impact; early ambulation is a standard component of this prophylaxis. The same table also identifies ""Sarcopenia"" (muscle wasting, often linked to poor nutrition) as a negative impact factor, implying that optimizing a patient's nutritional status is beneficial for reducing complications."	"NA (Not Addressed)

The guideline provides comprehensive recommendations on the diagnosis, staging, and specific oncological treatments for penile cancer, including surgery, radiotherapy, and chemotherapy. While the document mentions that adjuvant radiotherapy can impact ambulation and that lymphoedema teams can help with mobility, it does not make a specific recommendation for ""early ambulation post-surgery"" as a general management strategy. Furthermore, the guideline does not contain any information or recommendations regarding the optimization of nutritional support for patients."	"NA (Not Addressed)

The NCCN guideline for penile cancer does not contain specific recommendations regarding post-operative ambulation or nutritional support. The document focuses on oncologic management, including surgical techniques, systemic therapies, radiotherapy, and surveillance schedules. While the discussion section mentions a historical practice of bed rest after inguinal lymph node dissection, it notes this is ""debatable"" and does not make a current recommendation, effectively leaving the topic of ambulation unaddressed."
**Perioperative Care**	Strict diabetes control is crucial for avoiding wound infection-related adverse events in patients undergoing ILND.	Cacciamani et al. - 2023 - Assessment and Reporting of Pe	"NA (Not Addressed)

The AUA guideline focuses on the treatment modalities for early-stage squamous cell carcinoma of the primary penile tumor, including topical therapies, laser therapy, and organ-preserving surgeries. The recommendation, however, pertains to the perioperative management of a specific comorbidity (diabetes) for patients undergoing Inguinal Lymph Node Dissection (ILND). While the guideline mentions the need to evaluate and sometimes dissect inguinal nodes, it does not provide any information on the surgical technique, complication management, or perioperative care for ILND."	"**NA (Not Addressed)**

**Justification:**
The guideline discusses complications associated with inguinal lymph node dissection, specifically mentioning ""Wundinfektionen"" (wound infections) as a potential issue (p. 68). It also lists several independent predictors for postoperative complications, including tumor stage, patient age, and BMI. However, the guideline does not mention diabetes as a risk factor or the importance of strict diabetes control for avoiding wound infection-related adverse events."	"NA (Not Addressed)

The guideline extensively discusses the complications of radical inguinal lymph node dissection (ILND), including wound infections (2–43%), in section 6.2.2.4. Table 6.2 further outlines various factors that impact morbidity following this procedure. However, the document does not specifically mention diabetes or the importance of strict glycemic control as a factor for mitigating wound infection risk in the context of ILND."	"NA
The guideline discusses the high morbidity and complication rates associated with inguinal lymph node dissection (ILND), including wound complications. However, its discussion on mitigating these risks focuses on surgical techniques, such as fascial-sparing and minimally invasive approaches. The document does not address patient-specific comorbidities like diabetes or recommend specific pre-operative management, such as glycemic control, to reduce adverse events."	"NA (Not Addressed)

The NCCN guideline extensively covers the surgical procedure of Inguinal Lymph Node Dissection (ILND), including its potential for ""surgical morbidity"" and ""wound-related issues"" (MS-11). However, the document does not mention diabetes or any other specific patient comorbidities as risk factors for postoperative complications. Consequently, it does not provide any recommendations regarding glycemic control to mitigate the risk of wound infections following ILND."
**Postoperative Care**	**Primary Penile Surgery - Wound and Catheter Management:**<br>• **Dressing:** Use compressive surgical dressings for 2-7 days.<br>• **Foley Catheter:** Typically remove around 7 days post-surgery for patients who undergo neomeatus creation or STSG application.	Sood et al. - 2022 - The Acute Complications After	"NA (Not Addressed)

**Justification:**
The treatment recommendation provides specific details on post-operative care, including the use of compressive dressings for 2-7 days and the timing of Foley catheter removal around day 7. The AUA guideline focuses on the broader treatment strategies for early-stage penile cancer, such as the indications for topical therapies, laser ablation, and various surgical procedures (e.g., glansectomy, Mohs surgery). However, the guideline does not address the specific, practical aspects of post-operative wound or catheter management."	"NA (Not Addressed)
The guideline provides a comprehensive overview of the diagnosis, staging, and various treatment options for penile cancer, including detailed surgical procedures like glansectomy and partial amputation. However, it does not specify the protocols for routine post-operative care. The document does not mention the recommended type or duration for compressive surgical dressings, nor does it provide a specific timeline for the removal of a Foley catheter following primary penile surgery."	"**Stance:** NA (Not Addressed)

**Justification:** The EAU-ASCO guideline provides extensive detail on the indications, oncological outcomes, and complications of various primary surgical treatments for penile cancer, such as glansectomy and glans resurfacing with skin grafts (STSG). However, the document does not offer specific recommendations or guidance on the practical aspects of post-operative care. There is no mention of the type or duration of surgical dressings (e.g., compressive dressings for 2-7 days) or the specific timing for Foley catheter removal following these procedures."	"**Stance:** NA (Not Addressed)

**Justification:**
The ESMO-EURACAN guideline provides detailed recommendations on the diagnosis, staging, and selection of surgical procedures for penile cancer, including organ-sparing surgeries like glans resurfacing with a split-thickness skin graft (SSG). However, the guideline does not address the specifics of post-operative care. There is no mention of protocols for wound management, such as the type or duration of surgical dressings, nor does it provide guidance on the timing for Foley catheter removal after surgery."	"NA (Not Addressed)
The NCCN guideline provides detailed recommendations for the diagnosis, staging, and various treatment modalities for penile cancer, including surgical options like glansectomy and the use of split-thickness skin grafts (STSG). However, the guideline does not address the specific details of post-operative care. There is no mention of protocols for wound management, such as the type or duration of surgical dressings, nor are there any recommendations regarding the timing for Foley catheter removal following primary penile surgery."
**Postoperative Care**	"**Inguinal Lymph Node Dissection (ILND) - Specific Management:**<br>• **Lymphedema Prevention:** Use compression stockings.<br>• **Fluid Management:** Conduct daily measurement of ""ins/outs"" and regular stripping of surgical drains.<br>• **Drain Management:** Maintain closed suction drains until output is <30-50 mL per 24 hours.<br>• **Foley Catheter:** Typically remove on postoperative day 2."	Sood et al. - 2022 - The Acute Complications After; Cacciamani et al. - 2023 - Assessment and Reporting of Pe	"NA (Not Addressed)

The guideline focuses on the treatment of early-stage primary penile tumors, covering topical therapies, laser ablation, and organ-sparing surgical approaches. The treatment recommendation specifies post-operative care protocols following an Inguinal Lymph Node Dissection (ILND), such as drain management and lymphedema prevention. The provided guideline does not discuss the surgical management or subsequent post-operative care for inguinal lymph nodes, and therefore does not address the recommendation."	"**Stance:** DR (Different Recommendation)

**Justification:** The guideline's stance differs significantly from the treatment recommendation on a key point of lymphedema prevention. The recommendation advises the use of compression stockings. However, the guideline explicitly states on page 68 that a randomized controlled trial failed to prove a benefit for compression stockings in the prophylaxis of lymphedema after inguinal lymphadenectomy. While the guideline does support the use of wound drains, it does not specify the detailed management protocol mentioned in the recommendation, and it does not address the timing of Foley catheter removal at all. The clear statement against the efficacy of compression stockings constitutes a different recommendation."	"**R (Recommended)**

The guideline supports the key principles for post-operative management after Inguinal Lymph Node Dissection (ILND) outlined in the recommendation. Table 6.2 (page 27) explicitly lists ""Volume-controlled drainage"" as having a positive impact on morbidity, which aligns with the recommendation to remove drains when output is below a specific volume (<30-50 mL/24h). Furthermore, Section 7.3.5 (page 41) identifies ""compression"" and ""compression garments"" as mainstays of lymphedema management, supporting the recommendation to use compression stockings. While the guideline does not specify the timing for Foley catheter removal or the practice of drain stripping, its alignment on the major strategies for reducing complications indicates a supportive stance."	"NA (Not Addressed)

The guideline acknowledges that inguinal lymphadenectomy has a high morbidity rate and is associated with complications like lower limb lymphoedema. It recommends addressing lymphoedema-related complications during follow-up and suggests the involvement of dedicated lymphoedema teams. However, the guideline does not provide specific, detailed post-operative management protocols, such as the use of compression stockings, criteria for drain removal, or timing for Foley catheter removal, as outlined in the treatment recommendation."	"DR (Different Recommendation)

The NCCN guideline provides a different recommendation for the management of surgical drains after an Inguinal Lymph Node Dissection (ILND) and does not address the other specific post-operative care details. The guideline states that ""Closed suction drains are...typically removed when drainage is <50 to 100 mL per day"" (MS-11), which differs from the recommendation's threshold of <30-50 mL per 24 hours. The guideline does not mention the use of compression stockings, daily measurement of fluid ""ins/outs,"" regular stripping of drains, or the timing for Foley catheter removal.
--------------------
NA (Not Addressed)

The NCCN guideline does not address the specific post-operative management details outlined in the recommendation. The guideline discusses the indications for Inguinal Lymph Node Dissection (ILND) and its surgical technique but omits granular details on perioperative care. While the guideline mentions that ""Closed suction drains are placed at surgery and are typically removed when drainage is <50 to 100 mL per day"" (MS-11), it does not provide recommendations on compression stockings, daily fluid measurement, or Foley catheter removal timing."
**Primary Treatment**	Surgery is the standard, curative treatment for localized penile cancer.	Parza et al. - 2023 - The Prognostic Role of Human P; Fadigas et al. - 2024 - Immunotherapy in Penile Cancer; Soikkeli-Jalonen et al. - 2025 - Psychometric properties and co; Vandermaesen et al. - 2025 - The prognostic role of HPV sta	"R (Recommended)
The guideline supports the recommendation by stating that ""Most experts consider R0 surgical excision of the penile tumor to be the gold standard of treatment."" This aligns directly with the recommendation's claim that surgery is the standard approach. The guideline further reinforces this by noting that ""surgery remains the preferred approach"" compared to radiation due to its higher success rates."	"**R (Recommended)**

**Justification:** The guideline aligns with the recommendation by identifying several treatment options for the primary tumor, including surgery, laser ablation, and radiation therapy, but explicitly states that ""operative Therapie im Vordergrund steht"" (operative therapy is in the foreground) (p. 43). Subsequent sections detail various surgical procedures, such as partial penectomy, as standard treatments for localized stages T1-T3 (p. 53, 59). While also discussing organ-sparing approaches and alternatives, the guideline consistently positions surgery as the primary and central treatment modality for localized penile cancer, supporting the recommendation."	"**Stance:** DR (Different Recommendation)

**Justification:** The guideline does not present surgery as the single standard treatment for localized penile cancer. Instead, it advocates for a multi-modal approach where several options are considered. The guideline states that local treatment modalities for localized penile cancer include ""topical therapy, laser ablation, excisional surgery, external beam radiotherapy (EBRT) and brachytherapy"" (page 19). It gives ""Strong"" recommendations for both organ-sparing surgery and radiotherapy for selected patients with T1 or T2 lesions, positioning them as viable primary treatments rather than naming surgery as the sole standard (page 25)."	"DR (Different Recommendation)

The guideline states that for localized penile cancer (stage I and II), treatment should be carried out with curative intent. However, it presents both surgical resection and radiotherapy (RT), including brachytherapy and/or external beam RT (EBRT), as primary curative options for selected cases. This differs from the recommendation, which posits surgery as the singular standard, curative treatment. By including RT as a valid alternative with curative intent, the guideline offers a broader approach."	"**R (Recommended)**

**Justification:**
The NCCN guideline aligns with the recommendation that surgery is a standard, curative treatment for localized penile cancer. The guideline's treatment algorithms consistently list various surgical interventions as primary options. For example, on page PN-2, treatments for T1, T2, and greater tumors include wide local excision, partial penectomy, and total penectomy. Furthermore, under the ""Principles of Surgery"" on page PN-B, it is explicitly stated that ""Partial penectomy should be considered the standard for high-grade primary penile tumors."" While non-surgical options are presented for very early-stage disease, surgery remains a cornerstone of curative-intent therapy for localized penile cancer throughout the guideline."
**Primary Treatment**	Penile-preserving/organ-sparing surgery should be considered for all patients with localized penile cancer whenever clinically feasible to preserve organ form and function without compromising oncological outcomes.	Sakalis et al. - 2022 - What Is the Most Effective Man; Yunis et al. - 2025 - Intraoperative frozen section; Croghan et al. - 2023 - Functional outcomes and health; Pang et al. - 2025 - Functional outcomes of glansec; Pang et al. - 2022 - Glansectomy and Reconstruction	"R (Recommended)
The guideline supports the recommendation, stating there has been a ""shift towards organ preserving techniques for patients with low volume disease of favorable histopathology (stages Tis, Ta, T1 and grades 1, 2)."" It lists several organ and sexual function preservation approaches, including circumcision, tumor-only excision, Mohs surgery, and glansectomy. The guideline concludes that ""Organ preserving approaches are safe and feasible for early stage, low grade squamous cell carcinoma of the penis,"" directly aligning with the recommendation's stance."	"**Stance:** R (Recommended)

**Justification:** The guideline strongly supports the recommendation for penile-preserving surgery in localized cancer. Section 7.1 on page 43 explicitly states that the goal is ""weitgehender Organerhalt"" (extensive organ preservation) and establishes the principle: ""as much organ preservation as possible, as much radicality as necessary."" Recommendation 7.1 on the same page reinforces this, advising that patients with penile cancer should receive organ-preserving therapy depending on the tumor stage and differentiation. The guideline details various organ-sparing techniques, emphasizing a paradigm shift towards preserving quality of life and sexual function whenever oncologically safe."	"**R (Recommended)**

**Justification:**
The EAU-ASCO guideline strongly supports the use of penile-preserving/organ-sparing surgery for localized penile cancer. Section 6.1 states that the aims of primary tumor treatment are ""complete tumour removal with as much organ preservation as possible"" and that ""Penile preservation... is considered to be the primary treatment method for localised penile cancer"" (p. 19). The guideline further provides a ""Strong"" recommendation to ""Offer organ-sparing surgery and reconstructive techniques to patients with lesions confined to the glans and prepuce (PeIN, Ta, T1–T2)"" (p. 25). This aligns directly with the treatment recommendation to prioritize organ-sparing approaches whenever clinically feasible."	"R (Recommended)
The guideline strongly recommends the use of penile-preserving surgery for localized penile cancer, aligning with the treatment recommendation. It explicitly states, ""The primary aim of surgical intervention is to remove the tumour using penile-preserving techniques."" The guideline further supports this by noting that preserving aesthetic, sexual, and urinary function is a crucial outcome and that ""penile-preserving techniques have now become standard of care."""	"R (Recommended)
The NCCN guideline strongly supports the recommendation to consider penile-preserving/organ-sparing surgery for localized penile cancer. The guideline dedicates a section to the ""Principles of Penile Organ-Sparing Approaches"" (PN-A) and lists options like wide local excision, glansectomy, laser therapy, and Mohs surgery as primary treatments for early-stage disease (PeIN, Ta, pT1a) in its algorithms (PN-1, PN-2). This aligns with the recommendation's emphasis on clinical feasibility by specifying that while these approaches are suitable for early lesions, more extensive surgery like partial or total penectomy is standard for higher-grade or more invasive localized tumors (pT1b, T≥2) (MS-8)."
**Primary Treatment**	For Penile Intraepithelial Neoplasia (PeIN) located on the prepuce, circumcision is the preferred treatment.	Issa et al. - 2022 - Treatment Options and Outcomes	"**R (Recommended)**

The guideline aligns with the recommendation. The treatment algorithm in Figure 4 explicitly lists ""Circumcision"" as a primary treatment option for a de novo, early/low stage lesion located on the foreskin of an uncircumcised patient. Furthermore, the ""SURGERY"" section states that ""Foreskin circumcision is indicated for preputial disease in uncircumcised men...and can be curative for low grade and low stage disease,"" which directly supports the use of circumcision for PeIN on the prepuce."	"**Stance:** R (Recommended)

**Justification:** The guideline directly supports the treatment recommendation. In section 7.1.2, ""Behandlung von Tumoren der Vorhaut"" (Treatment of tumors of the foreskin), recommendation 7.11 explicitly states that tumors restricted to the foreskin should be treated by circumcision (""Auf die Vorhaut beschränkte Tumoren sollen durch Zirkumzision behandelt werden""). This aligns perfectly with the proposed treatment for Penile Intraepithelial Neoplasia (PeIN) located on the prepuce."	"R (Recommended)
The guideline aligns with the treatment recommendation. Section 6.1.1, ""Treatment of superficial non-invasive disease (PeIN, Ta),"" explicitly states that most PeIN lesions are located on the prepuce. Consequently, the guideline asserts, ""circumcision should be the primary surgical option,"" which directly supports the proposed recommendation."	"R (Recommended)
The guideline fully supports the recommendation. In the section on ""Premalignant disease (PeIN),"" it states that ""In cases of biopsy-proven PeIN located on the glans or prepuce, circumcision is mandatory as the initial management."" This is reiterated in the final recommendations, which advise that ""Circumcision is recommended as the initial treatment"" for PeIN in that location, aligning perfectly with the proposed treatment."	"DR (Different Recommendation)

The NCCN guideline does not single out circumcision as the preferred treatment for Penile Intraepithelial Neoplasia (PeIN) on the prepuce. Instead, it presents several penis-preserving techniques as viable options for PeIN. On page PN-1, the primary treatment algorithm for PeIN lists topical therapy, wide local excision, laser therapy, glansectomy, and Mohs surgery. While the ""Principles of Penile Organ-Sparing Approaches"" on page PN-A states that ""Circumcision alone may be reasonable for tumors of the distal prepuce,"" it is presented as one possibility among many, not as the distinctly preferred method."
**Primary Treatment**	For Penile Intraepithelial Neoplasia (PeIN) / Carcinoma in Situ (Tis) of the glans, first-line options include organ-sparing approaches such as topical treatments (e.g., imiquimod, 5-fluorouracil) or laser treatments.	Issa et al. - 2022 - Treatment Options and Outcomes; Taghizadeh and Fajkovic - 2025 - Immunotherapy in the Managemen	"R (Recommended)
The guideline supports the recommendation by identifying topical treatments and laser therapy as first-line options for non-invasive penile malignancies, specifically including carcinoma in situ (Tis). The text explicitly states, ""Topical treatments, cryotherapy, circumcision, laser and photodynamic therapy are often used as first line treatment options for non-invasive and early stage penile malignancies (carcinoma in situ, Ta and T1)."" It further names 5-fluorouracil and imiquimod as the most common topical compounds for these conditions."	"**Stance:** R (Recommended)

**Justification:** The guideline aligns with the treatment recommendation by advising an organ- and function-preserving curative approach for superficial, non-invasive penile carcinomas, which include Penile Intraepithelial Neoplasia (PeIN) and Carcinoma in Situ (Tis) (p. 45, Recommendation 7.3). It explicitly mentions both topical therapy with 5-fluorouracil or imiquimod (p. 47, Recommendation 7.6) and laser therapy (p. 49, Recommendation 7.8) as applicable treatment options for these conditions. This directly supports the specific organ-sparing methods suggested in the recommendation."	"R (Recommended)

The guideline supports the recommendation by identifying both topical therapies and laser ablation as treatment options for Penile Intraepithelial Neoplasia (PeIN). Section 6.1.1.1 states that topical therapy with imiquimod or 5-fluorouracil are ""effective non-invasive first-line treatment options"" for PeIN. Similarly, Section 6.1.1.2 describes laser ablation as an ""alternative treatment option."" The formal recommendation tables on pages 24-25 further reinforce this by explicitly advising to ""Offer topical therapy"" and ""Offer laser ablation"" for patients with biopsy-confirmed PeIN."	"DR (Different Recommendation)
The guideline recommends a different initial approach for Penile Intraepithelial Neoplasia (PeIN). It states that circumcision is the mandatory initial management for PeIN on the glans or prepuce. In contrast, the treatment recommendation suggests topical or laser therapies as first-line options. The guideline reserves these organ-sparing treatments, such as topical 5-FU, imiquimod, or CO2 laser ablation, for managing any residual PeIN *following* circumcision."	"**Stance:** R (Recommended)

**Justification:** The NCCN guideline supports the recommendation for using organ-sparing approaches for Penile Intraepithelial Neoplasia (PeIN). The treatment algorithm on page PN-1 explicitly lists ""Topical therapy"" and ""Laser therapy"" as primary treatment options for patients with a clinical diagnosis of PeIN. Furthermore, the ""Principles of Penile Organ-Sparing Approaches"" section on page PN-A provides specific details on topical therapy for PeIN, including imiquimod 5% and 5-FU cream, and also discusses the use of laser therapy for PeIN."
**Primary Treatment**	For Penile Intraepithelial Neoplasia (PeIN) of the glans after failure of a first-line topical or laser treatment, patients should be offered a second topical or laser treatment.	Issa et al. - 2022 - Treatment Options and Outcomes	"DR (Different Recommendation)
The recommendation suggests offering a second topical or laser treatment for Penile Intraepithelial Neoplasia (PeIN) that has failed first-line therapy. The guideline’s treatment algorithm (Figure 4) addresses this scenario under ""Recurrent lesion at the same site."" While the guideline does include ""Laser therapy"" as a valid option for this situation, it notably omits topical therapy. Instead, for same-site recurrence, the guideline recommends more definitive treatments such as laser therapy or various forms of surgical excision and glansectomy."	"**Stance:** DR (Different Recommendation)

**Justification:** The treatment recommendation suggests offering a second course of topical or laser therapy after the failure of the first-line treatment for PeIN. However, the guideline explicitly recommends a different approach. Recommendation 7.27 on page 61 states that local recurrences after topical or laser therapy should be treated with a ""different therapy modality"" (""einer anderen Therapiemodalität""). This is further supported on page 48, which states that repeating topical therapy after recurrence is ""nicht angeraten"" (not advisable)."	"DR (Different Recommendation)

The guideline explicitly contradicts the recommendation to offer a second topical treatment after the failure of a first-line therapy. In section 6.1.1.1 and the recommendations table on page 25, it states, ""if topical treatment fails, it should not be repeated,"" due to the risk of underlying invasive disease. While the guideline notes that repeat laser treatment has been described for recurrence (section 6.1.1.2), its firm stance against repeating topical therapy makes the overall guideline approach different from the proposed recommendation, which groups both treatments as viable second-line options."	"DR (Different Recommendation)
The guideline recommends a different treatment pathway. For Penile Intraepithelial Neoplasia (PeIN), it states that if first-line topical treatment fails, ""wide local excision or glans resurfacing... should be considered."" This moves directly to surgical intervention, whereas the recommendation suggests attempting a second non-surgical treatment (topical or laser) first."	"**R (Recommended)**

**Justification:**
The guideline recommends that a ""Recurrence of penile lesion after initial penile sparing treatment"" should be managed by treating it ""according to recurrence stage (PN-1 and PN-2)"" (Page PN-9). For a recurrence that is still classified as Penile Intraepithelial Neoplasia (PeIN), page PN-1 lists several primary treatment options, including topical therapy and laser therapy. This pathway indicates that repeating a topical or laser treatment is a valid and recommended approach for recurrent PeIN, which aligns directly with the provided recommendation."
**Primary Treatment**	For extensive or recurrent PeIN of the glans after failure of first- and second-line treatments, surgical options like wide local excision or glans resurfacing should be offered.	Issa et al. - 2022 - Treatment Options and Outcomes	"R (Recommended)
The guideline supports the recommendation. The treatment algorithm in Figure 4 explicitly addresses management for a ""Recurrent lesion at the same site"" and lists ""Surgical excision"" and ""Glans resurfacing"" as appropriate options, particularly for lesions on the glans penis. Furthermore, the conclusion states that tumors unresponsive to topical therapy can be managed with surgical approaches, including glans resurfacing, which aligns with the recommendation for recurrent disease after first- and second-line treatments have failed."	"**Stance:** R (Recommended)

**Justification:** The guideline supports the treatment recommendation. Section 7.1.1.3 specifically discusses ""glans resurfacing"" (""operative komplette Epithelabtragung der Glans"") as a surgical technique for extensive Carcinoma in situ (CIS/PeIN) and for cases of tumor persistence after other treatments like topical or laser therapy. Furthermore, Section 7.1.6, which covers local recurrences (""Lokalrezidiven""), advises that recurrences after topical or laser therapy should be treated with a different modality, implying a shift to surgical options as suggested in the recommendation."	"R (Recommended)
The guideline aligns with the treatment recommendation. Section 6.1.1.3, ""Surgery,"" explicitly states that ""Extensive PeIN, residual PeIN in resection margins or recurrent disease after ablative or topical therapy, can be treated by surgical excision."" The guideline proceeds to describe glans resurfacing as a specific surgical technique for this indication. This mirrors the recommendation's proposal to use surgical options, including glans resurfacing, for extensive or recurrent PeIN after other treatments have failed."	"R (Recommended)
The guideline aligns with the recommendation for managing recurrent or extensive PeIN. Under the section ""Premalignant disease (PeIN),"" the guideline outlines initial treatments such as circumcision followed by topical agents (e.g., 5-FU, imiquimod) or laser ablation. It explicitly states, ""If topical treatment fails, wide local excision or glans resurfacing... should be considered,"" which directly supports offering these surgical options after the failure of first- and second-line treatments as proposed in the recommendation."	"R (Recommended)
The guideline supports the use of wide local excision for Penile Intraepithelial Neoplasia (PeIN) and considers glans resurfacing as a related option. On page PN-1, ""Wide local excision"" is listed as a primary treatment for PeIN. For recurrent lesions, the guideline on page PN-9 refers back to the initial treatment algorithm on PN-1. Furthermore, the ""Principles of Penile Organ-Sparing Approaches"" on page PN-A (2 of 2) explicitly designates wide local excision for PeIN and adds that ""Glans resurfacing may be considered in highly select patients."""
**Primary Treatment**	For early-stage, superficial, or non-invasive penile cancer, treatment typically involves limited excision or non-invasive therapies like topical treatments.	Fadigas et al. - 2024 - Immunotherapy in Penile Cancer; Soikkeli-Jalonen et al. - 2025 - Psychometric properties and co	"R (Recommended)
The guideline supports the recommendation for using limited excision and non-invasive therapies for early-stage penile cancer. The ""TOPICAL THERAPIES"" section explicitly states that treatments like topical 5-FU and imiquimod are often used as first-line options for non-invasive and early-stage malignancies (carcinoma in situ, Ta, and T1). Furthermore, the ""SURGERY"" section notes a shift toward organ-preserving techniques, including tumor-only excision, for patients with low-volume, early-stage disease, which aligns with the recommendation for limited excision."	"**Stance:** R (Recommended)

**Justification:** The guideline aligns with the treatment recommendation. Section 7.1.1, ""Behandlung von oberflächlichen, nicht-invasiven Tumoren und Präkanzerosen der Glans"" (Treatment of superficial, non-invasive tumors and precancerous lesions of the glans), explicitly supports organ- and function-preserving curative treatments for these early-stage cancers (Recommendation 7.3). Furthermore, Section 7.1.1.1 specifically discusses and allows for the use of topical chemotherapy with 5-Fluorouracil or Imiquimod (Recommendation 7.6), which directly corresponds to the ""non-invasive therapies like topical treatments"" mentioned in the recommendation."	"R (Recommended)

The guideline strongly supports the recommendation. Section 6.1.1, ""Treatment of superficial non-invasive disease (PeIN, Ta),"" explicitly discusses therapies for early-stage penile cancer. It details the use of non-invasive topical therapies like imiquimod and 5-fluorouracil in section 6.1.1.1, referring to them as ""effective non-invasive first-line treatment options."" The guideline also describes various organ-sparing surgical approaches, such as circumcision and surgical excision, which align with the concept of limited excision for these conditions."	"R (Recommended)
The guideline supports the recommendation for treating early-stage penile cancer with limited excision and non-invasive therapies. The guideline details several organ-sparing surgery (OSS) options for localized penile cancer, aligning with the concept of limited excision. Specifically for premalignant disease (PeIN) and Ta-1 disease, it recommends wide local excision, glans resurfacing, and the use of topical agents like 5-fluorouracil (5-FU) or imiquimod."	"**R (Recommended)**

**Justification:**
The NCCN guideline supports the recommendation for using limited excision and non-invasive therapies for early-stage penile cancer. The guideline's primary treatment algorithm (PN-1) for non-invasive disease (PeIN or Ta) lists ""Topical therapy"" and ""Wide local excision"" as primary treatment options. Furthermore, the ""Principles of Penile Organ-Sparing Approaches"" (PN-A) section explicitly states that PeIN, Ta, and T1 lesions are amenable to conservative approaches, including topical therapy, wide local excision, and Mohs surgery, which aligns directly with the provided recommendation."
**Primary Treatment**	For early-stage penile SCC, treatment options include Wide Local Excision (WLE), Mohs Micrographic Surgery (MMS), glansectomy, or partial penectomy.	Yadlapati et al. - 2025 - Mohs Micrographic Surgery Vers	"R (Recommended)
The guideline supports the treatment recommendation. The ""SURGERY"" section of the AUA Update Series explicitly lists the ""4 commonly used surgical approaches for the treatment of early stage penile cancer,"" which include ""tumor-only excision"" (Wide Local Excision), ""Mohs surgery,"" and ""glansectomy."" The guideline also states that more aggressive approaches like ""partial and total penectomy are acceptable options"" for patients with unfavorable histopathology or recurrent disease, aligning with all treatments mentioned in the recommendation."	"**Stance:** R (Recommended)

**Justification:** The guideline aligns with the treatment recommendation by listing several surgical options for early-stage (T1/T2) tumors. Specifically, section 7.1.3 discusses ""Behandlung invasiver auf die Glans beschränkter Tumoren (T1/T2)"" and recommends local excision (""Lokalexzision""), glansectomy (""Glansektomie""), and partial penectomy (""Penisteilamputation"") in recommendations 7.14, 7.15, and 7.16, respectively. While Mohs surgery is not given its own recommendation, it is mentioned in the background text (page 55) as a valid organ-sparing technique reviewed by the guideline authors, thus covering all modalities suggested in the recommendation."	"**R (Recommended)**

The EAU-ASCO guideline supports the treatment recommendation for early-stage penile SCC. Section 6.1.2, ""Treatment of invasive disease confined to the glans (cT1/T2),"" details the surgical options, which align with those listed in the recommendation. Specifically, the guideline discusses Wide Local Excision (6.1.2.5), Mohs micrographic surgery (6.1.2.4), Glansectomy (6.1.2.7), and Partial penectomy (6.1.2.8) as treatment modalities for early-stage (T1/T2) disease. Although it notes that Mohs surgery is not routinely recommended due to limited data, it is still presented as a potential option, thus endorsing the recommendation's list of possible treatments."	"R (Recommended)
The guideline supports the recommendation by detailing various organ-sparing surgical options for localized (early-stage) penile cancer. It specifically recommends Wide Local Excision (WLE) for Ta-1 disease and glansectomy for T2 tumors. The guideline also includes Mohs micrographic surgery as a conditional option for low-grade T1 lesions and partial penectomy as a valid alternative for T2-T3 disease, aligning with all the treatment options listed in the recommendation."	"**R (Recommended)**

**Justification:**
The NCCN guideline aligns with the treatment recommendation by listing all the proposed surgical options for early-stage penile cancer. The ""Primary Treatment"" algorithm on page PN-2 recommends ""Wide local excision,"" ""Partial penectomy,"" ""Glansectomy in select cases,"" and ""Mohs surgery in select cases"" for pathologic stage pT1a. Furthermore, the ""Principles of Penile Organ-Sparing Approaches"" section (PN-A, page 17) explicitly details Wide Local Excision, Glansectomy, and Mohs Micrographic Surgery for early-stage disease (PeIN, Ta, T1), and the ""Principles of Surgery"" section (PN-B, page 18) discusses penectomy."
**Primary Treatment**	For localized penile cancer (stages pTis, pTa, pT1), viable penile-sparing surgery options include circumcision (if limited to foreskin), wide local excision (WLE), laser ablation, glans resurfacing, and glansectomy.	Taghizadeh and Fajkovic - 2025 - Immunotherapy in the Managemen; Pang et al. - 2025 - Functional outcomes of glansec; Fallara et al. - 2025 - Oncological and Functional Out	"**R (Recommended)**

The AUA guideline supports the treatment recommendation, outlining a shift toward organ-preserving techniques for early-stage penile cancer (stages Tis, Ta, T1). The ""SURGERY"" section on page 76 explicitly lists ""circumcision, tumor-only excision, ... and glansectomy"" as commonly used surgical approaches. The guideline also details laser therapy (page 75) and mentions that glans resurfacing has ""gained interest"" (page 76), confirming that all proposed treatments are considered viable options."	"**Stance:** R (Recommended)

**Justification:** The guideline aligns with the treatment recommendation by discussing and supporting the same penile-sparing surgical options for localized penile cancer. For tumors confined to the foreskin, it recommends circumcision (Recommendation 7.11). For superficial, non-invasive tumors (pTis/CIS), it details treatments such as laser therapy and glans resurfacing (Sections 7.1.1.2 and 7.1.1.3). Furthermore, for invasive tumors limited to the glans (pTa/pT1), it presents options including local excision (WLE) and glansectomy (Sections 7.1.3.1 and 7.1.3.2), confirming the approaches listed in the recommendation."	"**R (Recommended)**

The guideline supports the use of penile-sparing surgery for localized penile cancer. Section 6.1 is dedicated to the treatment of the primary tumor, with subsections 6.1.1 covering superficial non-invasive disease (PeIN, Ta) and 6.1.2 covering invasive disease confined to the glans (cT1/T2). These sections and the corresponding recommendations table on page 25 explicitly discuss circumcision, wide local excision, laser ablation, glans resurfacing, and glansectomy as treatment options for these stages, fully aligning with the proposed recommendation."	"**Stance:** R (Recommended)

**Justification:** The guideline aligns with the recommendation by endorsing various penile-sparing surgical options for localized penile cancer. Specifically, for premalignant disease (PeIN or Tis) and Ta-1 disease, the guideline text recommends circumcision, wide local excision (WLE), CO2 laser ablation, and glans resurfacing. The management algorithm in Figure 2 further confirms these options and includes glansectomy as a viable treatment for T1 or T2 tumors, which is consistent with the proposed recommendation."	"**R (Recommended)**

**Justification:**
The NCCN guideline recommends several penile-sparing approaches for localized penile cancer. The treatment algorithm for Penile Intraepithelial Neoplasia (PeIN, equivalent to pTis) and Ta disease lists wide local excision, laser therapy, and glansectomy as primary treatment options (PN-1). The ""Principles of Penile Organ-Sparing Approaches"" section (PN-A) further specifies that these options, along with circumcision for prepuce tumors and glans resurfacing, are appropriate for PeIN, Ta, and T1 lesions, which directly aligns with the recommendation."
**Primary Treatment**	Glansectomy is the indicated treatment and widely accepted procedure of choice for invasive penile cancer confined to the glans, including stage cT2 (invasion of glans spongiosum).	Pang et al. - 2025 - Functional outcomes of glansec; Pang et al. - 2022 - Glansectomy and Reconstruction	"**Stance:** DR (Different Recommendation)

**Justification:** The guideline's support for glansectomy is explicitly limited to ""early stage penile cancer,"" which it defines as ""low volume disease of favorable histopathology (stages Tis, Ta, T1 and grades 1, 2)."" While the recommendation includes these early stages, it also extends to stage cT2. For ""higher stage/grade tumors,"" which would include cT2, the guideline specifies a different approach, stating this ""would mean partial or total penectomy."" Because the guideline recommends a different, more aggressive surgery for the higher stage included in the recommendation's scope, its overall position is a Different Recommendation.
--------------------
**Stance:** R (Recommended)

**Justification:** The guideline supports the treatment recommendation by repeatedly identifying glansectomy as a primary surgical option for penile cancer. It lists glansectomy as one of the four ""commonly used surgical approaches for the treatment of early stage penile cancer... for tumors on the glans penis."" Furthermore, the guideline's treatment algorithm (Figure 4) explicitly includes partial and total glansectomy as options for de novo lesions located on the glans, aligning with the recommendation's stance."	"R (Recommended)
The guideline supports the recommendation. Section 7.1.3 discusses the treatment of invasive tumors confined to the glans (T1/T2). Specifically, recommendation 7.15 (page 52) states with a strong recommendation grade (A) that glansectomy should be offered to patients with T1/T2 tumors, depending on the tumor's location and extent. This aligns with the proposed treatment that glansectomy is the indicated procedure of choice for these stages."	"**DR (Different Recommendation)**

**Justification:**
The guideline recommends glansectomy as one of several effective organ-sparing treatments for invasive penile cancer confined to the glans (stages cT1/T2), but it does not single it out as *the* indicated ""procedure of choice"" as the recommendation suggests. The guideline's approach is more nuanced, presenting a range of options based on tumor and patient factors.

Section 6.1.2, ""Treatment of invasive disease confined to the glans (cT1/T2),"" lists multiple surgical options, including ""wide local excision, partial glansectomy or total glansectomy with reconstruction,"" positioning glansectomy as one of several possibilities. Furthermore, Section 6.1.2.7 specifies that ""Patients with tumours confined to the glans and prepuce that are not eligible for wide local excision or glans resurfacing are good candidates for glansectomy."" This implies that glansectomy is a suitable option when more conservative procedures are not feasible, rather than being the universal first choice.

The formal recommendations table gives a ""Strong"" rating to the general category: ""Offer organ-sparing surgery and reconstructive techniques to patients with lesions confined to the glans and prepuce (PeIN, Ta, T1–T2)..."" It does not prioritize glansectomy over other techniques. Therefore, the guideline's stance differs by presenting glansectomy as one valid option among a spectrum of appropriate treatments, not as the definitive or default procedure.
--------------------
**R (Recommended)**

**Justification:**
The guideline supports the use of glansectomy for invasive penile cancer confined to the glans. Section 6.1.2.7 states that ""Patients with tumours confined to the glans and prepuce that are not eligible for wide local excision or glans resurfacing are good candidates for glansectomy."" The guideline's systematic review assessed glansectomy in patients with T1-T2 disease, confirming its effectiveness with a five-year recurrence-free rate ranging from 78.0–95.8%. While it is presented as one of several organ-sparing options, its prominent role and proven efficacy for the specified stage align with the treatment recommendation."	"R (Recommended)
The guideline aligns with the treatment recommendation, stating that ""Glansectomy, with or without distal urethrectomy, is the surgical treatment of choice for T2 tumours on the glans penis."" In its formal recommendations section for T2-4 disease, it further specifies that ""In T2 tumours of the glans penis, glansectomy...is recommended."" This directly supports the proposed treatment for invasive cancer confined to the glans, including stage T2."	"**Stance:** DR (Different Recommendation)

**Justification:** The NCCN guideline recommends more extensive surgery for T2 penile cancer, which is defined as invasion into the corpus spongiosum. The primary treatment algorithm for ""T2 or greater"" lists partial penectomy or total penectomy, not glansectomy (PN-2). The guideline explicitly states that glansectomy is a penile organ-sparing approach considered for select patients with less invasive tumors (clinical stage T1) (PN-A, p. 2 of 2). The discussion section reinforces this, stating that T≥2 lesions ""typically require more extensive surgical intervention with partial or total penectomy"" (MS-8)."
**Primary Treatment**	For invasive or advanced penile cancer, more extensive surgical intervention is required, such as partial or total penectomy.	Yadlapati et al. - 2025 - Mohs Micrographic Surgery Vers; Soikkeli-Jalonen et al. - 2025 - Psychometric properties and co; Whyte et al. - 2022 - Effects of partial penectomy f; Taghizadeh and Fajkovic - 2025 - Immunotherapy in the Managemen	"**R (Recommended)**

**Justification:**
The guideline supports the recommendation, stating that for higher stage/grade tumors, treatment would involve partial or total penectomy. It further clarifies that these ""more aggressive surgical approaches such as partial and total penectomy are acceptable options for patients with unfavorable histopathology or recurrent disease."" This directly aligns with the recommendation's assertion that extensive surgery is required for invasive or advanced penile cancer."	"**Stance:** R (Recommended)

**Justification:** The guideline aligns with the recommendation for surgical intervention in invasive and advanced penile cancer. For T3 tumors involving the corpora cavernosa, Recommendation 7.22 states that a partial penectomy should be performed, and a radical penectomy may be necessary for extensive tumors. Furthermore, for locally advanced T4 tumors, Recommendation 7.24 calls for extensive operative resection, which the background text clarifies involves radical penectomy."	"**R (Recommended)**

The guideline recommends partial or total penectomy for invasive and advanced penile cancer. Section 6.1.3.1 states that for cT3 patients with obvious involvement of the corpora cavernosa, ""partial amputation is standard,"" and that ""Extensive partial amputation with wide margins or total penectomy...is the standard advisable treatment."" Furthermore, the recommendations table on page 25 strongly advises offering partial penectomy for T3 disease and total penectomy for large invasive tumors that are not suitable for partial amputation."	"R (Recommended)
The guideline supports the recommendation for more extensive surgical intervention in cases of invasive or advanced penile cancer. Specifically, for T3 disease where the cancer infiltrates the corpus cavernosum, the guideline identifies ""Partial penectomy or total penectomy... are the treatments of choice."" For more extensive T4 disease, the guideline states that ""total penectomy with perineal urethrostomy is the recommended option."" This aligns directly with the proposed treatment recommendation."	"R (Recommended)
The guideline recommends partial or total penectomy for invasive penile cancer. The treatment algorithm on page PN-2 lists partial and total penectomy as primary treatment options for pathologic stages pT1b and T2 or greater. Furthermore, the ""Principles of Surgery"" section on page PN-B states that ""Partial or total penectomy is necessary when there is invasion into the corpora cavernosum."" This directly aligns with the recommendation for more extensive surgical intervention for invasive disease."
**Primary Treatment**	For patients with T3 disease (invasion of corpora cavernosa), organ-sparing surgical approaches are usually precluded. Complete or partial penectomy is warranted.	Krishna et al. - 2022 - Diagnostic Accuracy of MRI in	"**Stance:** R (Recommended)

**Justification:** The guideline, while primarily focused on early-stage penile cancer, directly supports the recommendation. It explicitly states that ""for higher stage/grade tumors this would mean partial or total penectomy,"" contrasting this with organ-preserving techniques suitable for lower-stage disease (Tis, Ta, T1). This aligns perfectly with the recommendation that for T3 disease (a higher stage involving corpora cavernosa), organ-sparing approaches are usually precluded in favor of a partial or complete penectomy."	"**Stance:** R (Recommended)

**Justification:** The guideline aligns with the treatment recommendation by stating that partial penectomy is the therapy of choice for T3 tumors (invasion of the corpora cavernosa). Recommendation 7.22 on page 59 specifies that a partial penectomy should be performed for T3 tumors, and a radical penectomy may be necessary for extensive disease. This directly supports the recommendation's assertion that complete or partial penectomy is warranted for this stage of disease."	"R (Recommended)
The guideline supports the recommendation that amputative surgery is the standard for T3 penile cancer. Section 6.1.3.1 states, ""For cT3 patients with obvious involvement of the corpora cavernosa, partial amputation is standard."" Furthermore, the recommendations table on page 25 provides a ""Strong"" recommendation to ""Offer partial penectomy, with or without reconstruction, to patients with invasion of the corpora cavernosa (T3)."" This directly aligns with the proposal that partial or complete penectomy is warranted for this stage of disease."	"R (Recommended)
The guideline aligns with the recommendation. On page 5, under the heading ""T3 disease,"" the guideline explicitly states that ""Partial penectomy or total penectomy combined with a perineal urethrostomy are the treatments of choice when the cancer infiltrates proximally into the corpus cavernosum."" This is further summarized in the ""Recommendations"" section on page 9, which advises that partial or total penectomy is recommended for cancer infiltrating the corpus cavernosum (T3-T4)."	"**R (Recommended)**

**Justification:**
The NCCN guideline aligns with the treatment recommendation. According to the ""Principles of Surgery"" (page PN-B), ""Partial or total penectomy is necessary when there is invasion into the corpora cavernosum in order to achieve a negative margin."" This directly corresponds to the definition of T3 disease and supports the recommendation that penectomy is warranted. Furthermore, the treatment algorithm for T2 or greater disease (page PN-2) lists partial and total penectomy as primary treatment options, reinforcing that organ-sparing approaches are typically precluded for this stage."
**Primary Treatment**	For penile SCC (particularly smaller, T1 lesions), Mohs Micrographic Surgery (MMS) should be considered an effective option, as it is associated with a lower local recurrence rate compared to Wide Local Excision (WLE).	Yadlapati et al. - 2025 - Mohs Micrographic Surgery Vers; Sakalis et al. - 2022 - What Is the Most Effective Man	"DR (Different Recommendation)
The guideline contradicts the recommendation's assertion that Mohs surgery offers superior oncologic outcomes. While the guideline identifies Mohs surgery as a treatment option for early-stage disease, it explicitly states, ""Currently there is no evidence to suggest Mohs surgery is superior to negative intraoperative frozen section margins in terms of oncologic outcomes."" Furthermore, it cites a retrospective study where 32% of patients experienced recurrence after Mohs surgery, which does not support the claim of a lower recurrence rate compared to other standard excisions."	"NA (Not Addressed)

The S3 guideline does not make a recommendation for or against the use of Mohs Micrographic Surgery (MMS). For T1/T2 tumors, the guideline lists operative treatment methods such as local excision, laser therapy, glansectomy, and partial penectomy. Mohs surgery is mentioned only once in the background information as part of a summary of a review article that analyzed various organ-sparing techniques, but it is not discussed further or included in the guideline's own therapeutic recommendations."	"**Stance:** DR (Different Recommendation)

**Justification:** The guideline explicitly states that Mohs micrographic surgery is ""not routinely recommended"" for treating penile cancer because the available data are ""very limited."" This directly contrasts with the treatment recommendation, which frames Mohs surgery as an effective option that should be considered. Although the guideline acknowledges the technique and reports high recurrence-free rates in a small number of patients, its overall conclusion is to advise against routine use, a different and more cautious stance than the one proposed."	"DR (Different Recommendation)

The guideline presents a different and more cautious view on Mohs Micrographic Surgery (MMS) compared to the recommendation. The recommendation claims MMS has a lower local recurrence rate, but the guideline explicitly states that for T1 lesions, ""there is a high recurrence rate (32%)"" associated with MMS. While the guideline does list MMS as a potential option for low-grade T1 lesions, its recommendation is highly conditional, stating it may be used ""only if the right clinical set-up, including a pathologist, is available,"" and it highlights significant drawbacks that contradict the recommendation's positive assertion."	"**R (Recommended)**

**Justification:** The NCCN guideline recommends Mohs surgery as a primary treatment option (category 2B) for early-stage penile cancer, including pT1a lesions. The guideline explicitly positions Mohs surgery as an ""alternative to wide local excision in select cases"" (PN-A 2 of 2). Furthermore, the discussion section (MS-7) cites a systematic review that found a 4% recurrence rate for PeIN treated with Mohs surgery versus a 25% recurrence rate for wide local excision, supporting the recommendation's claim of lower recurrence."
**Primary Treatment**	Radiation therapy is an alternative organ-preserving approach for primary tumors, particularly for T1-2 lesions < 4 cm in diameter. Brachytherapy may offer better recurrence-free rates compared to External Beam Radiotherapy (EBRT).	Taghizadeh and Fajkovic - 2025 - Immunotherapy in the Managemen; Naushad et al. - 2022 - Pelvic lymph node dissection a; Sakalis et al. - 2022 - What Is the Most Effective Man	"DR (Different Recommendation)

The guideline suggests a different treatment hierarchy than the recommendation. While the guideline acknowledges that radiation therapy can be considered for early-stage (T1-T2) disease, it explicitly states that ""surgery remains the preferred approach"" due to higher success rates. It positions radiation as an option for patients who are ""unfit for surgery"" and willing to accept significant side effects, noting it is associated with ""more local complications and lower control rates."" This contrasts with the recommendation, which presents radiation therapy as a more standard organ-preserving alternative without these strong qualifications."	"**Stance:** R (Recommended)

**Justification:** The guideline recommends local radiation therapy as an organ-preserving treatment option for T1 and T2 tumors (Recommendation 7.19). The background information supports the recommendation's specific points by noting that brachytherapy generally reports better results than percutaneous radiation therapy (EBRT) (p. 57). Additionally, the guideline mentions that tumor size greater than 4 cm is a significant risk factor for recurrence, aligning with the recommendation's focus on smaller tumors (p. 58)."	"**Stance:** R (Recommended)

**Justification:**
The guideline strongly aligns with the treatment recommendation. Section 6.1.2.9 identifies radiotherapy as an organ-preserving approach for selected patients with T1-2 lesions and gives this a ""Strong"" recommendation. The guideline specifies that brachytherapy has been studied for lesions < 4 cm, matching the recommended size criteria. Furthermore, it provides evidence supporting that brachytherapy offers better outcomes, citing a cumulative mean 5-year recurrence-free rate (RFR) of 78.6% for brachytherapy compared to 55.2% for EBRT."	"**Stance:** R (Recommended)

**Justification:** The guideline supports using radiation therapy (RT) as an organ-preserving treatment for localized penile cancer, aligning with the recommendation. It specifically states that optimal candidates for RT have superficial lesions measuring < 4 cm. Furthermore, the guideline directly addresses the comparison between RT modalities, noting that a literature review found External Beam Radiotherapy (EBRT) had a ""significantly worse local control rate"" compared to brachytherapy, which substantiates the recommendation's claim of better recurrence-free rates with brachytherapy."	"**Stance:** R (Recommended)

**Justification:** The NCCN guideline aligns with the recommendation by listing radiation therapy (RT) as a primary, organ-preserving treatment option for T1 and T2 tumors (p. PN-2, PN-C). The guideline specifically uses the < 4 cm tumor size criterion to guide RT choices for T1-2, N0 disease (p. PN-C). Furthermore, it supports the recommendation's preference for brachytherapy by stating it is the ""preferred"" RT modality for pT1a lesions (p. MS-8)."
**Primary Treatment**	For patients with HPV-related PSCC, conservative surgical approaches, such as organ-preserving techniques, may be considered in appropriately selected cases given the favorable prognosis.	Mustasam et al. - 2025 - The Prognostic Role of HPV or	"DR (Different Recommendation)
The guideline recommends organ-preserving surgery based on clinical and pathological staging, specifically for patients with low-volume, low-stage (Tis, Ta, T1), and low-grade (1, 2) disease with favorable histopathology. In contrast, the treatment recommendation bases the decision for conservative approaches specifically on the patient's HPV status, linking it to a favorable prognosis. While the guideline acknowledges HPV as a major risk factor, it does not use HPV etiology as a criterion for selecting a surgical approach, making the basis for the recommendation different."	"**Stance:** R (Recommended)

**Justification:** The guideline strongly advocates for organ-preserving therapy (""Organerhalt"") as a primary goal in treating penile cancer to maintain the patient's quality of life, stating the principle ""as much organ preservation as possible, as much radicality as necessary"" (p. 43). It also acknowledges that HPV-associated penile cancer has a better prognosis and higher disease-specific survival (p. 31, section 4.4.3). Therefore, the guideline's general principle of pursuing organ preservation, particularly in cases with a favorable prognosis, aligns with and supports the specific recommendation to consider conservative surgery for HPV-related PSCC."	"DR (Different Recommendation)
The guideline recommends organ-sparing surgery for localized penile cancer based on the tumor's stage and location, specifically for lesions confined to the glans and prepuce (e.g., PeIN, Ta, T1–T2). This recommendation is independent of the tumor's HPV status. In contrast, the proposed recommendation suggests using HPV status and its associated favorable prognosis as a key factor in selecting patients for conservative surgery. Although the guideline acknowledges that HPV-positive cases have a better prognosis, its specific treatment recommendations are stratified by T-stage, not by HPV status."	"DR (Different Recommendation)

The guideline recommends treatment strategies for penile cancer based on tumor stage and grade, not on HPV status. In fact, the guideline explicitly states that “No established prognostic or treatment differences between HPV-associated and HPV-independent penile cancers currently exist.” While the guideline does advocate for penile-preserving techniques in early-stage disease (e.g., T1-T2), this recommendation is applied regardless of HPV aetiology, making its stance different from the provided recommendation, which specifically suggests this approach for HPV-related cases."	"**R (Recommended)**

**Justification:**
The NCCN guideline supports the recommendation by extensively detailing conservative, penile organ-sparing approaches for appropriately selected cases. Specifically, for early-stage disease (PeIN, Ta, and T1), the guideline lists options such as wide local excision, laser therapy, glansectomy, and Mohs surgery (PN-A, pp. 16-17; MS-5, p. 34). The guideline also mandates assessing HPV status during the primary evaluation (PN-1, p. 6) and notes in the discussion that HPV positivity is a favorable prognostic factor (MS-3, p. 32), aligning with the rationale provided in the recommendation."
**Primary Treatment**	For Penile Verrucous Carcinoma (PVC) tumors < 3 cm and classified as Stage T1, local excision with minimal surgical margins followed by careful observation is recommended as the first-line treatment.	Jo et al. - 2021 - Optimal treatment for penile v	"NA (Not Addressed)

**Justification:**
The treatment recommendation is for a specific histological subtype: Penile Verrucous Carcinoma (PVC). The AUA guideline provides a comprehensive overview of treatment for early-stage Squamous Cell Carcinoma (SCC) in general, based on tumor stage and location. However, the document never mentions ""Verrucous Carcinoma"" or ""PVC."" Therefore, the guideline does not address the specific management of this subtype, even though the proposed treatment (local excision) is discussed as a valid option for SCC broadly."	"R (Recommended)
The guideline supports the recommendation for local excision of small, invasive T1 tumors as a reasonable organ-preserving strategy (Recommendation 7.14). It further specifies that minimal surgical margins of a few millimeters are considered oncologically safe, aligning with the proposed approach (Recommendation 7.17). Finally, the guideline recommends clinical surveillance for low-risk tumors, explicitly including verrucous carcinoma (pTa) and low-grade T1 tumors (pT1aG1), which corresponds to the ""careful observation"" follow-up in the recommendation (Recommendation 7.29)."	"**Stance:** R (Recommended)

**Justification:** The guideline supports the use of organ-sparing surgery with minimal margins for less aggressive lesions. It characterizes Verrucous Carcinoma as an ""extremely well-differentiated"" subtype with ""no metastasis reported"" (Table 3.1, page 7), which aligns with the profile of a low-risk tumor. The guideline recommends organ-sparing treatments like ""wide local excision"" for T1 tumors (Section 6.1.2, page 20) and explicitly states that for ""smaller and less aggressive lesions... macroscopic margins can indeed be minimal"" (Section 6.1.2.1, page 21). This directly supports the recommendation for local excision with minimal margins as a first-line treatment for this specific cancer type."	"R (Recommended)
The guideline supports the recommended treatment. It identifies verrucous carcinoma as a subtype of non-HPV-related penile cancer. For Ta-1 disease, which includes T1 tumors, the guideline recommends organ-sparing surgery, stating that ""Wide local excision of the lesion...is preferable for small tumours"" (p. 4). This aligns directly with the recommendation for local excision for small, Stage T1 Penile Verrucous Carcinoma tumors."	"**R (Recommended)**

**Justification:**
The NCCN guideline identifies verrucous carcinoma as a low-risk, well-differentiated tumor with the best prognosis that does not metastasize (page PN-F). The guideline recommends penile-preserving techniques, including ""Wide local excision,"" as a primary treatment for low-risk pT1a disease, provided the patient can undergo close follow-up (pages PN-2, MS-8). This approach aligns directly with the recommendation for local excision and careful observation for T1 Penile Verrucous Carcinoma."
**Primary Treatment**	For tumors initially thought to be Penile Verrucous Carcinoma (PVC) but later considered not to be based on findings, the excision should be widened.	Jo et al. - 2021 - Optimal treatment for penile v	"NA (Not Addressed)

The guideline provides a comprehensive overview of treatment options for early-stage squamous cell carcinoma of the penis, including topical therapies, laser ablation, and various surgical techniques. However, it does not specifically mention Penile Verrucous Carcinoma (PVC) or the management of tumors that are reclassified after initial diagnosis. The recommendation's specific instruction to widen an excision based on a changed diagnosis from PVC is not addressed in the text."	"R (Recommended)
The guideline acknowledges that diagnostic discrepancies between initial biopsy and final pathology are common, particularly regarding histological subtype and grading (p. 33). The guideline's core principle for surgical treatment is to achieve tumor-free resection margins based on the definitive pathology (Rec. 7.18, p. 54). Since verrucous carcinoma (PVC) is considered to have low metastatic potential, a change in diagnosis to a more aggressive form of squamous cell carcinoma would necessitate a re-evaluation of the surgical margins. Therefore, the recommendation to widen the excision aligns with the guideline's principle of tailoring the surgical approach to the final, more aggressive histopathological findings to ensure oncological safety."	"R (Recommended)

The guideline characterizes Verrucous Carcinoma as a low-risk, non-invasive (Ta) subtype with no reported metastasis. If a tumor initially thought to be verrucous carcinoma is later found to be a different, more aggressive subtype, its risk classification would increase. The guideline recommends that for ""bulky or higher-grade lesions... adoption of a wider margin or partial penectomy may be prudent"" (p. 21, Section 6.1.2.1). Therefore, widening the excision for a tumor re-diagnosed from low-risk verrucous carcinoma to a higher-grade cancer aligns with the guideline's principle of adjusting surgical margins based on tumor risk."	"NA
**Justification:**
The guideline identifies verrucous carcinoma as a histological subtype of non-HPV-related penile cancer. However, the document's treatment recommendations for local disease are based on the tumor's T-stage (e.g., Tis, Ta, T1-T4) rather than specific histological subtypes. The guideline does not address the clinical scenario of a revised diagnosis from suspected Penile Verrucous Carcinoma (PVC) or the corresponding action to widen the excision."	"**Stance:** R (Recommended)

**Justification:** The NCCN guideline characterizes verrucous carcinoma as a low-risk subtype with a favorable prognosis that is often treated with conservative, organ-sparing approaches like wide local excision (MS-8, PN-F). The recommendation addresses a scenario where the diagnosis changes to a more aggressive histology after initial treatment. The guideline recommends escalating treatment based on the new, higher-risk pathologic diagnosis, which may include more extensive surgery such as partial or total penectomy to achieve negative margins (PN-2, MS-8). This escalation of surgical intervention is consistent with the recommendation to ""widen the excision."""
**Primary Treatment**	For Stage T2 penile cancers (defined as invasive cancers different from PVC), aggressive treatment is recommended.	Jo et al. - 2021 - Optimal treatment for penile v	"**Stance:** R (Recommended)

**Justification:** The guideline supports the recommendation for aggressive treatment for Stage T2 penile cancer. It consistently defines ""early stage"" cancer as Tis, Ta, and T1, for which it discusses organ-preserving therapies. In contrast, it explicitly states that for ""higher stage/grade tumors,"" the appropriate treatment would be more aggressive approaches like ""partial or total penectomy."""	"**Stance:** R (Recommended)

**Justification:** The guideline addresses the treatment of invasive T1/T2 tumors in section 7.1.3. It outlines several definitive, potentially curative treatment options that can be considered ""aggressive."" Specifically, it provides a strong recommendation (Grade A) for glansectomy (Recommendation 7.15) and, if that is not feasible, for partial penile amputation (Recommendation 7.16). While also discussing organ-sparing alternatives like radiotherapy, these substantial surgical interventions align with the recommendation for aggressive treatment of invasive Stage T2 cancers."	"DR (Different Recommendation)

The guideline presents a different and more nuanced approach than the one recommended. For T2 penile cancer, the guideline strongly recommends organ-sparing treatments, such as organ-sparing surgery (e.g., glansectomy) and radiotherapy, when feasible (page 25). The recommendation for ""aggressive treatment"" is not supported as a primary strategy. While the guideline acknowledges that more aggressive amputative surgeries may have lower recurrence rates and should be discussed as an option, its primary focus is on penile preservation for T1/T2 disease, weighing oncological outcomes against functional and quality of life impacts (page 20)."	"R (Recommended)
The guideline supports the recommendation for aggressive treatment of T2 penile cancer. It specifies that for T2 tumours on the glans penis, ""Glansectomy, with or without distal urethrectomy, is the surgical treatment of choice."" Furthermore, it notes that partial or total penectomy are valid alternatives when necessary. These surgical interventions, aimed at complete tumour removal, align with the concept of ""aggressive treatment."""	"**R (Recommended)**

**Justification:**
The NCCN guidelines align with the recommendation for aggressive treatment of Stage T2 penile cancer. The ""Primary Treatment T1, T2 or Greater"" algorithm (PN-2) specifies that for ""T2 or greater"" tumors, the primary treatment options are partial penectomy, total penectomy, radiotherapy (RT), or chemo/RT. The discussion section further supports this, stating that T≥2 lesions ""typically require more extensive surgical intervention with partial or total penectomy"" (MS-8). These surgical and radiotherapeutic options are considered aggressive forms of treatment.
--------------------
**R (Recommended)**

**Justification:**
The NCCN guidelines align with the recommendation for aggressive treatment of Stage T2 penile cancer. The ""Primary Treatment T1, T2 or Greater"" algorithm (PN-7) specifies that for ""T2 or greater"" tumors, the primary treatment options are partial penectomy, total penectomy, radiotherapy (RT), or chemo/RT. The discussion section further supports this, stating that T≥2 lesions ""typically require more extensive surgical intervention with partial or total penectomy"" (MS-8). These surgical and radiotherapeutic options are considered aggressive forms of treatment."
**Primary Treatment**	For localized penile cancer in kidney transplant recipients, the surgical treatment should be consistent with established guidelines for the general population.	Basile et al. - 2025 - Testis and penile cancers in k	"NA (Not Addressed)

The guideline provides a comprehensive overview of surgical treatments for early-stage penile cancer, such as circumcision, tumor excision, Mohs surgery, and glansectomy. However, it does not specifically address the management of kidney transplant recipients or patients on immunosuppression in the context of surgical treatment. While the guideline briefly mentions transplant recipients when discussing the safety of topical agents, it makes no mention of this specific patient population in its discussion of surgical approaches."	"NA
The guideline provides comprehensive surgical treatment recommendations for localized penile cancer based on tumor characteristics such as stage and location. However, the document does not address or contain any specific guidance for the treatment of special patient populations, such as kidney transplant recipients or other immunocompromised individuals. Since this specific patient group is not mentioned, the guideline does not take a stance on the proposed recommendation."	"**Stance:** DR (Different Recommendation)

**Justification:** The treatment recommendation suggests that surgical treatment for localized penile cancer in kidney transplant recipients should be the same as for the general population. The EAU-ASCO guideline, however, introduces a specific consideration for this patient group. In section 6.1.2.7 on Glansectomy, it states that patients with ""immunosuppression... are less suitable for graft application due to higher failure rates."" This implies that while the general treatment principles may apply, the choice of a specific surgical technique (like glansectomy with grafting) must be approached with more caution in immunosuppressed patients, such as transplant recipients, which is a different and more nuanced approach than a standard application of general guidelines."	"NA (Not Addressed)

The ESMO-EURACAN guideline provides a comprehensive framework for the diagnosis, treatment, and follow-up of penile cancer, with recommendations stratified by disease stage (local, locoregional, advanced/metastatic). However, the guideline does not mention or discuss specific patient populations, such as kidney transplant recipients or other immunosuppressed individuals. Consequently, it offers no specific advice or modifications for managing penile cancer in this particular clinical context."	"NA (Not Addressed)
The guideline provides a comprehensive framework for the surgical management of localized penile cancer based on tumor stage (T1, T2), grade, and other pathologic features. However, the document does not specifically mention kidney transplant recipients, organ transplant recipients, or immunosuppression as factors that would modify these surgical recommendations. Because the guideline does not provide any distinct advice or considerations for this specific patient population, the recommendation is not addressed."
**Prognostic Assessment**	Testing of the tumour tissue for p53 expression is suggested to be useful for clinical planning to stratify patients and help inform management and follow-up strategy.	Bowie et al. - 2021 - A systematic review of non-HPV; Sand et al. - 2025 - The prognostic value of p53 an	"NA (Not Addressed)

The AUA Update Series guideline provides a comprehensive overview of the diagnosis and treatment of early-stage squamous cell carcinoma of the penis. It bases treatment recommendations on factors such as clinical stage (Tis, Ta, T1), tumor grade, location, and histopathological features like pattern of invasion. The document does not mention or discuss the use of p53 expression testing or any other molecular biomarkers for stratifying patients or informing clinical management strategies."	"DR (Different Recommendation)

The guideline explicitly states that there are currently no molecular biological markers that can be recommended for the routine diagnosis of penile carcinoma (Statement 4.9). Although the background text acknowledges that several studies have associated abnormal p53 expression with poorer overall survival and tumor relapses, this information does not culminate in a clinical recommendation. Therefore, the guideline's conclusion is contrary to the treatment recommendation, which suggests using p53 expression to inform management and follow-up strategies."	"DR (Different Recommendation)

The guideline does not recommend testing for p53 expression as part of the standard pathological workup for clinical planning. Instead, the guideline gives a strong recommendation that ""The pathological evaluation of penile carcinoma specimens must include an assessment of p16 by immunohistochemistry"" (page 13). While the guideline acknowledges that strong p53 immunoreactivity has been reported as a predictor of pelvic lymph node involvement (page 29), it is not included in the list of required information for pathology reports (Table 3.3) or in the formal recommendations for pathological assessment."	"NA (Not Addressed)

The guideline provides detailed recommendations for the pathological assessment of penile cancer, including HPV status, histological grade, and tumour type. It also discusses molecular profiling for advanced disease, focusing on biomarkers like TMB, MSI-H, dMMR, and PD-L1 to guide immunotherapy. However, the guideline does not mention testing for p53 expression as a tool for stratifying patients or informing clinical management and follow-up strategies."	"**Stance:** NA (Not Addressed)

**Justification:** The recommendation suggests testing for p53 expression to help stratify patients and plan treatment. The NCCN guideline outlines numerous prognostic factors for consideration, including histologic grade, depth of invasion, lymphovascular invasion, perineural invasion, and HPV/p16 status (PN-F, MS-4). However, the guideline makes no mention of testing for p53 expression as a prognostic marker or for guiding clinical management and follow-up strategies."
**Reconstructive Surgery**	For patients undergoing glansectomy who desire a neoglans, a split-thickness skin graft (SSG) can be used for reconstruction.	Pang et al. - 2025 - Functional outcomes of glansec	"**R (Recommended)**

The guideline supports the use of a split-thickness skin graft for reconstruction following glansectomy. It explicitly discusses ""total and partial glansectomy"" as a surgical approach that has ""gained interest"" for distally located penile cancers. Furthermore, the guideline includes a figure (Figure 1) titled ""Partial glansectomy with concomitant partial thickness skin grafting,"" directly illustrating the recommended procedure as a valid treatment option."	"**R (Recommended)**

**Justification:**
The guideline aligns with the treatment recommendation for neoglans reconstruction. Section 7.1.3.3 on page 53 explicitly states that glans reconstruction can be performed with free skin grafts, ""üblicherweise als 'split thickness'-Transplantat"" (usually as a 'split thickness' transplant). This directly corresponds to the recommendation, confirming that a split-thickness skin graft is a standard and appropriate method for this procedure."	"**R (Recommended)**

**Justification:**
The guideline aligns with the treatment recommendation. Section 6.1.2.7, ""Glansectomy,"" explicitly states that ""A split-thickness skin graft is commonly used to reconstruct a neo-glans."" This directly supports the recommendation's suggestion of using a split-thickness skin graft (SSG) for neoglans reconstruction in patients undergoing glansectomy."	"R (Recommended)

The guideline supports the use of a split-thickness skin graft (SSG) for neoglans reconstruction following glansectomy. In the section on ""T2 disease,"" the guideline states, ""An SSG is recommended to reconstruct a neo-glans from the preserved distal corporal tips."" Furthermore, in the formal ""Recommendations"" for ""T2-4 disease,"" the guideline recommends ""glansectomy with or without distal urethrectomy and SSG reconstruction."""	"R (Recommended)
The NCCN guideline recommends the use of a split-thickness skin graft (STSG) for neoglans reconstruction following a glansectomy. In the ""Principles of Penile Organ-Sparing Approaches"" section (PN-A), the guideline states that for glansectomy, ""Treatment is followed in certain instances with an STSG or FTSG to create a neoglans."" This statement directly aligns with the proposed treatment recommendation."
**Salvage Treatment**	Patients who experience a local recurrence or are found to have positive surgical margins after initial organ-sparing surgery can be offered a salvage penectomy.	Pang et al. - 2022 - Glansectomy and Reconstruction	"R (Recommended)
The guideline supports the recommendation to offer salvage penectomy for recurrence or positive margins after organ-sparing surgery. In the ""SURGERY"" section, the text explicitly states, ""More aggressive surgical approaches such as partial and total penectomy are acceptable options for patients with unfavorable histopathology or recurrent disease."" Furthermore, the treatment algorithm in Figure 4 lists ""Partial penectomy"" and ""Radical penectomy"" as valid treatment options for a ""Recurrent lesion at the same site."""	"DR (Different Recommendation)

The guideline recommends a different approach than the one proposed. For local recurrence after organ-sparing surgery, the guideline states it should be treated according to the same principles as a primary tumor, meaning organ-sparing strategies can and should be considered again (Empfehlung 7.25, p. 61). Similarly, for positive surgical margins, the guideline recommends a ""secondary operation"" (Empfehlung 7.18, p. 54), which implies a re-excision to achieve clear margins rather than an immediate penectomy. While salvage penectomy is an option for treatment failure, the guideline prioritizes attempting less radical, organ-sparing approaches first, in contrast to the recommendation's direct suggestion of penectomy."	"**R (Recommended)**

The guideline supports the recommendation to offer salvage penectomy for local recurrence after initial organ-sparing surgery. Section 6.1.4, ""Local recurrence after organ-sparing surgery,"" explicitly states that for ""large or high-stage recurrence, partial or total amputation is required"" (page 24). This is further reinforced in the recommendations table on page 25, which advises to ""Offer amputative surgery to patients with large local recurrences or corpora cavernosa involvement."" Although the guideline also suggests salvage organ-sparing surgery for smaller recurrences, it clearly recommends penectomy (amputation) as a valid and necessary salvage option in specific scenarios, aligning with the provided recommendation."	"R (Recommended)
The guideline supports the recommendation to offer a salvage penectomy for local recurrence or positive surgical margins. In the section on ""T2 disease,"" the guideline notes that the incidence of ""salvage penectomy for positive margins and/or recurrence is 1.2%-8.3%"" and that partial or total penectomy are valid alternatives. Furthermore, under ""Recurrent disease,"" the guideline explicitly states that recurrent disease involving the corpus cavernosum warrants a partial or total penectomy."	"**R (Recommended)**

**Justification:**
The guideline supports the recommendation. The flowchart for ""Management of Recurrent Disease"" (page PN-9) directs that a ""Recurrence of penile lesion after initial penile sparing treatment"" should be treated according to the recurrence stage, as detailed on pages PN-1 and PN-2. The treatment algorithm on page PN-2 lists partial and total penectomy as standard options for tumors T1b or greater. Furthermore, the discussion section on glansectomy outcomes explicitly mentions the incidence of ""salvage penectomy due to positive margins and/or recurrence"" (page MS-7)."
**Screening**	General screening protocols for penile cancer are not recommended in kidney transplant recipients.	Basile et al. - 2025 - Testis and penile cancers in k	"NA (Not Addressed)

The AUA guideline focuses on the epidemiology, diagnosis, and treatment options for existing early-stage penile cancer. The treatment recommendation, however, addresses the specific topic of general screening protocols for penile cancer in kidney transplant recipients. The provided guideline does not contain any information or recommendations about screening for penile cancer in any patient population."	"**Updated Classification:** NA (Not Addressed)

**Updated Summary:**  
The guideline states that there is *“keine spezielle Vorsorgeuntersuchung”* (no specific screening examination) for penile cancer in general, but it does not discuss kidney transplant recipients or any other transplant/high‑risk subgroup separately. It neither recommends nor explicitly advises against dedicated screening protocols in kidney transplant recipients. Therefore, the proposed recommendation that “general screening protocols for penile cancer are not recommended in kidney transplant recipients” is **not specifically addressed** by the guideline.
--------------------
R (Recommended)
The guideline explicitly states that there is no special screening examination (""Vorsorgeuntersuchung"") for penile cancer in general. This aligns with the treatment recommendation, which advises against general screening protocols for a specific patient population (kidney transplant recipients). Since the guideline does not recommend general screening for any group, it supports the recommendation to not screen this specific sub-group."	"**Stance:** NA (Not Addressed)

**Justification:** The EAU-ASCO guideline does not address the topic of general screening protocols for penile cancer. The document makes no mention of screening asymptomatic individuals in any population, nor does it specifically discuss kidney transplant recipients or immunosuppressed individuals as a high-risk group that would warrant a screening program. The guideline's focus is on risk factors for disease development (e.g., HPV, phimosis), and the diagnosis and staging of patients who already present with a lesion."	"NA
**Justification:** The guideline does not address the topic of general screening protocols for penile cancer in any population. The document focuses on the incidence, risk factors, and the diagnostic work-up for suspected cases, as well as treatment and follow-up for confirmed penile cancer. There is no mention of screening asymptomatic individuals, including high-risk groups like kidney transplant recipients."	"NA (Not Addressed)

The NCCN guideline provides comprehensive recommendations for the diagnosis, staging, and treatment of patients with suspected or confirmed penile cancer. The document details risk factors such as HPV, HIV, phimosis, and tobacco use, but it does not mention kidney transplant recipients as a specific risk group. The guideline does not address the topic of screening for penile cancer in either the general population or in specific high-risk cohorts, and therefore does not offer a stance on screening protocols for kidney transplant recipients."
**Surgical Margins**	For penile-preserving surgery, conservative surgical margins of 3-5 mm (or a few millimeters) are considered acceptable to achieve oncological control, a reduction from historical recommendations.	Croghan et al. - 2023 - Functional outcomes and health; Whyte et al. - 2022 - Effects of partial penectomy f; Pang et al. - 2022 - Glansectomy and Reconstruction	"**Stance:** R (Recommended)

**Justification:** The guideline supports the recommendation for smaller surgical margins. It explicitly states that ""the previous goal of a 2 cm surgical margin is no longer applicable"" and that a ""margin of 5 mm is considered oncologically safe."" This aligns directly with the recommendation's proposed 3-5 mm margin. The guideline further reinforces this by citing evidence that the maximum tumor spread was 5 mm for grade 1 and 2 tumors."	"**Stance:** R (Recommended)

**Justification:** The guideline aligns with the treatment recommendation by advising a shift away from historical 2 cm surgical margins. Specifically, Recommendation 7.17 states that for organ-preserving surgery, a tumor-free margin of ""at least one to a few millimeters"" is sufficient. The background text further reinforces this, noting that a few millimeters are now considered oncologically safe, and cites studies [135, 174] concluding that margins as small as 5 mm are adequate."	"R (Recommended)
The guideline supports the recommendation for conservative surgical margins. In section 6.1.2.1, ""Width of negative surgical margins,"" the guideline discusses evidence supporting smaller margins, citing reports that an excision margin between 5 mm and 10 mm leads to low recurrence rates. It also notes another study where recurrence rates only increased when the margin was less than 1 mm. This evidence aligns with the recommendation that a conservative margin of 3-5 mm is acceptable for achieving oncological control in penile-preserving surgery."	"DR (Different Recommendation)

The treatment recommendation suggests conservative surgical margins of 3–5 mm for penile-preserving surgery. However, the ESMO-EURACAN guideline proposes an even more minimal margin. Specifically, in the section on ""T2 disease,"" it states, ""Surgical margins of >1 mm are now accepted, with the risk of local recurrence being low."" Although both advocate for reduced margins compared to historical norms, the guideline recommends a different, smaller acceptable margin."	"DR (Different Recommendation)

The treatment recommendation suggests conservative surgical margins of 3-5 mm. The NCCN guideline, in the discussion section for Wide Local Excision (page MS-7), cites studies showing that surgical margins of 5 to 10 mm are as safe as historical 2-cm margins. Because the guideline's stated safe range of 5-10 mm differs from the 3-5 mm proposed in the recommendation, it supports a different, slightly larger margin."
**Surgical Margins**	When performing Wide Local Excision (WLE) for penile SCC, a 1 cm margin is often suggested to reduce recurrence.	Yadlapati et al. - 2025 - Mohs Micrographic Surgery Vers	"DR (Different Recommendation)

The guideline suggests a different and more nuanced approach to surgical margins than the single 1 cm recommendation. It states that the previous goal of a 2 cm margin is no longer applicable and instead recommends margins based on tumor grade. Specifically, the guideline indicates a 5 mm (0.5 cm) margin for grade 1 and 2 tumors and a 10 mm (1 cm) margin for grade 3 tumors, making its recommendation different for lower-grade cancers."	"**Stance:** DR (Different Recommendation)

**Justification:** The guideline recommends a different surgical margin than the one proposed. While the recommendation suggests a 1 cm margin for Wide Local Excision, the guideline explicitly states that a margin of ""at least one to a few millimeters"" is sufficient (Recommendation 7.17). The background text reinforces this, noting that the previously propagated 2 cm margin is outdated and that multiple systematic reviews support the use of smaller, tumor-free margins of just a few millimeters to achieve oncological safety while preserving organ function."	"R (Recommended)
The guideline supports the recommendation for surgical margins in wide local excision (WLE). Section 6.1.2.1, ""Width of negative surgical margins,"" states that while there is no definitive consensus, reports show that an excision margin between 5 mm and 10 mm results in acceptably low recurrence rates. Since the recommendation suggests a 1 cm (10 mm) margin, it falls within the range considered effective by the guideline for achieving oncological control."	"DR (Different Recommendation)
The guideline recommends a different surgical margin than the proposed treatment. The recommendation suggests a 1 cm margin for Wide Local Excision (WLE). However, the guideline, in the section discussing T2 disease, states that ""Surgical margins of >1 mm are now accepted, with the risk of local recurrence being low."" This indicates a significant discrepancy, with the guideline supporting a much smaller margin to facilitate organ-sparing surgery."	"R (Recommended)
The guideline supports the recommendation for a 1 cm surgical margin during Wide Local Excision (WLE). The Discussion section on page MS-7, under ""Wide Local Excision,"" explicitly states that studies have demonstrated surgical margins of 5 to 10 mm (0.5 to 1 cm) are as safe as 2 cm margins. This aligns with the recommendation that a 1 cm (10 mm) margin is appropriate for reducing recurrence."
**Surgical Technique**	If tumors extend into or macroscopically involve the distal corporal tips during glansectomy, a distal corporectomy should be performed.	Pang et al. - 2025 - Functional outcomes of glansec; Pang et al. - 2022 - Glansectomy and Reconstruction	"NA (Not Addressed)

The guideline provides a general overview of surgical treatments for early-stage penile cancer, mentioning glansectomy as an option for tumors on the glans. It also states that more aggressive approaches like partial or total penectomy are acceptable for unfavorable or recurrent disease. However, the guideline does not address the specific intraoperative scenario described in the recommendation, where a tumor involves the distal corporal tips during glansectomy. Furthermore, the specific procedure of ""distal corporectomy"" is not mentioned in the text."	"R (Recommended)

The treatment recommendation advises performing a distal corporectomy if the tumor extends into the distal corporal tips during a glansectomy. The guideline aligns with this by classifying tumors with invasion of the corpora cavernosa as T3 stage. For T3 tumors, the guideline recommends partial penile amputation as the therapy of choice (Recommendation 7.22, page 59). The background information on the same page explicitly mentions ""distale Corporektomie"" (distal corporectomy) as a surgical procedure for this stage, thus supporting the recommended surgical escalation."	"**R (Recommended)**

The guideline supports the treatment recommendation. In Section 6.1.3.1, ""Resectable disease,"" the guideline discusses the surgical approach for cT2 disease where there is doubt about corporeal invasion. It explicitly describes the procedure of ""glansectomy combined with distal corporectomy"" as a management option in this scenario. This directly aligns with the recommendation to perform a distal corporectomy if tumors involve the distal corporal tips during a glansectomy."	"**R (Recommended)**

**Justification:**
The guideline's proposed algorithm for the management of primary penile tumors (Figure 2) explicitly lists ""Glansectomy with distal corporectomy [III, A]"" as a recommended surgical option for T2-T4 tumors, which are defined by tunical or cavernosal involvement. The treatment recommendation describes this exact clinical scenario: performing a distal corporectomy when the tumor extends to involve the distal corporal tips. Therefore, the guideline directly supports the recommendation as a standard of care."	"**Stance:** DR (Different Recommendation)

**Justification:** The guideline does not mention ""distal corporectomy"" specifically. Instead, when there is tumor invasion into the corpora cavernosum, the NCCN guideline recommends a more extensive procedure. On page PN-B, under ""Penectomy,"" it explicitly states, ""Partial or total penectomy is necessary when there is invasion into the corpora cavernosum in order to achieve a negative margin."" This indicates a shift from an organ-sparing approach (glansectomy) to a more formal amputative surgery (penectomy), which is different from the recommendation of adding a distal corporectomy to an ongoing glansectomy."
**Systemic Therapy**	A multimodal therapeutic approach is typically warranted for patients with lymph node involvement (locally advanced and advanced PSCC).	Parza et al. - 2023 - The Prognostic Role of Human P	"NA (Not Addressed)

The AUA guideline focuses exclusively on the ""Treatment of Early Stage Squamous Cell Carcinoma of the Penis,"" as stated in its title and learning objective. The document details therapies such as topical agents, laser ablation, and various organ-preserving surgeries for non-invasive and early-stage (Tis, Ta, T1) disease. The treatment recommendation, however, pertains to a different patient population: those with locally advanced and advanced disease with lymph node involvement. Since the guideline's scope is strictly limited to early-stage cancer, it does not address the multimodal therapeutic approaches required for advanced disease."	"**Stance:** R (Recommended)

**Justification:** The guideline strongly supports the recommendation for a multimodal approach in patients with lymph node involvement. Section 7.2.3, specifically the background information for recommendations 7.43-7.45 on page 73, explicitly states that for metastatic penile cancer, ""a curative therapy can only be achieved in a multimodal setting."" The guideline further details this approach by recommending neoadjuvant chemotherapy for patients with fixed inguinal lymph nodes (Recommendation 7.44), which is then followed by surgery, confirming the multimodal strategy."	"R (Recommended)
The guideline strongly aligns with the recommendation for a multimodal approach in patients with lymph node involvement. Section 6.4 is entirely dedicated to the ""Role of multimodal chemotherapy/radiotherapy in the management of (regional) lymph nodes."" The guideline specifically recommends neoadjuvant chemotherapy (NAC) followed by consolidative surgery for patients with extensive inguinal or pelvic lymph node involvement (cN3 disease), as stated in sections 6.3.2 and 6.4.1.1. This combination of systemic therapy and surgery exemplifies the multimodal strategy advocated in the recommendation."	"R (Recommended)

The guideline supports the recommendation for a multimodal therapeutic approach for patients with lymph node involvement. The guideline explicitly states that for bulky or ulcerated nodal disease (cN3), ""multimodal treatment"" is required, recommending neoadjuvant chemotherapy (ChT) followed by surgery. It also advises that salvage inguinal lymph node dissection for recurrent disease should be part of a ""multimodal treatment"" including ChT. Furthermore, for high-risk node-positive disease (pN3), the guideline suggests considering adjuvant radiotherapy in combination with adjuvant ChT, reinforcing its support for using multiple treatment modalities."	"**Stance:** R (Recommended)

**Justification:** The NCCN guideline consistently recommends a multimodal approach for penile cancer with lymph node involvement, which aligns with the treatment recommendation. For example, in the management of palpable bulky inguinal lymph nodes (PN-5), the guideline advises neoadjuvant chemotherapy followed by surgery (ILND/PLND), with potential for adjuvant chemotherapy or radiotherapy. The discussion section further supports this, stating that a patient with resectable bulky disease ""will rarely be cured with a single treatment modality"" and details various perioperative chemotherapy and radiotherapy options (MS-13)."
**Systemic Therapy**	For unresectable tumours or disseminated metastatic disease, cytotoxic chemotherapy is employed, which can be used in a neoadjuvant or adjuvant context.	Fadigas et al. - 2024 - Immunotherapy in Penile Cancer	"NA (Not Addressed)

The treatment recommendation addresses the use of cytotoxic chemotherapy for unresectable or disseminated metastatic penile cancer. The provided AUA guideline, however, is explicitly focused on the ""Treatment of Early Stage Squamous Cell Carcinoma of the Penis,"" as stated in its title and learning objective. The guideline details topical therapies, laser therapy, and organ-preserving surgery for non-invasive and early-stage (Tis, Ta, T1) disease. While it briefly mentions systemic chemotherapy in a neoadjuvant context for one specific therapy, it does not provide any recommendations or discussion for the management of advanced, unresectable, or metastatic disease."	"- **Stance:** R (Recommended)
- **Justification:** The guideline aligns with the recommendation to use chemotherapy for unresectable or metastatic disease. Specifically, it recommends neoadjuvant chemotherapy for patients with unresectable, fixed inguinal lymph nodes to improve outcomes (Recommendation 7.44). For disseminated metastatic disease, it recommends palliative combination chemotherapy to prolong life and control symptoms in patients with good general condition (Recommendation 7.53). The guideline also discusses the use of adjuvant chemotherapy in high-risk scenarios, thus supporting all aspects of the proposed treatment."	"**Stance:** R (Recommended)

**Justification:** The guideline aligns with the recommendation to use cytotoxic chemotherapy for unresectable and metastatic penile cancer. Section 6.1.3.2 specifically discusses using induction chemotherapy for non-resectable disease to downstage tumors and enable surgical resection. Furthermore, Section 6.5 recommends platinum-based chemotherapy as the preferred first-line approach for patients with distant metastatic disease. The guideline also provides detailed recommendations for using chemotherapy in both neoadjuvant (Section 6.4.1.1) and adjuvant (Section 6.4.1.2) contexts, fully supporting all aspects of the proposed treatment."	"**R (Recommended)**

The guideline aligns with the recommendation, stating that cytotoxic chemotherapy (ChT) is used for patients with metastatic, inoperable penile cancer. The document explicitly discusses and recommends neoadjuvant ChT for locally advanced, inoperable primary tumors or fixed regional nodes (cN3). It also recommends adjuvant ChT for patients with high-risk node-positive disease following surgery and palliative ChT for metastatic disease."	"R (Recommended)
The NCCN guideline aligns with the recommendation by advocating for systemic chemotherapy in cases of metastatic disease and for unresectable tumors. Page PN-10, ""Management of Metastatic Disease,"" clearly indicates ""Systemic chemotherapy"" as the initial step for metastatic penile cancer. Furthermore, the guideline details the use of chemotherapy in both the neoadjuvant and adjuvant settings for advanced disease (Page PN-D, 1 of 5), including the use of neoadjuvant chemotherapy to downstage initially unresectable (T4) primary tumors."
**Systemic Therapy (Adjuvant)**	Adjuvant chemotherapy (ACT) should be considered for patients with pathologically confirmed pN2-3 disease, as it may be of benefit, particularly for those with pN3 or pelvic lymph node metastases.	Sachdeva et al. - 2024 - Management of Lymph Node–posit; Paz Rojas et al. - 2022 - Effectiveness and safety of ad	"NA (Not Addressed)

The AUA Update Series guideline focuses explicitly on the ""Treatment of Early Stage Squamous Cell Carcinoma of the Penis,"" detailing management for non-invasive and early-stage disease (carcinoma in situ, Ta, and T1). The treatment recommendation, however, pertains to adjuvant chemotherapy for patients with advanced nodal disease (pN2-3), a stage beyond the scope of this guideline. While the document briefly mentions systemic chemotherapy in the context of neoadjuvant therapy combined with laser treatment, it does not address the use of adjuvant chemotherapy following lymph node dissection for pathologically confirmed pN2-3 disease."	"**Stance:** R (Recommended)

**Justification:** The guideline aligns with the treatment recommendation. Recommendation 7.37 on page 69 explicitly states that adjuvant chemotherapy can be administered to patients with pN2/pN3 disease. The accompanying background information on page 71 further elaborates that while randomized controlled trials are lacking, the existing data supports a recommendation for adjuvant chemotherapy in patients with a pN2/pN3 status. This is consistent with the proposal to consider ACT for this specific patient group."	"**Stance:** R (Recommended)

**Justification:** The guideline aligns with the recommendation to consider adjuvant chemotherapy (ACT) for high-risk patients. It explicitly states, ""the benefit from adjuvant chemotherapy is expected to be highest in the population of patients with pathological N3 stage, in particular for those patients with pelvic nodal involvement"" (page 32). Although noting the limited data for improving overall survival, the guideline recommends a ""balanced discussion of risks and benefits of adjuvant chemotherapy with high-risk patients...in particular, with those with pathological pelvic LN involvement (pN3)"" (page 33). This supports the recommendation's stance on considering ACT for pN2-3 disease, with a particular focus on pN3."	"R (Recommended)
The guideline explicitly recommends that ""Patients with pN2 and pN3 disease following LND should be considered for adjuvant ChT following surgery [III, B]."" This statement is directly aligned with the treatment recommendation to consider adjuvant chemotherapy for patients with pathologically confirmed pN2-3 disease. Furthermore, the guideline text discusses that while evidence is limited, studies have shown overall survival improvements in the highest-risk patients, including those with pelvic lymph node involvement, which supports the recommendation's specific mention of pN3 and pelvic LN metastases."	"**Stance:** R (Recommended)

**Justification:** The NCCN guideline aligns with the recommendation to consider adjuvant chemotherapy for pN2-3 disease. The guideline algorithm for ""Management of Palpable Non-Bulky Inguinal Lymph Nodes"" (PN-4) lists adjuvant chemotherapy as a treatment option for patients with pN2-3 disease. Furthermore, the ""Principles of Systemic Therapy"" (PN-D, 1 of 5) states that it is reasonable to administer adjuvant chemotherapy when pathology shows high-risk features, which include pelvic lymph node metastases (part of the pN3 definition). The discussion section (MS-14) also explicitly states that treatment for patients with pN2 or pN3 disease may entail adjuvant chemotherapy."
**Systemic Therapy (Adjuvant)**	Adjuvant radiotherapy (ART) should be considered after lymph node dissection for patients with pN2-3 disease, as it may reduce recurrence and improve survival.	Sachdeva et al. - 2024 - Management of Lymph Node–posit; Ge et al. - 2024 - Comparing the safety and effec	"NA (Not Addressed)

The guideline focuses exclusively on the ""Treatment of Early Stage Squamous Cell Carcinoma of the Penis,"" as stated in its title and learning objective. The provided text details management for localized tumors (Tis, Ta, T1) using topical therapies, laser ablation, and various surgical techniques. The recommendation, however, addresses adjuvant radiotherapy for patients with advanced nodal disease (pN2-3) after lymph node dissection, a clinical scenario that falls outside the scope of this early-stage disease guideline."	"DR (Different Recommendation)

The guideline does not generally recommend adjuvant radiotherapy after lymph node dissection due to contradictory and insufficient evidence. Recommendation 7.42 states that adjuvant radiotherapy ""cannot be generally recommended"" but ""can be considered"" for high-risk patients, which includes those with pN2-3 disease. However, the guideline's primary recommendation for this patient group is adjuvant chemotherapy (Recommendations 7.37 and 7.39). Therefore, the guideline suggests a different primary adjuvant treatment approach than the one proposed in the recommendation."	"**R (Recommended)**

The guideline recommends offering adjuvant radiotherapy to patients with pN2/N3 disease, which aligns directly with the treatment recommendation. Specifically, in the recommendations table on page 35, the guideline states, ""Offer adjuvant radiotherapy (with or without chemo sensitisation) to patients with pN2/N3 disease..."". Although the strength of this recommendation is rated as ""Weak,"" the guideline's discussion in section 6.4.2.2 reviews evidence suggesting that adjuvant radiotherapy can improve overall and disease-specific survival in this patient population, supporting the rationale presented."	"DR (Different Recommendation)

The guideline offers a different recommendation that is narrower than the one proposed. While it describes the role of adjuvant radiotherapy (ART) as a ""reasonable approach"" in high-risk node-positive disease, its formal, graded recommendation is specifically for patients with pN3 disease, stating that clinicians ""may consider the use of adjuvant RT... in combination with adjuvant ChT in patients with pN3 disease."" The guideline does not make a formal recommendation for ART in pN2 disease, although it does discuss evidence of an overall survival benefit in this subgroup. Therefore, because the guideline's explicit recommendation is limited to pN3 disease and specifies combination with chemotherapy, it differs from the broader recommendation to consider ART for all pN2-3 patients.
--------------------
R (Recommended)

The guideline supports the consideration of adjuvant radiotherapy (ART) for patients with pN2-3 disease, aligning with the treatment recommendation. The text notes that while the role of ART is controversial, there is ""positive evidence reported supporting the use of adjuvant RT in high-risk node-positive disease."" The guideline specifically cites studies demonstrating an overall survival benefit driven by patients with N2 disease and improved survival with adjuvant chemoradiotherapy in pN3 disease. The final recommendation is for clinicians to ""consider the use of adjuvant RT... in combination with adjuvant ChT in patients with pN3 disease."""	"**Stance:** R (Recommended)

**Justification:** The guideline aligns with the recommendation to consider adjuvant radiotherapy (ART) for pN2-3 disease. In the ""Principles of Radiotherapy"" section (PN-C), ART is listed as a consideration for ""palpable non-bulky inguinal lymph nodes pN2–3 disease (category 2B)."" Similarly, the treatment algorithm for palpable non-bulky inguinal lymph nodes (PN-4) includes pathways for pN2-3 disease that involve adjuvant RT, either alone or with chemotherapy. The discussion section further reinforces this, stating for pN2-3 disease, ""a PLND with or without adjuvant RT... is recommended"" (MS-15)."
**Systemic Therapy (Adjuvant)**	Adjuvant Chemoradiotherapy (ACRT) may provide a modest additional benefit in reducing locoregional recurrence and improving survival in pN3 disease, especially with extranodal extension (ENE) or HPV positivity.	Sachdeva et al. - 2024 - Management of Lymph Node–posit	"**Stance:** NA (Not Addressed)

**Justification:** The AUA guideline focuses exclusively on the ""Treatment of Early Stage Squamous Cell Carcinoma of the Penis,"" covering stages like carcinoma in situ, Ta, and T1. The treatment recommendation, however, pertains to adjuvant chemoradiotherapy for pN3 disease, which signifies advanced regional lymph node metastasis and falls outside the scope of early-stage cancer. The guideline does not discuss the management of advanced nodal disease or the role of adjuvant therapies in that specific clinical context."	"**Stance:** DR (Different Recommendation)

**Justification:** The guideline recommends adjuvant chemotherapy for patients with pN2/pN3 disease (Recommendation 7.37). However, for adjuvant radiotherapy, it explicitly states that it cannot be generally recommended due to insufficient and contradictory evidence (Recommendation 7.42, Statement 7.41). While radiotherapy can be considered in high-risk situations like extranodal extension, the guideline discusses these treatments as separate modalities and does not recommend their combination as a standard Adjuvant Chemoradiotherapy (ACRT) regimen. Therefore, the guideline's primary recommendation is for chemotherapy alone, differing from the proposed combined treatment."	"**Stance:** R (Recommended)

**Justification:** The guideline supports the use of adjuvant chemoradiotherapy for high-risk disease. It explicitly recommends to ""Offer adjuvant radiotherapy (with or without chemo sensitisation) to patients with pN2/N3 disease"" (page 35). The document also discusses evidence suggesting that HPV status could be a selection factor for adjuvant radiotherapy, noting that HPV-positive patients appeared to have increased overall survival (page 34). Furthermore, it reviews data showing improved outcomes with adjuvant chemoradiotherapy for patients with high-risk features like extranodal extension (ENE) and pN3 disease."	"R (Recommended)
The guideline supports the use of adjuvant chemoradiotherapy (ACRT) for pN3 disease. It specifically recommends that clinicians ""may consider the use of adjuvant RT... in combination with adjuvant ChT in patients with pN3 disease"" [III, B]. The guideline also discusses evidence showing that adjuvant CRT significantly improved survival in patients with pN3 disease and extracapsular extension, and that HPV-positive patients receiving post-operative RT had a significantly longer overall survival, aligning with all key aspects of the recommendation."	"**Updated Classification:** DR (Different Recommendation)

**Updated Summary:**

The guideline does support considering adjuvant chemoradiotherapy (chemo/RT) for node‑positive, high‑risk disease but does not fully match the treatment recommendation.

- NCCN lists adjuvant chemo/RT as a **category 2B** option for **pN2–3** disease and other high‑risk settings:
  - PN‑C (“Adjuvant Chemo/RT”) recommends chemo/RT for inguinal and/or pelvic node–positive disease, particularly for **palpable bulky inguinal nodes or enlarged pelvic nodes**, and as a consideration for **pN2–3** disease.
  - The Discussion (MS‑14–15) states that chemoradiotherapy “**can be considered for patients with high‑risk features including PLN metastases, extranodal extension, bilateral ILN involvement, and tumors in lymph nodes >4 cm**” and that for palpable **pN2 or pN3** disease, adjuvant RT, chemoradiotherapy, or chemotherapy may be used after ILND/PLND.

- However, the guideline **does not** state that the benefit of adjuvant chemo/RT is “especially” in **HPV‑positive** tumors. HPV/p16 positivity is discussed only as a prognostic factor (MS‑3) and **is not used as a selection criterion** for adjuvant chemo/RT.

Thus, while the guideline aligns with using adjuvant chemoradiotherapy in pN3 disease with **extranodal extension and other high‑risk nodal features**, it does **not** support prioritizing or especially favoring this approach based on **HPV positivity**, making the proposed recommendation only partially concordant.
--------------------
R (Recommended)
The NCCN guideline supports the use of adjuvant chemoradiotherapy (ACRT) for patients with pN3 disease. On multiple algorithmic pages (eg, PN-4, PN-9), ""Chemo/RT"" is listed as a category 2B option for patients with pN2-3 disease after inguinal lymph node dissection (ILND). The discussion (MS-14) further clarifies that ""Chemoradiotherapy can be considered for patients with high-risk features including...extranodal extension"" and that for pN2 or pN3 disease, treatment may entail adjuvant chemoradiotherapy. This directly aligns with the recommendation to consider ACRT for pN3 disease, especially with extranodal extension (ENE)."
**Systemic Therapy (Adjuvant)**	(Neo)adjuvant treatment (chemotherapy or radiotherapy) is not recommended for pN1 disease as it has no proven survival benefit.	Sachdeva et al. - 2024 - Management of Lymph Node–posit	"**Stance:** NA (Not Addressed)

**Justification:**
The guideline, ""Treatment of Early Stage Squamous Cell Carcinoma of the Penis,"" focuses exclusively on the management of primary tumors, specifically non-invasive and early-stage malignancies (carcinoma in situ, Ta, and T1). It details topical therapies, laser ablation, and various surgical options for the primary lesion. The document does not address the management of pathologically-confirmed lymph node metastasis (pN1 disease), which represents a more advanced stage of cancer beyond the scope of this guideline. Therefore, the recommendation against using (neo)adjuvant chemotherapy or radiotherapy for pN1 disease is not mentioned or discussed."	"**Stance:** DR (Different Recommendation)

**Justification:** The treatment recommendation states that (neo)adjuvant treatment is not recommended for any pN1 disease. In contrast, the guideline offers a more nuanced approach. Recommendation 7.38 on page 69 specifies that adjuvant chemotherapy can be considered (""kann ... in Erwägung gezogen werden"") for pN1 patients who have high-risk features, such as an aggressive tumor (≥ G2) and/or a large lymph node metastasis (≥ 3cm). Therefore, while the guideline does not recommend adjuvant therapy for all pN1 cases, it explicitly identifies a subgroup for whom it is an option, which differs from the blanket non-recommendation."	"**Stance:** R (Recommended)

**Justification:**
The guideline aligns with the recommendation by consistently reserving neoadjuvant and adjuvant therapies for higher-stage nodal disease and not for pN1. Section 6.2.2.1 of the guideline states that radical inguinal lymph node dissection (rILND) is curative for low-volume disease (pN1), implying that additional treatment is not required. Furthermore, the recommendations for neoadjuvant chemotherapy, adjuvant chemotherapy, and adjuvant radiotherapy are explicitly for patients with pN2 or pN3 disease (Sections 6.4.1.3 and 6.4.2.3). The absence of a recommendation for (neo)adjuvant therapy in pN1 patients supports the provided statement."	"R (Recommended)
The guideline aligns with the recommendation to not use (neo)adjuvant therapy for pN1 disease. In its discussion of adjuvant radiotherapy, the guideline cites a study from the US National Cancer Database which demonstrated an overall survival benefit for patients with N2 disease, but this benefit ""was absent in patients presenting with N1 disease."" The guideline's specific recommendations for adjuvant chemotherapy and radiotherapy are for higher-risk disease stages (pN2 and pN3), implicitly excluding pN1."	"**R (Recommended)**

**Justification:**
The NCCN guideline aligns with the recommendation to not use adjuvant therapy for pN1 disease. The treatment algorithm for palpable, non-bulky inguinal lymph nodes (PN-4) shows that after a positive biopsy leading to a pN1 finding, the recommended treatment is bilateral inguinal lymph node dissection (ILND), followed by surveillance. Adjuvant therapies (chemotherapy, RT, or chemo/RT) are only recommended for more advanced pN2-3 disease or in the presence of high-risk features, which are not characteristic of pN1 disease."
**Systemic Therapy (Adjuvant)**	Adjuvant Radiotherapy (RT) following Pelvic Lymph Node Dissection (PLND) is not recommended as a routine practice and should be restricted to prospective controlled clinical trials.	Naushad et al. - 2022 - Pelvic lymph node dissection a	"NA (Not Addressed)

The guideline focuses exclusively on the treatment of ""early stage squamous cell carcinoma of the penis,"" covering management of the primary tumor through topical therapies, laser ablation, and organ-preserving surgery. The recommendation, however, pertains to adjuvant radiotherapy following Pelvic Lymph Node Dissection (PLND), which is a treatment for more advanced, node-positive disease. As the provided guideline does not discuss the management of advanced nodal disease, it does not address this specific recommendation."	"**Stance:** R (Recommended)

**Justification:**
The guideline aligns with the treatment recommendation by stating that adjuvant radiotherapy after lymph node dissection cannot be generally recommended (Empfehlung 7.42). The rationale provided is the lack of sufficient evidence, with Statement 7.41 noting that the value of postoperative radiotherapy has not been adequately investigated in studies. While the guideline suggests that radiotherapy can be considered for high-risk patients, this nuance does not contradict the core position that it is not a routine practice, thus supporting the recommendation's cautious stance."	"**Stance:** DR (Different Recommendation)

**Justification:** The treatment recommendation states that adjuvant radiotherapy (RT) following Pelvic Lymph Node Dissection (PLND) is not recommended for routine practice and should be restricted to clinical trials. The guideline acknowledges that adjuvant RT is ""controversial"" and was ""not recommended in prior guidelines"" due to a lack of level 1 evidence (p. 33). However, it proceeds to cite evidence suggesting a benefit, such as prolonging Disease-Specific Survival (DSS) in patients with positive pelvic lymph nodes (p. 34). Ultimately, the guideline makes a direct recommendation to ""Offer adjuvant radiotherapy... to patients with pN2/N3 disease"" (p. 35), thus proposing its use in specific clinical scenarios rather than restricting it solely to trials."	"DR (Different Recommendation)

The treatment recommendation advises against the routine use of adjuvant RT following PLND. The guideline, however, presents a more nuanced view. While acknowledging that the role of adjuvant RT is controversial and lacks prospective data, it cites studies showing an overall survival benefit for patients with positive pelvic LNs after PLND. Based on this evidence, the guideline concludes that adjuvant RT ""remains a reasonable approach"" for high-risk, node-positive patients and specifically recommends that clinicians ""may consider the use of adjuvant RT"" for patients with pN3 disease."	"**Stance:** DR (Different Recommendation)

**Justification:** The guideline recommends a different approach than the one proposed. The NCCN guideline explicitly states that ""adjuvant RT is recommended following a PLND after a positive result on ILND"" (MS-14). This is further supported by the treatment algorithm for palpable non-bulky inguinal lymph nodes (PN-4), which includes ""adjuvant RT"" as a treatment option following pelvic lymph node dissection (PLND) if pelvic nodes are positive. This directly contradicts the recommendation that adjuvant RT following PLND should not be a routine practice."
**Systemic Therapy (First-Line Advanced/Metastatic)**	For advanced, locally advanced, or metastatic disease, first-line systemic therapy typically involves platinum-based chemotherapy, such as the TIP regimen (paclitaxel, ifosfamide, and cisplatin).	Lu et al. - 2022 - PD-L1 is associated with the p; Taghizadeh and Fajkovic - 2025 - Immunotherapy in the Managemen	"NA (Not Addressed)

The treatment recommendation specifies a systemic chemotherapy regimen (TIP) for advanced, locally advanced, or metastatic penile cancer. The provided AUA guideline, however, explicitly focuses on the ""Treatment of Early Stage Squamous Cell Carcinoma of the Penis,"" as stated in its title and learning objective. The document details management for non-invasive and early-stage disease (Tis, Ta, T1) using topical therapies, laser, and organ-preserving surgery, but it does not address treatment strategies for advanced or metastatic disease."	"R (Recommended)
The guideline recommends platinum-based chemotherapy for advanced or metastatic penile cancer. Specifically, recommendation 7.54 states that chemotherapy should consist of cisplatin, ifosfamide, and paclitaxel, which is the TIP regimen mentioned in the treatment recommendation. Furthermore, recommendation 7.47 also advises neoadjuvant polychemotherapy with paclitaxel, ifosfamide, and cisplatin for locally advanced disease, confirming a direct alignment."	"**Stance:** R (Recommended)

**Justification:** The guideline aligns with the recommendation by identifying platinum-based chemotherapy as the preferred first-line approach for advanced disease. Section 6.5.2 explicitly supports ""platinum-based chemotherapy as the preferred approach to first-line palliative systemic therapy"" and lists triplet regimens like TIP (paclitaxel, ifosfamide, and cisplatin) as a choice. Furthermore, Section 6.4.1.1 discusses a phase II trial of neoadjuvant TIP for locally advanced (N2 or N3) disease, noting an objective response rate of 50%. The formal recommendations also advise offering platinum-based chemotherapy for patients with distant metastatic disease."	"R (Recommended)
The guideline recommends first-line, cisplatin-based combination chemotherapy for the treatment of metastatic penile cancer. It explicitly states that ""TIP [paclitaxel, ifosfamide, and cisplatin] and TPF are reasonable choices for first-line systemic therapy in patients considered fit enough."" Furthermore, for locally advanced disease with fixed lymph nodes (cN3), the guideline recommends considering neoadjuvant chemotherapy with triplet regimens such as TIP or TPF. This aligns directly with the treatment recommendation."	"**Stance:** R (Recommended)

**Justification:** The NCCN guideline aligns directly with the treatment recommendation. In the ""Principles of Systemic Therapy"" section, under ""First-Line Systemic Therapy for Metastatic/Recurrent Disease,"" the guideline lists the TIP regimen (paclitaxel, ifosfamide, and cisplatin) as the ""Preferred Regimen"" (PN-D 2 of 5). The discussion section further reinforces this, stating that ""Cisplatin-based regimens...[TIP]...are the most active first-line systemic chemotherapy regimens"" and that the panel ""recommends first-line chemotherapy using TIP (preferred)"" for metastatic penile cancer (MS-17)."
**Systemic Therapy (Investigational)**	The combination of Nivolumab and Ipilimumab appears unpromising for patients with PeCa.	Fadigas et al. - 2024 - Immunotherapy in Penile Cancer	"NA
The guideline does not address the use of systemic immunotherapies for penile cancer. Its scope is explicitly limited to the treatment of early-stage squamous cell carcinoma, focusing on topical therapies (5-FU, imiquimod), laser therapy, surgical excision, and radiation. The document makes no mention of checkpoint inhibitors like Nivolumab or Ipilimumab, which are typically considered for more advanced or metastatic disease."	"NA
The guideline does not specifically address the combination of Nivolumab and Ipilimumab. In section 7.3.1 (""Palliative Systemtherapie""), it states that for therapy with checkpoint inhibitors (""Checkpointinhibitoren""), there are no study results available yet (""noch keine Studienergebnisse""). While it mentions the possibility of immunotherapy based on microsatellite status, it does not mention specific drugs like Nivolumab or Ipilimumab, nor does it comment on whether they are promising or unpromising."	"**Updated Classification:** DR (Different Recommendation)

**Updated Summary:**  
The treatment recommendation asserts that nivolumab plus ipilimumab “appears unpromising” in penile cancer. In contrast, the guideline’s immunotherapy section (6.5.2.1) describes early basket-trial data with checkpoint inhibitors, including nivolumab + ipilimumab and nivolumab + cabozantinib ± ipilimumab, and notes partial responses and stable disease in penile SCC patients. In its summary (6.5.4), the guideline explicitly states that early evidence of *promising* clinical activity has been reported for checkpoint inhibition (monotherapy and combinations) and therefore advises enrolling such patients in clinical trials of experimental therapies, rather than dismissing these regimens. Thus, the guideline does not support the claim that nivolumab + ipilimumab is unpromising; it views the data as preliminary but encouraging and suitable for investigation within trials, leading to a **Different Recommendation** classification.
--------------------
**Stance:** R (Recommended)

**Justification:** The guideline addresses the use of combination immunotherapy in penile cancer. Specifically, in section 6.5.2.1, it cites a study testing the combination of ipilimumab and nivolumab where, of the five penile SCC patients included, only two achieved stable disease (SD). These modest results, with no reported partial or complete responses, align with the recommendation's assessment that this combination appears ""unpromising"" for this patient population."	"NA
**Justification:**
The guideline discusses immunotherapy and various immune checkpoint inhibitors (ICIs) for penile cancer, including cemiplimab, atezolizumab, and pembrolizumab, particularly for biomarker-selected patients (e.g., high TMB, MSI-H). However, the guideline does not specifically mention or evaluate the combination of nivolumab and ipilimumab. Therefore, it does not offer a stance on this particular treatment combination."	"**NA (Not Addressed)**

**Justification:**
The NCCN guideline for penile cancer provides recommendations for systemic therapy, including the use of the immune checkpoint inhibitor pembrolizumab in first-line and subsequent-line settings. However, the guideline does not mention or evaluate the specific combination of Nivolumab and Ipilimumab. Therefore, it takes no stance on whether this particular dual-immunotherapy regimen is promising or unpromising for treating penile cancer."
**Systemic Therapy (Neoadjuvant)**	Neoadjuvant chemotherapy (NACT) is recommended for patients with fixed, bulky, or advanced nodal disease (cN2-3), particularly when not immediately resectable, with the goal of downstaging to enable subsequent surgical consolidation.	Sachdeva et al. - 2024 - Management of Lymph Node–posit; Paz Rojas et al. - 2022 - Effectiveness and safety of ad; Ge et al. - 2024 - Comparing the safety and effec	"NA (Not Addressed)

The treatment recommendation addresses the use of neoadjuvant chemotherapy for patients with advanced nodal disease (cN2-3). The provided AUA guideline, however, explicitly states its focus is on the ""Treatment of Early Stage Squamous Cell Carcinoma of the Penis."" The document's content, including discussions on topical therapies, laser treatments, and organ-sparing surgeries, is consistently limited to early/low-stage disease (Tis, Ta, T1). Consequently, the management of advanced, bulky nodal disease as described in the recommendation is outside the scope of this guideline and is not addressed."	"**Stance:** R (Recommended)

**Justification:** The guideline strongly aligns with the treatment recommendation. Recommendation 7.44 states that neoadjuvant chemotherapy ""soll"" (should) be performed for patients with fixed inguinal lymph nodes and good general condition. The background information on page 73 further specifies that neoadjuvant chemotherapy is indicated for patients with large, fixed, or non-resectable lymph node metastases to enable subsequent curative surgery. This directly corresponds to the recommendation's indication for fixed, bulky, or advanced nodal disease (cN2-3) with the goal of downstaging for surgical consolidation."	"**Stance:** R (Recommended)

**Justification:** The guideline recommends neoadjuvant chemotherapy (NACT) for patients with advanced nodal disease. Section 6.3.2 identifies NACT as a ""reasonable strategy among cN3 patients"" to enable subsequent surgical resection. Furthermore, the recommendations table on page 33 explicitly states to ""Offer neoadjuvant chemotherapy... to... patients with ... extensive inguinal involvement (cN3), in preference to up-front surgery"" and as an alternative for ""bulky mobile inguinal nodes or bilateral disease (cN2)"". This aligns perfectly with the proposed recommendation to use NACT for cN2-3 disease with the goal of downstaging for surgery."	"R (Recommended)
The guideline strongly supports the use of neoadjuvant chemotherapy (ChT) for advanced nodal disease. In the ""Management of cN3 disease"" section, it states that ""Neoadjuvant chemotherapy (ChT) followed by ipsilateral radical inguinal and pelvic lymphadenectomy in responders is recommended."" Furthermore, under the recommendations for systemic therapy, it specifies that ""Patients with cN3 fixed nodes should be considered for neoadjuvant ChT with triplet regimens such as TIP or TPF [III, B],"" which aligns directly with the proposed treatment for fixed, bulky nodal disease to enable surgical consolidation."	"**Stance:** R (Recommended)

**Justification:** The NCCN guideline strongly supports the use of neoadjuvant chemotherapy for patients with advanced nodal disease. The ""Management of Palpable Bulky Inguinal Lymph Nodes"" algorithms (PN-5, PN-6) and the ""Principles of Systemic Therapy"" (PN-D, 1 of 5) explicitly recommend neoadjuvant TIP chemotherapy for patients with fixed, bilateral, or ≥4 cm inguinal lymph nodes (which aligns with cN2-3 disease). The guideline specifies that this treatment should be followed by consolidative surgery, such as ILND and/or PLND, which directly corresponds to the recommendation's goal of downstaging to enable surgical consolidation."
**Systemic Therapy (Neoadjuvant)**	Neoadjuvant Chemotherapy (NC) can be utilized when initial local control is desired, with the specific goal of enabling a subsequent, less aggressive radical local surgery.	Paz Rojas et al. - 2022 - Effectiveness and safety of ad	"**Stance:** DR (Different Recommendation)

**Justification:** The guideline, which focuses on early-stage penile cancer, does not endorse the recommendation's strategy of using neoadjuvant chemotherapy to enable less aggressive surgery. While neoadjuvant chemotherapy is mentioned, it is only in the context of laser therapy for select cases. The guideline explicitly states that ""a clear conclusion regarding the efficacy of neoadjuvant chemotherapy... cannot be drawn"" and that ""more data are required,"" characterizing its use as rare and its role as unelucidated. This contrasts with the recommendation, which presents it as a viable option for downstaging before surgery."	"*   **Stance:** R (Recommended)
*   **Justification:** The guideline aligns with the recommendation, stating that for locally advanced tumors (T4), neoadjuvant chemotherapy should be considered (p. 73, Empfehlung 7.46). The background information further supports this, noting that for a non-resectable primary tumor, neoadjuvant chemotherapy is indicated and can improve local resectability (p. 60, p. 73). This directly supports the recommendation's goal of using chemotherapy for initial local control to enable a less aggressive subsequent surgery."	"**R (Recommended)**

**Justification:**
The guideline aligns with the treatment recommendation by supporting the use of induction (neoadjuvant) chemotherapy for specific cases of advanced penile cancer. Section 6.1.3.2 on ""Non-resectable disease"" explicitly states that ""induction chemotherapy offers the ability to downstage disease and thereby enable surgical resection among responders"" (page 23). This principle is further solidified in the recommendations table (page 25), which advises to ""Offer induction chemotherapy followed by surgery to responders... for non-resectable advanced primary lesions."" This directly corresponds to the recommendation's goal of using chemotherapy to achieve local control and enable subsequent surgery."	"R (Recommended)
The guideline recommends discussing neoadjuvant chemotherapy (ChT) for patients with locally advanced (T4), inoperable primary penile squamous cell carcinoma (SCC). It cites studies showing that neoadjuvant ChT can lead to ""surgical downstaging"" and enable patients to undergo radical surgery. This directly aligns with the recommendation's goal of using neoadjuvant chemotherapy to achieve local control and facilitate a subsequent, less aggressive surgery."	"R (Recommended)
The NCCN guideline supports the use of neoadjuvant chemotherapy for the primary tumor in specific situations. On page PN-D (1 of 5), under ""Neoadjuvant Chemotherapy Prior to ILND or PLND,"" it explicitly states, ""Patients with initially unresectable (T4) primary tumors may be downstaged by response to chemotherapy."" This aligns with the recommendation's goal of using neoadjuvant chemotherapy to achieve initial local control and enable subsequent surgery. While the guideline focuses on unresectable T4 tumors, the principle of downstaging to facilitate surgical intervention is clearly recommended."
**Systemic Therapy (Radiotherapy for Penile Metastasis)**	Radiotherapy for symptomatic Penile Metastasis (PM) is primarily palliative to manage pain, priapism, bleeding, and urinary dysfunction, with dosages from 25 Gy to 60 Gy depending on goals.	Piras et al. - 2024 - Stereotactic Radiotherapy for	"NA (Not Addressed)

The treatment recommendation specifies the use of palliative radiotherapy for symptomatic *metastatic* penile cancer. The AUA guideline, however, is explicitly titled ""Treatment of Early Stage Squamous Cell Carcinoma of the Penis"" and its content focuses exclusively on management options for non-invasive and early-stage disease (Tis, Ta, T1). While the guideline does have a section on radiation, it discusses its use for treating the primary, early-stage tumor, not for palliative management of metastatic disease."	"R (Recommended)
The guideline supports the use of palliative radiotherapy for symptomatic metastatic penile cancer. Section 7.3.2 (""Palliative Strahlentherapie"") states that this treatment is used when curative therapy is not possible, with the goal of improving symptoms and preventing complications. This aligns with the recommendation's aim to manage pain, bleeding, and other dysfunctions. The guideline suggests a hypofractionated dosage schedule (e.g., 12 x 3 Gy, totaling 36 Gy), which is consistent with the 25 Gy to 60 Gy range proposed in the recommendation."	"**R (Recommended)**

**Justification:**
The guideline strongly supports the use of radiotherapy for palliative purposes in advanced penile cancer. Section 6.5.3, ""Role of radiotherapy in palliation,"" explicitly states that ""Radiotherapy is frequently necessary for palliation of penile cancer"" and should be customized for unique presentations. This aligns with the recommendation's core message of using radiotherapy for symptomatic relief. Furthermore, the recommendation table in section 6.5.4 gives a ""Strong"" strength rating to the statement, ""Offer radiotherapy for symptom control (palliation) in advanced disease,"" directly endorsing the proposed treatment's palliative intent."	"R (Recommended)
The guideline recommends considering palliative radiotherapy (RT) or RT with concurrent chemotherapy for sites requiring local control in metastatic penile cancer. This directly aligns with the treatment recommendation, which proposes using palliative RT to manage local symptoms like pain, bleeding, and urinary dysfunction. The guideline states, ""Palliative RT or RT with concurrent ChT for sites requiring local control should be considered [V, C]."" Although the guideline does not specify dosages, it confirms that palliative RT is an appropriate treatment approach."	"**R (Recommended)**

The NCCN guideline supports the use of palliative radiotherapy for metastatic penile cancer. The ""Principles of Radiotherapy"" page (PN-C) includes a section for ""Palliative RT,"" which recommends a palliative dose of 30 Gy in 10 fractions. This specific dose falls within the 25 Gy to 60 Gy range mentioned in the recommendation. Furthermore, the algorithm for metastatic disease (PN-10) and the discussion section (MS-17) both endorse considering radiotherapy for local control, palliative benefit, and best supportive care."
**Systemic Therapy (Radiotherapy for Penile Metastasis)**	Stereotactic body radiotherapy (SBRT), e.g., 25 Gy in 5 fractions, is a valuable approach for Penile Metastasis (PM) that can provide good symptomatic relief and local control, especially in oligometastatic disease.	Piras et al. - 2024 - Stereotactic Radiotherapy for	"NA (Not Addressed)

The AUA Update Series guideline focuses exclusively on the ""Treatment of Early Stage Squamous Cell Carcinoma of the Penis,"" as stated in its title and learning objectives. It details management for non-invasive and early invasive disease (Tis, Ta, T1) using topical therapies, laser ablation, and organ-preserving surgeries. The treatment recommendation, however, pertains to stereotactic body radiotherapy (SBRT) for Penile Metastasis (PM), which represents advanced or metastatic disease. The guideline's scope does not extend to metastatic disease, and as such, it does not address SBRT or other treatments for this advanced stage."	"**Stance:** NA (Not Addressed)

**Justification:** The guideline does not specifically address or evaluate Stereotactic Body Radiotherapy (SBRT) for the treatment of penile metastasis. Section 7.3.2 discusses palliative radiotherapy in general terms, noting that it is typically delivered in a hypofractionated manner with single doses of 3 to 5 Gy per day (p. 80). While the dose per fraction in the proposed SBRT regimen (25 Gy in 5 fractions = 5 Gy/fraction) falls within this general range, the guideline makes no mention of the SBRT technique itself, the specific total dose, its value in oligometastatic disease, or provides any endorsement for this particular approach. Therefore, the recommendation is considered not addressed.
--------------------
**Stance:** R (Recommended)

**Justification:** The guideline addresses palliative radiotherapy for metastatic penile cancer in section 7.3.2. It explicitly states that palliative radiotherapy is typically delivered in a hypofractionated manner, with single doses ranging from 3 to 5 Gy per day (p. 80). The treatment recommendation for Stereotactic Body Radiotherapy (SBRT) with a regimen of 25 Gy in 5 fractions (5 Gy per fraction) aligns perfectly with this principle and falls within the specified dose-per-fraction range, thus representing a supported treatment approach."	"**NA (Not Addressed)**

**Justification:**
The guideline provides a strong recommendation for palliative radiotherapy in general for symptom control in advanced *primary* penile cancer, stating to ""Offer radiotherapy for symptom control (palliation) in advanced disease"" (Section 6.5.4). However, it does not address the specific clinical scenario of Penile Metastasis (PM), which are secondary tumors *to* the penis from other primary cancers. Furthermore, the guideline does not mention the specific radiotherapy modality of Stereotactic Body Radiotherapy (SBRT) or any particular dose/fractionation schedule, such as 25 Gy in 5 fractions, for palliative treatment. As the specific condition (penile metastasis) and the specific treatment technique (SBRT) are not discussed, the recommendation is not addressed.
--------------------
**R (Recommended)**

**Justification:**
The guideline strongly recommends palliative radiotherapy for symptom control in advanced penile cancer. In Section 6.5.3, ""Role of radiotherapy in palliation,"" it states, ""Radiotherapy is frequently necessary for palliation of penile cancer and should be customised for unique presentations,"" and advises that ""standard palliative regimens should be readily employed."" Although the guideline does not specify stereotactic body radiotherapy (SBRT) or the exact 25 Gy in 5 fractions dosage, this approach falls under the umbrella of a standard palliative regimen for symptomatic relief, aligning with the guideline's strong recommendation to ""Offer radiotherapy for symptom control (palliation) in advanced disease."""	"NA
The guideline recommends palliative radiotherapy (RT) for local control in patients with metastatic penile cancer. However, it does not specify the radiotherapy technique or provide details on dosing schedules for this setting. The treatment recommendation suggests a specific advanced modality, Stereotactic Body Radiotherapy (SBRT), with a particular dose and fractionation (25 Gy in 5 fractions), which is not mentioned or discussed anywhere in the provided guideline."	"**Stance:** DR (Different Recommendation)

**Justification:** The guideline recommends radiotherapy (RT) for local control and palliative benefit in metastatic penile cancer. However, under ""Palliative RT,"" it specifically suggests a dose of 30 Gy in 10 fractions (PN-C). The guideline does not mention Stereotactic Body Radiotherapy (SBRT) or the different hypofractionated regimen of 25 Gy in 5 fractions proposed by the recommendation, thereby suggesting a different radiotherapy approach."
**Systemic Therapy (Radiotherapy for Penile Metastasis)**	Adjuvant radiotherapy (e.g., 30 Gy in 10 fractions) can be considered after surgery for Penile Metastasis (PM) to help prevent recurrence.	Piras et al. - 2024 - Stereotactic Radiotherapy for	"**Stance:** NA (Not Addressed)

**Justification:** The treatment recommendation specifies the use of adjuvant radiotherapy for penile metastasis (PM). The provided AUA guideline, however, explicitly focuses on the ""Treatment of Early Stage Squamous Cell Carcinoma of the Penis,"" covering non-invasive and localized disease (e.g., Tis, Ta, T1). The document details therapies such as topical treatments, laser ablation, and organ-preserving surgery but does not address the management of metastatic disease. Therefore, the guideline's scope does not include the clinical scenario described in the recommendation."	"**Stance:** R (Recommended)

**Justification:** The guideline does not recommend adjuvant radiotherapy for all patients after lymphadenectomy due to insufficient evidence. However, Recommendation 7.42 specifies that adjuvant radiotherapy ""can be considered"" (`kann... erwogen werden`) for patients at high risk of lymph node recurrence, such as those with a high number of metastases or extracapsular growth. This aligns with the treatment recommendation's suggestion that adjuvant radiotherapy ""can be considered"" to help prevent recurrence in patients with penile metastasis."	"NA (Not Addressed)

The guideline is focused on the diagnosis and management of primary penile squamous cell carcinoma (SCC) and its subsequent spread. While it briefly defines penile metastases as secondary tumors originating from other cancers (e.g., prostatic, bladder, or colorectal) on page 10, it does not provide any treatment recommendations for this specific clinical situation. All radiotherapy sections discuss its use for primary tumors or regional lymph node metastases from primary penile cancer, not for treating metastases *to* the penis from another primary site."	"DR (Different Recommendation)
The guideline recommends a different radiotherapy dosage and fractionation schedule compared to the treatment recommendation. While the guideline does consider adjuvant radiotherapy for regional lymph node metastases in high-risk (pN3) patients, it specifies a dose of ""at least 50 Gy in 2 Gy fractions or a biological equivalent dose in 1.8 Gy fractions."" Conversely, the treatment recommendation suggests a hypofractionated regimen (30 Gy in 10 fractions), which the guideline explicitly argues against, stating, ""There are no arguments to support hypofractionation."""	"**Stance:** DR (Different Recommendation)

**Justification:** The NCCN guideline recommends radiotherapy in the context of metastatic disease for palliative purposes or local control, not as an adjuvant therapy to prevent recurrence. The specific dose mentioned in the recommendation, ""30 Gy in 10 fractions,"" is explicitly listed under ""Palliative RT"" in the guideline's Principles of Radiotherapy (PN-C). The discussion section on metastatic disease further clarifies that the role of RT is considered ""mostly palliative"" (MS-17), which represents a different clinical intent than the adjuvant approach proposed in the recommendation."
**Systemic Therapy (for Refractory Disease)**	For patients with advanced or metastatic disease refractory to first-line chemotherapy, immunotherapy with immune checkpoint inhibitors (e.g., Avelumab, Nivolumab/Ipilimumab) may be considered, particularly for those with Microsatellite Instability-High (MSI-H) or high Tumor Mutational Burden (TMB-H).	Lu et al. - 2022 - PD-L1 is associated with the p; Taghizadeh and Fajkovic - 2025 - Immunotherapy in the Managemen	"NA (Not Addressed)
The guideline exclusively focuses on the ""Treatment of Early Stage Squamous Cell Carcinoma of the Penis,"" as stated in its title and learning objective. It details various local therapies like topical treatments, laser therapy, and organ-preserving surgeries for non-invasive and early-stage disease (Tis, Ta, T1). The treatment recommendation, however, pertains to a different patient population: those with ""advanced or metastatic disease"" refractory to chemotherapy, for whom it suggests immunotherapy. The guideline does not discuss the management of advanced or metastatic penile cancer, nor does it mention immunotherapy or immune checkpoint inhibitors."	"R (Recommended)
The guideline aligns with the recommendation. In the section on palliative systemic therapy, the guideline discusses second-line treatment options for refractory metastatic disease. It specifically states that for therapy with checkpoint inhibitors, there are no study results yet, but it can be useful to determine the microsatellite status to then begin immunotherapy, although it notes that microsatellite instability is rare in penile cancer (p. 79). This aligns with the recommendation to consider immunotherapy with checkpoint inhibitors for refractory patients, particularly those with MSI-H status."	"**Stance:** DR (Different Recommendation)

**Justification:** The guideline does not recommend immunotherapy with immune checkpoint inhibitors as a standard-of-care option for patients with advanced disease refractory to first-line chemotherapy. Instead, it describes these therapies as emerging and investigational, citing limited data from early-phase basket trials (Section 6.5.2.1). The guideline's formal and strong recommendation for this patient population is to ""Offer patients... the opportunity to enroll in clinical trials, including experimental therapies within phase I or basket trials"" (Section 6.5.4). This constitutes a different recommendation, as it endorses clinical trial enrollment to access experimental treatments rather than suggesting immunotherapy ""may be considered"" as part of routine clinical practice. Additionally, the guideline does not mention the use of specific biomarkers like MSI-H or TMB-H to guide treatment selection.
--------------------
**Stance:** R (Recommended)

**Justification:** The guideline supports the use of immunotherapy for patients with advanced penile cancer who have progressed on first-line chemotherapy, which aligns with the treatment recommendation. Specifically, Section 6.5.2.1 discusses immune-checkpoint blockade, including nivolumab and ipilimumab, as emerging potential treatment options with early evidence of activity from basket trials. While the guideline notes a lack of definitive data, its formal recommendation in Section 6.5.4 for patients with progressive disease is to ""Offer patients...the opportunity to enroll in clinical trials, including experimental therapies within phase I or basket trials,"" which is a strong endorsement for this approach in a controlled setting. The guideline does not, however, mention MSI-H or TMB-H as specific biomarkers for patient selection."	"R (Recommended)
The guideline supports the use of immunotherapy for specific patient populations with advanced or metastatic penile cancer. The ""Molecular profiling and immunotherapy"" section states that immunotherapy may be a useful strategy in chemo-resistant disease for patients with high Tumor Mutational Burden (TMB), Microsatellite Instability-High (MSI-H), or dMMR tumors. The formal recommendations further state that ""In selected patients whose tumours have a high TMB, MSI-H or dMMR, the use of anti-PD-L1 immunotherapy can be considered [V, C],"" which directly aligns with the proposed treatment recommendation."	"**DR (Different Recommendation)**

**Updated Summary:**  
The NCCN Penile Cancer v2.2025 guideline does endorse immune checkpoint inhibition in the subsequent‑line setting for metastatic/recurrent disease, but in a narrower and different form than the treatment recommendation. In PN‑D (3 of 5) and the Discussion (MS‑17–18), the guideline lists **pembrolizumab** as a preferred subsequent‑line regimen specifically for unresectable or metastatic **MSI‑H/dMMR or TMB‑H** tumors that have progressed after prior therapy, and allows use of any **tumor‑agnostic labels that cover penile cancer** based on NGS. It does **not** mention or recommend other checkpoint inhibitors such as **avelumab** or **nivolumab/ipilimumab** for penile cancer. Therefore, while both the recommendation and guideline support biomarker‑selected checkpoint blockade after first‑line chemotherapy, the guideline’s recommendation is limited to pembrolizumab (and future labeled agents) and does not align with the specific examples (avelumab, nivolumab/ipilimumab) given in the proposed treatment.
--------------------
**R (Recommended)**

**Justification:**
The NCCN guidelines support the use of immune checkpoint inhibitors for patients with metastatic penile cancer refractory to first-line chemotherapy. In the section ""Subsequent-Line Systemic Therapy for Metastatic/Recurrent Disease,"" the guideline lists Pembrolizumab as a preferred regimen for patients whose tumors are microsatellite instability-high (MSI-H), mismatch repair-deficient (dMMR), or tumor mutational burden-high (TMB-H). This directly aligns with the treatment recommendation to consider immunotherapy for this specific patient population based on the same biomarkers."
**Systemic Therapy (Targeted / Immunotherapy - Investigational)**	Based on molecular profiles, the following are proposed: PARP inhibitors for defective DNA repair/MSI; mTOR inhibitors for *TP53*-mutated tumors; EGFR/COX2 inhibitors for tumors with alterations in *ADAM6/EGFR/COX2*; and imatinib for *PDGFA*-mutated tumors.	Ribera-Cortada et al. - 2021 - Pathogenesis of Penile Squamou	"NA (Not Addressed)

The AUA guideline focuses exclusively on the treatment of early-stage (Tis, Ta, T1) squamous cell carcinoma of the penis. It details local therapies such as topical treatments (5-FU, imiquimod), laser therapy, and surgical options (e.g., circumcision, glansectomy). The recommendation, however, proposes the use of systemic, molecularly targeted therapies like PARP inhibitors and mTOR inhibitors based on specific genetic mutations. As the guideline's scope is limited to early-stage disease and its associated local treatments, it does not address these advanced systemic or targeted therapies at all."	"**Stance:** DR (Different Recommendation)

**Justification:** The guideline recommends standard, Cisplatin-based polychemotherapy for metastatic penile cancer (Empfehlung 7.52, 7.54). It explicitly states that there are currently no molecular markers that can be recommended for routine diagnostics to guide treatment (Statement 4.9). While the guideline acknowledges research into targets like EGFR and MSI, it concludes there is no approved targeted therapy and the data is insufficient for specific recommendations. The proposed molecularly-profiled treatments, such as PARP inhibitors or mTOR inhibitors, are not mentioned or endorsed."	"DR (Different Recommendation)

The guideline suggests a different, more cautious approach to targeted therapies. While it acknowledges that EGFR inhibitors have been tested with sporadic activity reported, it emphasizes that currently, limited additional systemic options exist and specific actionable genetic alterations are rare. The guideline explicitly states that for the most frequently identified actionable alteration (PIK3CA), ""no data currently support the use of selected targeted agents"" (page 36, section 6.5.2.2). It does not mention or endorse the other specific molecularly-profiled treatments proposed in the recommendation, such as PARP inhibitors, mTOR inhibitors, or imatinib."	"DR (Different Recommendation)

The guideline recommends a different approach based on molecular profiling than the one proposed. The guideline's recommendations focus on using biomarkers like TMB, MSI-H, or dMMR to identify candidates for anti-PD-L1 immunotherapy. It also generally advises considering biomarker-selected clinical trials. In contrast, the treatment recommendation suggests a specific list of targeted therapies (e.g., PARP inhibitors, mTOR inhibitors, imatinib) based on various genetic alterations, none of which are specifically endorsed or mentioned in the guideline."	"DR (Different Recommendation)
The guideline supports the general principle of using molecular profiling for metastatic disease to identify ""rare and actionable mutations and fusions"" (PN-10) and using tumor-agnostic therapies based on NGS results (PN-D 3 of 5). However, it does not recommend the specific drug-mutation pairings listed in the recommendation. For example, for MSI-H/dMMR tumors, the guideline recommends the immune checkpoint inhibitor pembrolizumab, not PARP inhibitors as proposed (PN-D 3 of 5). While cetuximab (an EGFR inhibitor) is mentioned as a subsequent-line option, it is not specifically linked to *EGFR/COX2* alterations, and the other proposed targeted therapies (mTOR inhibitors, imatinib) are not mentioned at all."
**Systemic Therapy (Targeted / Immunotherapy - Investigational)**	For patients with NOTCH1-mutated tumors, enrollment in clinical trials focused on PI3K/mTOR inhibitors is suggested.	Ribera-Cortada et al. - 2021 - Pathogenesis of Penile Squamou	"**Stance:** NA (Not Addressed)

**Justification:** The AUA Update Series guideline focuses on the treatment of early-stage squamous cell carcinoma of the penis. Its recommendations are based on clinical stage, grade, and lesion location, covering topical therapies, laser ablation, various surgical approaches, and radiation. The document does not address the molecular or genetic basis of penile cancer, and therefore makes no mention of specific mutations like NOTCH1, targeted therapies such as PI3K/mTOR inhibitors, or enrollment in clinical trials based on these factors."	"NA (Not Addressed)

**Justification:**
The guideline does not address the use of PI3K/mTOR inhibitors for patients with NOTCH1-mutated penile cancer. The section on molecular biology (4.4.4) states that no molecular markers are currently recommended for routine diagnostics. While the section on palliative systemic therapy (7.3.1) discusses various targeted therapies (e.g., EGFR inhibitors, checkpoint inhibitors), it makes no mention of NOTCH1 mutations or the PI3K/mTOR pathway as a potential therapeutic target. Therefore, the specific recommendation is not addressed in the guideline."	"NA (Not Addressed)

**Justification:**
The EAU-ASCO guideline does not mention NOTCH1 mutations as a target for therapy in penile cancer. In the section on ""Targeted therapies"" (6.5.2.2), the guideline states that specific actionable genetic alterations are rare. While it does mention PIK3CA gene alterations (related to the PI3K pathway), it explicitly concludes that ""no data currently support the use of selected targeted agents in this disease."" Therefore, the specific recommendation to enroll patients with NOTCH1 mutations in trials for PI3K/mTOR inhibitors is not addressed."	"NA (Not Addressed)

The guideline discusses molecular profiling for metastatic penile cancer, recommending biomarker-selected clinical trials where available. It specifically mentions considering anti-PD-L1 immunotherapy for patients with tumors that have a high tumor mutational burden (TMB), are microsatellite instability-high (MSI-H), or are mismatch repair deficient (dMMR). However, the guideline does not mention NOTCH1 mutations or the use of PI3K/mTOR inhibitors as a potential therapeutic strategy for this specific patient subgroup."	"**Stance:** NA (Not Addressed)

**Justification:** The guideline does not mention NOTCH1 mutations or the use of PI3K/mTOR inhibitors for treating penile cancer. While the guideline does recommend considering broad molecular/genomic testing to identify ""rare and actionable mutations and fusions"" for metastatic disease (PN-10) and strongly encourages participation in clinical trials (PN-10, MS-18), it does not specify any particular mutations (like NOTCH1) or targeted therapies (like PI3K/mTOR inhibitors). Therefore, this specific recommendation is not addressed."
